// AUTO-GENERATED by scripts/fetch_fonts.py. Do not edit.
//
// Inter (SIL Open Font License 1.1) subset to Latin-1 plus the typographic
// punctuation and symbols the UI draws, instantiated at wght 450 / opsz 20 so
// no variable-font tables ride along. Chinese is not here: it comes from the
// device's own CJK font, merged on top at runtime.
//
// Font Awesome 6 Free Solid (SIL Open Font License 1.1) subset to the icons
// listed in the script.
#pragma once

namespace aimgui::font_data {

inline constexpr unsigned char kUiFont[20816] = {
    0x00, 0x01, 0x00, 0x00, 0x00, 0x0d, 0x00, 0x80, 0x00, 0x03, 0x00, 0x50, 0x4f, 0x53, 0x2f, 0x32,
    0x11, 0x87, 0x1a, 0x73, 0x00, 0x00, 0x01, 0x58, 0x00, 0x00, 0x00, 0x60, 0x53, 0x54, 0x41, 0x54,
    0x54, 0x1b, 0x40, 0x07, 0x00, 0x00, 0x51, 0x04, 0x00, 0x00, 0x00, 0x4c, 0x63, 0x6d, 0x61, 0x70,
    0x6a, 0xff, 0x41, 0x5b, 0x00, 0x00, 0x05, 0xb8, 0x00, 0x00, 0x02, 0xaa, 0x67, 0x61, 0x73, 0x70,
    0x00, 0x00, 0x00, 0x10, 0x00, 0x00, 0x50, 0xfc, 0x00, 0x00, 0x00, 0x08, 0x67, 0x6c, 0x79, 0x66,
    0x07, 0x63, 0xcc, 0xc4, 0x00, 0x00, 0x0a, 0x70, 0x00, 0x00, 0x41, 0xce, 0x68, 0x65, 0x61, 0x64,
    0x30, 0x72, 0xfe, 0x4a, 0x00, 0x00, 0x00, 0xdc, 0x00, 0x00, 0x00, 0x36, 0x68, 0x68, 0x65, 0x61,
    0x10, 0x04, 0x0e, 0x15, 0x00, 0x00, 0x01, 0x14, 0x00, 0x00, 0x00, 0x24, 0x68, 0x6d, 0x74, 0x78,
    0x7d, 0x8c, 0x6a, 0xe1, 0x00, 0x00, 0x01, 0xb8, 0x00, 0x00, 0x04, 0x00, 0x6c, 0x6f, 0x63, 0x61,
    0x32, 0x77, 0x22, 0xbd, 0x00, 0x00, 0x08, 0x6c, 0x00, 0x00, 0x02, 0x02, 0x6d, 0x61, 0x78, 0x70,
    0x01, 0x12, 0x00, 0xbc, 0x00, 0x00, 0x01, 0x38, 0x00, 0x00, 0x00, 0x20, 0x6e, 0x61, 0x6d, 0x65,
    0x7f, 0xb7, 0xa7, 0x30, 0x00, 0x00, 0x4c, 0x40, 0x00, 0x00, 0x04, 0x9a, 0x70, 0x6f, 0x73, 0x74,
    0xfe, 0xdc, 0x00, 0x95, 0x00, 0x00, 0x50, 0xdc, 0x00, 0x00, 0x00, 0x20, 0x70, 0x72, 0x65, 0x70,
    0x68, 0x06, 0x8c, 0x85, 0x00, 0x00, 0x08, 0x64, 0x00, 0x00, 0x00, 0x07, 0x00, 0x01, 0x00, 0x00,
    0x00, 0x04, 0x00, 0x42, 0x1a, 0x13, 0x6c, 0xba, 0x5f, 0x0f, 0x3c, 0xf5, 0x00, 0x03, 0x08, 0x00,
    0x00, 0x00, 0x00, 0x00, 0xe2, 0x76, 0x87, 0x90, 0x00, 0x00, 0x00, 0x00, 0xe6, 0xa1, 0x2b, 0x66,
    0xfe, 0x5b, 0xfe, 0x20, 0x09, 0xe6, 0x07, 0xfa, 0x00, 0x00, 0x00, 0x03, 0x00, 0x02, 0x00, 0x00,
    0x00, 0x00, 0x00, 0x00, 0x00, 0x01, 0x00, 0x00, 0x07, 0xc0, 0xfe, 0x12, 0x00, 0x00, 0x0a, 0xa6,
    0xfe, 0x5b, 0xfc, 0x5d, 0x09, 0xe6, 0x08, 0x00, 0x00, 0x00, 0x00, 0x00, 0x00, 0x00, 0x00, 0x00,
    0x00, 0x00, 0x00, 0x00, 0x00, 0x00, 0x01, 0x00, 0x00, 0x01, 0x00, 0x00, 0x01, 0x00, 0x00, 0x64,
    0x00, 0x0a, 0x00, 0x56, 0x00, 0x04, 0x00, 0x01, 0x00, 0x00, 0x00, 0x00, 0x00, 0x00, 0x00, 0x00,
    0x00, 0x00, 0x00, 0x00, 0x00, 0x03, 0x00, 0x01, 0x00, 0x04, 0x05, 0x04, 0x01, 0xc2, 0x00, 0x05,
    0x00, 0x00, 0x05, 0x33, 0x04, 0xcd, 0x00, 0x00, 0x00, 0x9a, 0x05, 0x33, 0x04, 0xcd, 0x00, 0x00,
    0x02, 0xcd, 0x00, 0x95, 0x02, 0x93, 0x00, 0x00, 0x02, 0x00, 0x05, 0x03, 0x00, 0x00, 0x00, 0x02,
    0x00, 0x04, 0x80, 0x00, 0x00, 0x03, 0x00, 0x00, 0xa0, 0x6a, 0x00, 0x00, 0x00, 0x00, 0x00, 0x00,
    0x00, 0x00, 0x52, 0x53, 0x4d, 0x53, 0x00, 0xc0, 0x00, 0x20, 0x27, 0x13, 0x07, 0xc0, 0xfe, 0x12,
    0x00, 0x00, 0x08, 0xdd, 0x02, 0x94, 0x00, 0x00, 0x00, 0x01, 0x00, 0x00, 0x00, 0x00, 0x04, 0x49,
    0x05, 0xd2, 0x00, 0x00, 0x00, 0x20, 0x00, 0x0c, 0x05, 0x40, 0x01, 0x48, 0x05, 0x80, 0x00, 0x28,
    0x05, 0x80, 0x00, 0x28, 0x05, 0x80, 0x00, 0x28, 0x05, 0x80, 0x00, 0x28, 0x05, 0x80, 0x00, 0x28,
    0x05, 0x80, 0x00, 0x28, 0x05, 0x80, 0x00, 0x28, 0x07, 0xed, 0x00, 0x28, 0x05, 0x33, 0x00, 0xa2,
    0x05, 0xd5, 0x00, 0x6b, 0x05, 0xd5, 0x00, 0x6b, 0x05, 0xb1, 0x00, 0xa2, 0x04, 0xc5, 0x00, 0xa2,
    0x04, 0xc5, 0x00, 0xa2, 0x04, 0xc5, 0x00, 0xa2, 0x04, 0xc5, 0x00, 0xa2, 0x04, 0xc5, 0x00, 0xa2,
    0x04, 0xa3, 0x00, 0xa2, 0x05, 0xef, 0x00, 0x6b, 0x05, 0xdc, 0x00, 0xa2, 0x02, 0x13, 0x00, 0xa2,
    0x02, 0x13, 0xff, 0xba, 0x02, 0x13, 0xff, 0xf9, 0x02, 0x13, 0x00, 0xa2, 0x02, 0x13, 0xff, 0xbf,
    0x04, 0x7f, 0x00, 0x57, 0x05, 0x57, 0x00, 0xa2, 0x04, 0x74, 0x00, 0xa2, 0x07, 0x25, 0x00, 0xa2,
    0x05, 0xed, 0x00, 0xa2, 0x05, 0xed, 0x00, 0xa2, 0x06, 0x14, 0x00, 0x6b, 0x06, 0x14, 0x00, 0x6b,
    0x06, 0x14, 0x00, 0x6b, 0x06, 0x14, 0x00, 0x6b, 0x06, 0x14, 0x00, 0x6b, 0x06, 0x14, 0x00, 0x6b,
    0x06, 0x14, 0x00, 0x6b, 0x05, 0x0e, 0x00, 0xa2, 0x06, 0x16, 0x00, 0x6b, 0x05, 0x23, 0x00, 0xa2,
    0x05, 0x17, 0x00, 0x63, 0x05, 0x1a, 0x00, 0x4f, 0x05, 0xd5, 0x00, 0xa0, 0x05, 0xd5, 0x00, 0xa0,
    0x05, 0xd5, 0x00, 0xa0, 0x05, 0xd5, 0x00, 0xa0, 0x05, 0xd5, 0x00, 0xa0, 0x05, 0x7f, 0x00, 0x28,
    0x07, 0xdb, 0x00, 0x28, 0x05, 0x6f, 0x00, 0x2d, 0x05, 0x67, 0x00, 0x28, 0x05, 0x67, 0x00, 0x28,
    0x05, 0x08, 0x00, 0x68, 0x04, 0x68, 0x00, 0x53, 0x04, 0x68, 0x00, 0x53, 0x04, 0x68, 0x00, 0x53,
    0x04, 0x68, 0x00, 0x53, 0x04, 0x68, 0x00, 0x53, 0x04, 0x68, 0x00, 0x53, 0x04, 0x68, 0x00, 0x53,
    0x07, 0x38, 0x00, 0x53, 0x04, 0xce, 0x00, 0x8f, 0x04, 0xce, 0x00, 0x8f, 0x04, 0x79, 0x00, 0x5a,
    0x04, 0x79, 0x00, 0x5a, 0x04, 0xce, 0x00, 0x5a, 0x04, 0x90, 0x00, 0x5a, 0x04, 0x90, 0x00, 0x5a,
    0x04, 0x90, 0x00, 0x5a, 0x04, 0x90, 0x00, 0x5a, 0x04, 0x90, 0x00, 0x5a, 0x02, 0xd8, 0x00, 0x12,
    0x04, 0xcf, 0x00, 0x5a, 0x04, 0xa8, 0x00, 0x8f, 0x01, 0xe2, 0x00, 0x70, 0x01, 0xe2, 0x00, 0x8f,
    0x01, 0xe2, 0xff, 0xa2, 0x01, 0xe2, 0xff, 0xe1, 0x01, 0xe2, 0x00, 0x8f, 0x01, 0xe2, 0xff, 0xa7,
    0x01, 0xe2, 0xff, 0xd8, 0x01, 0xe2, 0xff, 0xd8, 0x04, 0x54, 0x00, 0x8f, 0x01, 0xe2, 0x00, 0x8f,
    0x06, 0xf6, 0x00, 0x8f, 0x04, 0xa8, 0x00, 0x8f, 0x04, 0xa8, 0x00, 0x8f, 0x04, 0xb0, 0x00, 0x5a,
    0x04, 0xb0, 0x00, 0x5a, 0x04, 0xb0, 0x00, 0x5a, 0x04, 0xb0, 0x00, 0x48, 0x04, 0xb0, 0x00, 0x5a,
    0x04, 0xb0, 0x00, 0x5a, 0x04, 0xb0, 0x00, 0x5a, 0x04, 0xce, 0x00, 0x8f, 0x04, 0xce, 0x00, 0x5a,
    0x02, 0xeb, 0x00, 0x8f, 0x04, 0x21, 0x00, 0x5d, 0x04, 0xe2, 0x00, 0xa2, 0x02, 0xa2, 0x00, 0x12,
    0x04, 0xa8, 0x00, 0x8f, 0x04, 0xa8, 0x00, 0x8f, 0x04, 0xa8, 0x00, 0x8f, 0x04, 0xa8, 0x00, 0x8f,
    0x04, 0xa8, 0x00, 0x8f, 0x04, 0xa8, 0x00, 0x8f, 0x04, 0x6a, 0x00, 0x2a, 0x06, 0x6d, 0x00, 0x33,
    0x04, 0x4f, 0x00, 0x32, 0x04, 0x6b, 0x00, 0x2a, 0x04, 0x6b, 0x00, 0x2a, 0x04, 0x6b, 0x00, 0x2a,
    0x04, 0x42, 0x00, 0x73, 0x05, 0x0a, 0x00, 0x98, 0x04, 0x98, 0x00, 0x5a, 0x05, 0x17, 0x00, 0x63,
    0x04, 0x79, 0x00, 0x5a, 0x04, 0x57, 0x00, 0x14, 0x04, 0xd9, 0x00, 0x61, 0x05, 0x46, 0x00, 0x2b,
    0x05, 0x0e, 0x00, 0x6b, 0x03, 0x2b, 0x00, 0x4f, 0x04, 0xc8, 0x00, 0x7f, 0x04, 0xed, 0x00, 0x6f,
    0x05, 0x23, 0x00, 0x60, 0x04, 0xbd, 0x00, 0x6b, 0x04, 0xe8, 0x00, 0x6b, 0x04, 0x6c, 0x00, 0x4f,
    0x04, 0xe5, 0x00, 0x6b, 0x04, 0xe8, 0x00, 0x6b, 0x05, 0x19, 0x00, 0x5a, 0x02, 0x2d, 0x00, 0x8c,
    0x02, 0x31, 0x00, 0x8c, 0x04, 0x30, 0x00, 0x4c, 0x04, 0x30, 0x00, 0x61, 0x02, 0xc5, 0x00, 0xbc,
    0x02, 0xc5, 0x00, 0x4f, 0x02, 0xc5, 0x00, 0xc5, 0x02, 0xc5, 0x00, 0x69, 0x03, 0x5d, 0x00, 0x85,
    0x03, 0x5d, 0x00, 0x69, 0x07, 0xcf, 0x00, 0x6b, 0x05, 0x00, 0x00, 0x16, 0x05, 0xc3, 0x00, 0x70,
    0x02, 0xd5, 0x00, 0x21, 0x02, 0x9f, 0x00, 0xf8, 0x02, 0x29, 0x00, 0xb9, 0x02, 0xd5, 0x00, 0x21,
    0x03, 0x9c, 0x00, 0x85, 0x04, 0x00, 0x00, 0x00, 0x08, 0x00, 0x00, 0x00, 0x08, 0x00, 0x00, 0x00,
    0x04, 0x39, 0x00, 0xdd, 0x01, 0xf5, 0x00, 0x85, 0x01, 0xf5, 0x00, 0x85, 0x02, 0x52, 0x00, 0xc4,
    0x03, 0xab, 0x00, 0xc4, 0x03, 0x62, 0x00, 0x85, 0x03, 0x60, 0x00, 0x85, 0x03, 0x3a, 0x00, 0x5f,
    0x01, 0xd0, 0x00, 0x5f, 0x01, 0xc3, 0x00, 0x5e, 0x03, 0x83, 0x00, 0x5e, 0x02, 0x2d, 0x00, 0x66,
    0x02, 0x2d, 0x00, 0x8c, 0x06, 0x86, 0x00, 0x8c, 0x02, 0x2d, 0x00, 0x8c, 0x02, 0x40, 0x00, 0x66,
    0x02, 0x2d, 0x00, 0x8c, 0x02, 0xfc, 0x00, 0x55, 0x02, 0xfc, 0x00, 0x42, 0x04, 0x9d, 0x00, 0x55,
    0x04, 0x9d, 0x00, 0x42, 0x05, 0x3b, 0x00, 0xa5, 0x05, 0x3b, 0x00, 0xdb, 0x05, 0x3b, 0x00, 0xc0,
    0x05, 0x3b, 0x00, 0xc0, 0x05, 0x3b, 0x00, 0xd3, 0x05, 0x3b, 0x00, 0xd3, 0x05, 0x3b, 0x00, 0xb7,
    0x05, 0x3b, 0x00, 0xc1, 0x05, 0x3b, 0x00, 0xc4, 0x05, 0x3b, 0x00, 0xc0, 0x05, 0x3b, 0x00, 0x9b,
    0x05, 0x3b, 0x00, 0x9a, 0x05, 0x3b, 0x00, 0xda, 0x03, 0xac, 0x00, 0x00, 0x03, 0xf8, 0x00, 0x70,
    0x03, 0xf8, 0x00, 0x70, 0x03, 0xb4, 0x00, 0x46, 0x04, 0x01, 0x00, 0x70, 0x05, 0x3c, 0x00, 0x58,
    0x07, 0x3c, 0x00, 0x9e, 0x04, 0xd7, 0x00, 0x48, 0x03, 0x91, 0x00, 0x75, 0x03, 0x90, 0x00, 0x3f,
    0x03, 0xc7, 0x00, 0x44, 0x04, 0xb7, 0x00, 0x5b, 0x04, 0x77, 0x00, 0x6b, 0x07, 0x74, 0x00, 0x5a,
    0x02, 0x59, 0x00, 0x55, 0x03, 0x68, 0x00, 0x62, 0x03, 0x79, 0x00, 0x5e, 0x01, 0x67, 0xfe, 0x5b,
    0x02, 0x0e, 0x00, 0x44, 0x02, 0xea, 0x00, 0x57, 0x03, 0x07, 0x00, 0x58, 0x03, 0x21, 0x00, 0x4f,
    0x06, 0x98, 0x00, 0x44, 0x06, 0x47, 0x00, 0x44, 0x06, 0xea, 0x00, 0x58, 0x07, 0x8f, 0x00, 0xc0,
    0x0a, 0x5d, 0x00, 0xc0, 0x02, 0x6d, 0x00, 0x8d, 0x02, 0x6d, 0x00, 0x7c, 0x04, 0xa8, 0x01, 0x04,
    0x03, 0x97, 0x00, 0xb5, 0x02, 0x31, 0x00, 0xa1, 0x00, 0x00, 0x00, 0x8d, 0x00, 0x00, 0x00, 0x7c,
    0x00, 0x00, 0x00, 0xb5, 0x00, 0x00, 0x00, 0xcf, 0x02, 0x1d, 0x00, 0x00, 0x02, 0x1d, 0x00, 0x00,
    0x07, 0x8e, 0x00, 0xc0, 0x07, 0x8e, 0x00, 0xf6, 0x0a, 0xa6, 0x00, 0xc0, 0x06, 0xb0, 0x00, 0xc0,
    0x06, 0xb0, 0x00, 0xc0, 0x06, 0xfc, 0x00, 0xd0, 0x08, 0x0c, 0x00, 0x5e, 0x08, 0x0c, 0x00, 0x5e,
    0x07, 0x4c, 0x00, 0x5a, 0x07, 0x4c, 0x00, 0xb9, 0x08, 0x0c, 0x00, 0x5e, 0x08, 0x0c, 0x00, 0x5e,
    0x08, 0x29, 0x00, 0x3b, 0x07, 0x3c, 0x00, 0x9e, 0x07, 0x3c, 0x00, 0x9e, 0x07, 0x3c, 0x00, 0xb6,
    0x07, 0x3c, 0x00, 0xb6, 0x08, 0x57, 0x00, 0x59, 0x05, 0xe2, 0x00, 0x15, 0x02, 0xea, 0x00, 0x2f,
    0x02, 0xea, 0x00, 0x2f, 0x00, 0x00, 0x01, 0x04, 0x00, 0x00, 0x00, 0x72, 0x00, 0x00, 0x00, 0x5b,
    0x00, 0x00, 0x00, 0x35, 0x00, 0x00, 0x00, 0xa1, 0x00, 0x00, 0x00, 0x35, 0x04, 0xdd, 0xff, 0xff,
    0x04, 0xae, 0x00, 0x47, 0x03, 0x6c, 0x00, 0x32, 0x00, 0x00, 0x00, 0x02, 0x00, 0x00, 0x00, 0x03,
    0x00, 0x00, 0x00, 0x14, 0x00, 0x03, 0x00, 0x01, 0x00, 0x00, 0x00, 0x14, 0x00, 0x04, 0x02, 0x96,
    0x00, 0x00, 0x00, 0x40, 0x00, 0x40, 0x00, 0x05, 0x00, 0x00, 0x00, 0x2f, 0x00, 0x39, 0x00, 0x7e,
    0x00, 0xac, 0x00, 0xff, 0x20, 0x11, 0x20, 0x15, 0x20, 0x1a, 0x20, 0x1e, 0x20, 0x22, 0x20, 0x26,
    0x20, 0x30, 0x20, 0x33, 0x20, 0x3a, 0x20, 0xac, 0x21, 0x22, 0x21, 0x94, 0x22, 0x1e, 0x22, 0x48,
    0x22, 0x60, 0x22, 0x65, 0x25, 0xa1, 0x25, 0xb3, 0x25, 0xb6, 0x25, 0xbd, 0x25, 0xc0, 0x25, 0xc6,
    0x25, 0xcb, 0x25, 0xcf, 0x26, 0xa0, 0x27, 0x13, 0xff, 0xff, 0x00, 0x00, 0x00, 0x20, 0x00, 0x30,
    0x00, 0x3a, 0x00, 0xa0, 0x00, 0xae, 0x20, 0x10, 0x20, 0x13, 0x20, 0x18, 0x20, 0x1c, 0x20, 0x20,
    0x20, 0x26, 0x20, 0x30, 0x20, 0x32, 0x20, 0x39, 0x20, 0xac, 0x21, 0x22, 0x21, 0x90, 0x22, 0x1e,
    0x22, 0x48, 0x22, 0x60, 0x22, 0x64, 0x25, 0xa0, 0x25, 0xb2, 0x25, 0xb6, 0x25, 0xbc, 0x25, 0xc0,
    0x25, 0xc6, 0x25, 0xcb, 0x25, 0xcf, 0x26, 0xa0, 0x27, 0x13, 0xff, 0xff, 0x00, 0x00, 0x00, 0x4a,
    0x00, 0x00, 0x00, 0x00, 0x00, 0x00, 0xe0, 0xe5, 0xe0, 0x84, 0x00, 0x00, 0xe0, 0x83, 0x00, 0x00,
    0xe0, 0x81, 0xe0, 0xa6, 0xe0, 0x71, 0xe0, 0x72, 0xdf, 0xcd, 0xdf, 0xa1, 0x00, 0x00, 0xde, 0xab,
    0xde, 0x71, 0xde, 0x54, 0xde, 0x4d, 0xdb, 0x51, 0x00, 0x00, 0xdb, 0x35, 0x00, 0x00, 0xdb, 0x2a,
    0xdb, 0x2d, 0xdb, 0x25, 0xdb, 0x20, 0xda, 0x4e, 0xd9, 0xd4, 0x00, 0x01, 0x00, 0x40, 0x00, 0x00,
    0x00, 0x5c, 0x00, 0xe4, 0x00, 0xfc, 0x00, 0x00, 0x00, 0x00, 0x01, 0x9a, 0x00, 0x00, 0x01, 0x9c,
    0x00, 0x00, 0x00, 0x00, 0x00, 0x00, 0x00, 0x00, 0x00, 0x00, 0x00, 0x00, 0x01, 0x94, 0x00, 0x00,
    0x00, 0x00, 0x00, 0x00, 0x00, 0x00, 0x00, 0x00, 0x01, 0x92, 0x00, 0x00, 0x01, 0x92, 0x00, 0x00,
    0x00, 0x00, 0x00, 0x00, 0x00, 0x00, 0x00, 0x00, 0x00, 0x00, 0x00, 0x00, 0x00, 0xe0, 0x00, 0x85,
    0x00, 0x9e, 0x00, 0x90, 0x00, 0x75, 0x00, 0xd5, 0x00, 0x84, 0x00, 0x9d, 0x00, 0x89, 0x00, 0x8a,
    0x00, 0xc0, 0x00, 0xb5, 0x00, 0xa5, 0x00, 0x96, 0x00, 0xa6, 0x00, 0x92, 0x00, 0xa8, 0x00, 0xa9,
    0x00, 0xaf, 0x00, 0xb3, 0x00, 0xb0, 0x00, 0x87, 0x00, 0x8f, 0x00, 0x01, 0x00, 0x09, 0x00, 0x0a,
    0x00, 0x0c, 0x00, 0x0d, 0x00, 0x12, 0x00, 0x13, 0x00, 0x14, 0x00, 0x15, 0x00, 0x1a, 0x00, 0x1b,
    0x00, 0x1c, 0x00, 0x1d, 0x00, 0x1e, 0x00, 0x20, 0x00, 0x27, 0x00, 0x28, 0x00, 0x29, 0x00, 0x2a,
    0x00, 0x2b, 0x00, 0x2c, 0x00, 0x31, 0x00, 0x32, 0x00, 0x33, 0x00, 0x34, 0x00, 0x36, 0x00, 0x8b,
    0x00, 0x95, 0x00, 0x8c, 0x00, 0xbf, 0x00, 0xbc, 0x00, 0xd8, 0x00, 0x37, 0x00, 0x3f, 0x00, 0x41,
    0x00, 0x43, 0x00, 0x44, 0x00, 0x49, 0x00, 0x4a, 0x00, 0x4b, 0x00, 0x4c, 0x00, 0x53, 0x00, 0x54,
    0x00, 0x55, 0x00, 0x56, 0x00, 0x57, 0x00, 0x59, 0x00, 0x60, 0x00, 0x61, 0x00, 0x62, 0x00, 0x63,
    0x00, 0x65, 0x00, 0x66, 0x00, 0x6c, 0x00, 0x6d, 0x00, 0x6e, 0x00, 0x6f, 0x00, 0x72, 0x00, 0x8d,
    0x00, 0x93, 0x00, 0x8e, 0x00, 0xba, 0x00, 0xe1, 0x00, 0x86, 0x00, 0x76, 0x00, 0x78, 0x00, 0x91,
    0x00, 0x77, 0x00, 0x94, 0x00, 0xc8, 0x00, 0xd9, 0x00, 0xc2, 0x00, 0xc5, 0x00, 0xad, 0x00, 0xbb,
    0x00, 0xc1, 0x00, 0xda, 0x00, 0xc4, 0x00, 0xb8, 0x00, 0xcb, 0x00, 0xcc, 0x00, 0xd7, 0x00, 0x68,
    0x00, 0xc7, 0x00, 0xaa, 0x00, 0xdb, 0x00, 0xca, 0x00, 0xc6, 0x00, 0xae, 0x00, 0xd3, 0x00, 0xd2,
    0x00, 0xd4, 0x00, 0x88, 0x00, 0x04, 0x00, 0x05, 0x00, 0x06, 0x00, 0x03, 0x00, 0x02, 0x00, 0x07,
    0x00, 0x08, 0x00, 0x0b, 0x00, 0x0e, 0x00, 0x0f, 0x00, 0x10, 0x00, 0x11, 0x00, 0x17, 0x00, 0x18,
    0x00, 0x19, 0x00, 0x16, 0x00, 0xf4, 0x00, 0x1f, 0x00, 0x24, 0x00, 0x25, 0x00, 0x26, 0x00, 0x22,
    0x00, 0x21, 0x00, 0xb6, 0x00, 0x23, 0x00, 0x2d, 0x00, 0x2e, 0x00, 0x2f, 0x00, 0x30, 0x00, 0x35,
    0x00, 0x73, 0x00, 0x64, 0x00, 0x3b, 0x00, 0x38, 0x00, 0x39, 0x00, 0x3d, 0x00, 0x3a, 0x00, 0x3c,
    0x00, 0x3e, 0x00, 0x42, 0x00, 0x46, 0x00, 0x47, 0x00, 0x48, 0x00, 0x45, 0x00, 0x4f, 0x00, 0x50,
    0x00, 0x51, 0x00, 0x4e, 0x00, 0x74, 0x00, 0x58, 0x00, 0x5d, 0x00, 0x5e, 0x00, 0x5f, 0x00, 0x5b,
    0x00, 0x5a, 0x00, 0xb7, 0x00, 0x5c, 0x00, 0x69, 0x00, 0x6a, 0x00, 0x6b, 0x00, 0x67, 0x00, 0x71,
    0x00, 0x40, 0x00, 0x70, 0x00, 0x9b, 0x00, 0x9c, 0x00, 0xa2, 0x00, 0xbd, 0x00, 0xbe, 0x00, 0x9a,
    0x00, 0xe2, 0x00, 0xe5, 0x00, 0xe3, 0x00, 0xe6, 0x00, 0xe4, 0x00, 0xe9, 0x00, 0xed, 0x00, 0xe8,
    0x00, 0xec, 0x00, 0x00, 0xb8, 0x01, 0xff, 0x85, 0xb0, 0x04, 0x8d, 0x00, 0x00, 0x00, 0x00, 0x6a,
    0x00, 0x8f, 0x00, 0x9b, 0x00, 0xa7, 0x00, 0xb3, 0x00, 0xbf, 0x00, 0xcb, 0x00, 0xd7, 0x00, 0xfc,
    0x01, 0x39, 0x01, 0x73, 0x01, 0x7f, 0x01, 0xac, 0x01, 0xc3, 0x01, 0xcf, 0x01, 0xdb, 0x01, 0xe7,
    0x01, 0xf3, 0x02, 0x08, 0x02, 0x46, 0x02, 0x5d, 0x02, 0x6b, 0x02, 0x77, 0x02, 0x83, 0x02, 0x8f,
    0x02, 0x9b, 0x02, 0xb8, 0x02, 0xe6, 0x02, 0xf5, 0x03, 0x3c, 0x03, 0x6a, 0x03, 0x76, 0x03, 0xae,
    0x03, 0xba, 0x03, 0xc6, 0x03, 0xd2, 0x03, 0xde, 0x03, 0xea, 0x03, 0xf6, 0x04, 0x1c, 0x04, 0x61,
    0x04, 0x90, 0x04, 0xda, 0x04, 0xec, 0x05, 0x11, 0x05, 0x1d, 0x05, 0x29, 0x05, 0x35, 0x05, 0x41,
    0x05, 0x61, 0x05, 0xa1, 0x05, 0xd9, 0x05, 0xfb, 0x06, 0x07, 0x06, 0x31, 0x06, 0x83, 0x06, 0x8f,
    0x06, 0x9b, 0x06, 0xa6, 0x06, 0xb2, 0x06, 0xbe, 0x06, 0xc9, 0x07, 0x3f, 0x07, 0x79, 0x07, 0xb4,
    0x07, 0xed, 0x07, 0xf9, 0x08, 0x33, 0x08, 0x6e, 0x08, 0x79, 0x08, 0x85, 0x08, 0x91, 0x08, 0x9d,
    0x08, 0xc2, 0x09, 0x10, 0x09, 0x36, 0x09, 0x41, 0x09, 0x4d, 0x09, 0x59, 0x09, 0x65, 0x09, 0x70,
    0x09, 0x7c, 0x09, 0x93, 0x09, 0x9e, 0x09, 0xc1, 0x09, 0xcf, 0x0a, 0x0b, 0x0a, 0x31, 0x0a, 0x3c,
    0x0a, 0x70, 0x0a, 0x7b, 0x0a, 0x86, 0x0a, 0x91, 0x0a, 0x9d, 0x0a, 0xa9, 0x0a, 0xb5, 0x0a, 0xf0,
    0x0b, 0x2b, 0x0b, 0x4b, 0x0b, 0x8d, 0x0b, 0xc9, 0x0b, 0xec, 0x0c, 0x11, 0x0c, 0x1c, 0x0c, 0x52,
    0x0c, 0x5e, 0x0c, 0x6a, 0x0c, 0x76, 0x0c, 0x94, 0x0c, 0xd2, 0x0d, 0x04, 0x0d, 0x34, 0x0d, 0x3f,
    0x0d, 0x4b, 0x0d, 0x63, 0x0d, 0x8e, 0x0d, 0xdb, 0x0e, 0x2c, 0x0e, 0x6b, 0x0e, 0x98, 0x0e, 0xdc,
    0x0f, 0x21, 0x0f, 0x57, 0x0f, 0x6b, 0x0f, 0x9c, 0x0f, 0xe6, 0x10, 0x06, 0x10, 0x41, 0x10, 0x8d,
    0x10, 0xa0, 0x10, 0xfc, 0x11, 0x49, 0x11, 0xa8, 0x11, 0xc6, 0x11, 0xe4, 0x12, 0x28, 0x12, 0x6c,
    0x12, 0x8e, 0x12, 0xb0, 0x12, 0xc2, 0x12, 0xd4, 0x13, 0x14, 0x13, 0x56, 0x13, 0xd9, 0x13, 0xff,
    0x14, 0x53, 0x14, 0x63, 0x14, 0x71, 0x14, 0x85, 0x14, 0x94, 0x14, 0xa1, 0x14, 0xae, 0x14, 0xbb,
    0x14, 0xc3, 0x14, 0xe0, 0x14, 0xee, 0x14, 0xfc, 0x15, 0x0a, 0x15, 0x16, 0x15, 0x22, 0x15, 0x2e,
    0x15, 0x3b, 0x15, 0x44, 0x15, 0x52, 0x15, 0x5e, 0x15, 0x67, 0x15, 0x7d, 0x15, 0x8d, 0x15, 0x99,
    0x15, 0xa6, 0x15, 0xaf, 0x15, 0xc3, 0x15, 0xd7, 0x15, 0xe3, 0x15, 0xef, 0x16, 0x07, 0x16, 0x21,
    0x16, 0x3f, 0x16, 0x5d, 0x16, 0x71, 0x16, 0x8e, 0x16, 0xa2, 0x16, 0xba, 0x16, 0xe8, 0x17, 0x03,
    0x17, 0x57, 0x17, 0x84, 0x17, 0x95, 0x17, 0xa1, 0x17, 0xba, 0x17, 0xd9, 0x17, 0xf5, 0x18, 0x1e,
    0x18, 0x77, 0x18, 0xe2, 0x19, 0x10, 0x19, 0x42, 0x19, 0x8c, 0x19, 0xbe, 0x19, 0xde, 0x1a, 0x57,
    0x1a, 0xd5, 0x1a, 0xe8, 0x1b, 0x14, 0x1b, 0x55, 0x1b, 0x64, 0x1b, 0x77, 0x1b, 0xa0, 0x1b, 0xdf,
    0x1b, 0xfd, 0x1c, 0x0e, 0x1c, 0x1f, 0x1c, 0x30, 0x1c, 0x93, 0x1d, 0x20, 0x1d, 0x28, 0x1d, 0x30,
    0x1d, 0x38, 0x1d, 0x40, 0x1d, 0x48, 0x1d, 0x56, 0x1d, 0x65, 0x1d, 0x72, 0x1d, 0x99, 0x1d, 0x99,
    0x1d, 0x99, 0x1d, 0xc9, 0x1d, 0xf8, 0x1e, 0x4c, 0x1e, 0x7c, 0x1e, 0xad, 0x1e, 0xc1, 0x1e, 0xce,
    0x1e, 0xdb, 0x1e, 0xe9, 0x1e, 0xf6, 0x1f, 0x0b, 0x1f, 0x1f, 0x1f, 0x43, 0x1f, 0x69, 0x1f, 0xa9,
    0x1f, 0xb6, 0x1f, 0xca, 0x1f, 0xdb, 0x1f, 0xe6, 0x1f, 0xee, 0x1f, 0xf6, 0x20, 0x1c, 0x20, 0x32,
    0x20, 0x46, 0x20, 0x72, 0x20, 0x92, 0x20, 0xbe, 0x20, 0xcc, 0x20, 0xda, 0x20, 0xe7, 0x00, 0x00,
    0x00, 0x0a, 0x01, 0x48, 0xfe, 0x60, 0x03, 0xf8, 0x07, 0x40, 0x00, 0x03, 0x00, 0x0d, 0x00, 0x11,
    0x00, 0x15, 0x00, 0x21, 0x00, 0x27, 0x00, 0x31, 0x00, 0x35, 0x00, 0x3b, 0x00, 0x47, 0x00, 0x00,
    0x41, 0x21, 0x11, 0x21, 0x01, 0x15, 0x21, 0x35, 0x23, 0x37, 0x35, 0x21, 0x15, 0x33, 0x03, 0x11,
    0x21, 0x11, 0x07, 0x23, 0x35, 0x33, 0x01, 0x11, 0x21, 0x11, 0x23, 0x15, 0x33, 0x35, 0x33, 0x15,
    0x23, 0x35, 0x27, 0x15, 0x21, 0x35, 0x23, 0x15, 0x25, 0x15, 0x33, 0x35, 0x33, 0x35, 0x21, 0x15,
    0x33, 0x15, 0x11, 0x23, 0x35, 0x33, 0x27, 0x15, 0x21, 0x35, 0x23, 0x35, 0x27, 0x15, 0x21, 0x35,
    0x23, 0x35, 0x33, 0x35, 0x21, 0x15, 0x33, 0x15, 0x03, 0xf8, 0xfd, 0x50, 0x02, 0xb0, 0xfe, 0x08,
    0x01, 0x40, 0xd7, 0xd7, 0xfe, 0xc0, 0xd8, 0xd8, 0x01, 0x40, 0x40, 0xc0, 0xc0, 0xff, 0x00, 0x01,
    0x40, 0xc0, 0x40, 0x40, 0xc0, 0x40, 0x01, 0x40, 0x40, 0xff, 0x00, 0xc0, 0x80, 0xfe, 0xc0, 0x80,
    0x40, 0x40, 0x80, 0x01, 0x40, 0x80, 0xc0, 0x01, 0x40, 0x90, 0x90, 0xfe, 0xc0, 0x70, 0xfe, 0x60,
    0x08, 0xe0, 0xf8, 0x00, 0x40, 0x40, 0x7f, 0x41, 0x40, 0x01, 0x80, 0xff, 0x00, 0x01, 0x00, 0xc0,
    0x80, 0x01, 0xc0, 0xff, 0x00, 0x01, 0x00, 0x80, 0x40, 0x80, 0xc0, 0x80, 0x40, 0xe0, 0xa0, 0x80,
    0x40, 0xa0, 0x40, 0x40, 0x60, 0x01, 0x20, 0x60, 0x40, 0xe0, 0x40, 0xa0, 0x80, 0x40, 0x40, 0x60,
    0x40, 0x40, 0x60, 0x00, 0x00, 0x02, 0x00, 0x28, 0x00, 0x00, 0x05, 0x57, 0x05, 0xd2, 0x00, 0x0d,
    0x00, 0x11, 0x00, 0x00, 0x73, 0x01, 0x33, 0x01, 0x23, 0x01, 0x26, 0x26, 0x27, 0x33, 0x06, 0x02,
    0x07, 0x01, 0x13, 0x35, 0x21, 0x15, 0x28, 0x02, 0x1b, 0xf6, 0x02, 0x1e, 0xdd, 0xfe, 0xd2, 0x20,
    0x4f, 0x37, 0x2e, 0x36, 0x50, 0x1e, 0xfe, 0xd5, 0x3f, 0x02, 0xf8, 0x05, 0xd2, 0xfa, 0x2e, 0x03,
    0x5d, 0x5d, 0xfe, 0xbd, 0xbe, 0xff, 0x00, 0x5a, 0xfc, 0xa3, 0x01, 0x94, 0xb1, 0xb1, 0xff, 0xff,
    0x00, 0x28, 0x00, 0x00, 0x05, 0x57, 0x07, 0x80, 0x06, 0x26, 0x00, 0x01, 0x00, 0x00, 0x00, 0x07,
    0x00, 0xf7, 0x00, 0x6c, 0x01, 0x89, 0xff, 0xff, 0x00, 0x28, 0x00, 0x00, 0x05, 0x57, 0x07, 0x6f,
    0x06, 0x26, 0x00, 0x01, 0x00, 0x00, 0x00, 0x07, 0x00, 0xdf, 0x00, 0xc7, 0x01, 0x89, 0xff, 0xff,
    0x00, 0x28, 0x00, 0x00, 0x05, 0x57, 0x07, 0x8a, 0x06, 0x26, 0x00, 0x01, 0x00, 0x00, 0x00, 0x07,
    0x00, 0xdd, 0x01, 0x33, 0x01, 0x89, 0xff, 0xff, 0x00, 0x28, 0x00, 0x00, 0x05, 0x57, 0x07, 0x8a,
    0x06, 0x26, 0x00, 0x01, 0x00, 0x00, 0x00, 0x07, 0x00, 0xdc, 0x01, 0xe0, 0x01, 0x89, 0xff, 0xff,
    0x00, 0x28, 0x00, 0x00, 0x05, 0x57, 0x07, 0x8a, 0x06, 0x26, 0x00, 0x01, 0x00, 0x00, 0x00, 0x07,
    0x00, 0xf9, 0x01, 0x1b, 0x01, 0x89, 0xff, 0xff, 0x00, 0x28, 0x00, 0x00, 0x05, 0x57, 0x07, 0xfa,
    0x06, 0x26, 0x00, 0x01, 0x00, 0x00, 0x00, 0x07, 0x00, 0xfc, 0x01, 0x89, 0x00, 0x00, 0x00, 0x02,
    0x00, 0x28, 0x00, 0x00, 0x07, 0x80, 0x05, 0xd2, 0x00, 0x0f, 0x00, 0x13, 0x00, 0x00, 0x73, 0x01,
    0x21, 0x15, 0x21, 0x11, 0x21, 0x15, 0x21, 0x11, 0x21, 0x15, 0x21, 0x11, 0x23, 0x01, 0x13, 0x35,
    0x21, 0x15, 0x28, 0x02, 0xb4, 0x04, 0x9d, 0xfd, 0x20, 0x02, 0xae, 0xfd, 0x52, 0x02, 0xe7, 0xfc,
    0x51, 0x6a, 0xfd, 0xa1, 0x75, 0x02, 0xb6, 0x05, 0xd2, 0xb5, 0xfe, 0x29, 0xb4, 0xfe, 0x23, 0xb5,
    0x05, 0x3d, 0xfa, 0xc3, 0x01, 0x9f, 0xa9, 0xa9, 0x00, 0x03, 0x00, 0xa2, 0x00, 0x00, 0x04, 0xd1,
    0x05, 0xd2, 0x00, 0x13, 0x00, 0x1d, 0x00, 0x27, 0x00, 0x00, 0x73, 0x11, 0x21, 0x32, 0x16, 0x16,
    0x15, 0x14, 0x06, 0x06, 0x07, 0x15, 0x1e, 0x02, 0x15, 0x14, 0x06, 0x06, 0x23, 0x25, 0x21, 0x32,
    0x36, 0x35, 0x34, 0x26, 0x26, 0x23, 0x21, 0x35, 0x21, 0x32, 0x36, 0x36, 0x35, 0x34, 0x26, 0x23,
    0x21, 0xa2, 0x02, 0x1e, 0x9b, 0xd2, 0x69, 0x41, 0x70, 0x46, 0x4d, 0x8c, 0x59, 0x6d, 0xe3, 0xaf,
    0xfe, 0x9e, 0x01, 0x56, 0xa5, 0x99, 0x4a, 0x8a, 0x61, 0xfe, 0xa1, 0x01, 0x46, 0x51, 0x7e, 0x47,
    0x89, 0x89, 0xfe, 0xb6, 0x05, 0xd2, 0x67, 0xb1, 0x71, 0x5c, 0x7e, 0x4f, 0x14, 0x0a, 0x07, 0x58,
    0x9c, 0x71, 0x76, 0xb7, 0x69, 0xb3, 0x7f, 0x67, 0x4b, 0x77, 0x45, 0xa9, 0x3b, 0x6e, 0x49, 0x64,
    0x80, 0x00, 0x00, 0x01, 0x00, 0x6b, 0xff, 0xeb, 0x05, 0x72, 0x05, 0xe7, 0x00, 0x25, 0x00, 0x00,
    0x45, 0x22, 0x24, 0x02, 0x35, 0x34, 0x12, 0x24, 0x33, 0x32, 0x1e, 0x02, 0x17, 0x23, 0x2e, 0x03,
    0x23, 0x22, 0x06, 0x02, 0x15, 0x14, 0x12, 0x16, 0x33, 0x32, 0x3e, 0x02, 0x37, 0x33, 0x0e, 0x03,
    0x03, 0x0e, 0xc5, 0xfe, 0xcf, 0xad, 0xad, 0x01, 0x31, 0xc5, 0x74, 0xce, 0xa2, 0x6c, 0x14, 0xd1,
    0x0f, 0x4a, 0x6c, 0x84, 0x4a, 0x8a, 0xd4, 0x79, 0x79, 0xd5, 0x89, 0x4a, 0x84, 0x6b, 0x4b, 0x10,
    0xd0, 0x13, 0x6a, 0xa3, 0xce, 0x15, 0xbc, 0x01, 0x58, 0xe9, 0xeb, 0x01, 0x58, 0xbc, 0x44, 0x83,
    0xb9, 0x75, 0x4c, 0x73, 0x50, 0x29, 0x8a, 0xfe, 0xfe, 0xb6, 0xb5, 0xfe, 0xfe, 0x89, 0x29, 0x4f,
    0x74, 0x4c, 0x72, 0xb8, 0x85, 0x46, 0xff, 0xff, 0x00, 0x6b, 0xfe, 0x58, 0x05, 0x72, 0x05, 0xe7,
    0x06, 0x26, 0x00, 0x0a, 0x00, 0x00, 0x00, 0x07, 0x00, 0xfb, 0x01, 0xf3, 0xff, 0xfa, 0x00, 0x02,
    0x00, 0xa2, 0x00, 0x00, 0x05, 0x47, 0x05, 0xd2, 0x00, 0x15, 0x00, 0x19, 0x00, 0x00, 0x61, 0x21,
    0x35, 0x21, 0x32, 0x36, 0x36, 0x35, 0x34, 0x26, 0x26, 0x23, 0x21, 0x35, 0x21, 0x32, 0x04, 0x12,
    0x15, 0x14, 0x02, 0x04, 0x01, 0x11, 0x23, 0x11, 0x02, 0x7c, 0xfe, 0x94, 0x01, 0x5f, 0xb1, 0xe9,
    0x73, 0x72, 0xe2, 0xa9, 0xfe, 0x89, 0x01, 0x85, 0xdb, 0x01, 0x38, 0xa7, 0xa8, 0xfe, 0xc0, 0xfe,
    0x12, 0xcf, 0xb5, 0x87, 0xfd, 0xb3, 0xb0, 0xfb, 0x86, 0xb5, 0xb2, 0xfe, 0xb3, 0xe7, 0xe9, 0xfe,
    0xb1, 0xb4, 0x05, 0xd2, 0xfa, 0x2e, 0x05, 0xd2, 0x00, 0x01, 0x00, 0xa2, 0x00, 0x00, 0x04, 0x57,
    0x05, 0xd2, 0x00, 0x0b, 0x00, 0x00, 0x73, 0x11, 0x21, 0x15, 0x21, 0x11, 0x21, 0x15, 0x21, 0x11,
    0x21, 0x15, 0xa2, 0x03, 0xb0, 0xfd, 0x1f, 0x02, 0xad, 0xfd, 0x53, 0x02, 0xe6, 0x05, 0xd2, 0xb5,
    0xfe, 0x30, 0xb4, 0xfe, 0x1c, 0xb5, 0xff, 0xff, 0x00, 0xa2, 0x00, 0x00, 0x04, 0x57, 0x07, 0x8a,
    0x06, 0x26, 0x00, 0x0d, 0x00, 0x00, 0x00, 0x07, 0x00, 0xdd, 0x00, 0xf0, 0x01, 0x89, 0xff, 0xff,
    0x00, 0xa2, 0x00, 0x00, 0x04, 0x57, 0x07, 0x8a, 0x06, 0x26, 0x00, 0x0d, 0x00, 0x00, 0x00, 0x07,
    0x00, 0xdc, 0x01, 0x9d, 0x01, 0x89, 0xff, 0xff, 0x00, 0xa2, 0x00, 0x00, 0x04, 0x57, 0x07, 0x8a,
    0x06, 0x26, 0x00, 0x0d, 0x00, 0x00, 0x00, 0x07, 0x00, 0xf9, 0x00, 0xd7, 0x01, 0x89, 0xff, 0xff,
    0x00, 0xa2, 0x00, 0x00, 0x04, 0x57, 0x07, 0x80, 0x06, 0x26, 0x00, 0x0d, 0x00, 0x00, 0x00, 0x07,
    0x00, 0xf7, 0x00, 0x29, 0x01, 0x89, 0x00, 0x01, 0x00, 0xa2, 0x00, 0x00, 0x04, 0x42, 0x05, 0xd2,
    0x00, 0x09, 0x00, 0x00, 0x73, 0x11, 0x21, 0x15, 0x21, 0x11, 0x21, 0x15, 0x21, 0x11, 0xa2, 0x03,
    0xa0, 0xfd, 0x2f, 0x02, 0x90, 0xfd, 0x70, 0x05, 0xd2, 0xb5, 0xfe, 0x1b, 0xb3, 0xfd, 0x7b, 0x00,
    0x00, 0x01, 0x00, 0x6b, 0xff, 0xeb, 0x05, 0x7e, 0x05, 0xe7, 0x00, 0x27, 0x00, 0x00, 0x45, 0x22,
    0x24, 0x02, 0x35, 0x34, 0x12, 0x24, 0x33, 0x32, 0x1e, 0x02, 0x17, 0x23, 0x2e, 0x03, 0x23, 0x22,
    0x06, 0x02, 0x15, 0x14, 0x12, 0x16, 0x33, 0x32, 0x36, 0x36, 0x35, 0x17, 0x21, 0x35, 0x21, 0x15,
    0x14, 0x02, 0x04, 0x03, 0x10, 0xc9, 0xfe, 0xcf, 0xab, 0xac, 0x01, 0x2f, 0xc2, 0x78, 0xd0, 0xa4,
    0x6c, 0x13, 0xd3, 0x14, 0x4a, 0x68, 0x83, 0x4d, 0x86, 0xd4, 0x79, 0x7a, 0xd6, 0x89, 0x7b, 0xbd,
    0x6c, 0x3b, 0xfe, 0x4c, 0x02, 0x43, 0xa2, 0xfe, 0xe8, 0x15, 0xbd, 0x01, 0x58, 0xe8, 0xea, 0x01,
    0x59, 0xbc, 0x47, 0x85, 0xb6, 0x6d, 0x46, 0x70, 0x51, 0x2b, 0x89, 0xfe, 0xfd, 0xb6, 0xb5, 0xfe,
    0xff, 0x8a, 0x68, 0xbd, 0x7f, 0x08, 0xaf, 0xa6, 0xb7, 0xfe, 0xed, 0x98, 0x00, 0x01, 0x00, 0xa2,
    0x00, 0x00, 0x05, 0x3a, 0x05, 0xd2, 0x00, 0x0b, 0x00, 0x00, 0x73, 0x11, 0x33, 0x11, 0x21, 0x11,
    0x33, 0x11, 0x23, 0x11, 0x21, 0x11, 0xa2, 0xcf, 0x02, 0xfa, 0xcf, 0xcf, 0xfd, 0x06, 0x05, 0xd2,
    0xfd, 0x82, 0x02, 0x7e, 0xfa, 0x2e, 0x02, 0xa0, 0xfd, 0x60, 0x00, 0x01, 0x00, 0xa2, 0x00, 0x00,
    0x01, 0x71, 0x05, 0xd2, 0x00, 0x03, 0x00, 0x00, 0x41, 0x11, 0x23, 0x11, 0x01, 0x71, 0xcf, 0x05,
    0xd2, 0xfa, 0x2e, 0x05, 0xd2, 0x00, 0xff, 0xff, 0xff, 0xba, 0x00, 0x00, 0x02, 0x59, 0x07, 0x80,
    0x06, 0x26, 0x00, 0x15, 0x00, 0x00, 0x00, 0x07, 0x00, 0xf7, 0xfe, 0xb6, 0x01, 0x89, 0xff, 0xff,
    0xff, 0xf9, 0x00, 0x00, 0x01, 0x71, 0x07, 0x8a, 0x06, 0x26, 0x00, 0x15, 0x00, 0x00, 0x00, 0x07,
    0x00, 0xdd, 0xff, 0x7d, 0x01, 0x89, 0xff, 0xff, 0x00, 0xa2, 0x00, 0x00, 0x02, 0x18, 0x07, 0x8a,
    0x06, 0x26, 0x00, 0x15, 0x00, 0x00, 0x00, 0x07, 0x00, 0xdc, 0x00, 0x29, 0x01, 0x89, 0xff, 0xff,
    0xff, 0xbf, 0x00, 0x00, 0x02, 0x54, 0x07, 0x8a, 0x06, 0x26, 0x00, 0x15, 0x00, 0x00, 0x00, 0x07,
    0x00, 0xf9, 0xff, 0x64, 0x01, 0x89, 0x00, 0x01, 0x00, 0x57, 0xff, 0xec, 0x03, 0xdf, 0x05, 0xd2,
    0x00, 0x11, 0x00, 0x00, 0x45, 0x22, 0x26, 0x35, 0x35, 0x33, 0x15, 0x14, 0x16, 0x33, 0x32, 0x36,
    0x35, 0x11, 0x33, 0x11, 0x14, 0x06, 0x02, 0x1b, 0xc9, 0xfb, 0xce, 0x87, 0x6f, 0x6f, 0x86, 0xcf,
    0xfa, 0x14, 0xe9, 0xd8, 0x52, 0x52, 0x84, 0x8a, 0x8a, 0x84, 0x04, 0x25, 0xfb, 0xdb, 0xd8, 0xe9,
    0x00, 0x03, 0x00, 0xa2, 0x00, 0x00, 0x05, 0x2a, 0x05, 0xd2, 0x00, 0x09, 0x00, 0x10, 0x00, 0x14,
    0x00, 0x00, 0x41, 0x35, 0x3e, 0x02, 0x37, 0x01, 0x21, 0x01, 0x27, 0x01, 0x11, 0x33, 0x11, 0x03,
    0x17, 0x11, 0x21, 0x01, 0x37, 0x01, 0x01, 0x32, 0x32, 0x65, 0x69, 0x39, 0x01, 0xb1, 0x01, 0x0b,
    0xfd, 0x85, 0x0c, 0xfe, 0x02, 0xcf, 0x02, 0x02, 0x02, 0xc5, 0xfd, 0xf3, 0x80, 0x02, 0x81, 0x01,
    0x9a, 0xe6, 0x44, 0x7d, 0x79, 0x3e, 0x01, 0xda, 0xfd, 0x50, 0x01, 0xfc, 0xdd, 0x05, 0xd2, 0xfe,
    0x10, 0xfe, 0xb7, 0x65, 0xfd, 0xcc, 0x02, 0xea, 0xa0, 0xfc, 0x76, 0x00, 0x00, 0x01, 0x00, 0xa2,
    0x00, 0x00, 0x04, 0x25, 0x05, 0xd2, 0x00, 0x05, 0x00, 0x00, 0x73, 0x11, 0x33, 0x11, 0x21, 0x15,
    0xa2, 0xcf, 0x02, 0xb4, 0x05, 0xd2, 0xfa, 0xe3, 0xb5, 0x00, 0x00, 0x01, 0x00, 0xa2, 0x00, 0x00,
    0x06, 0x83, 0x05, 0xd2, 0x00, 0x2d, 0x00, 0x00, 0x73, 0x11, 0x21, 0x01, 0x1e, 0x03, 0x17, 0x23,
    0x3e, 0x03, 0x37, 0x01, 0x21, 0x11, 0x23, 0x11, 0x34, 0x3e, 0x02, 0x37, 0x33, 0x0e, 0x03, 0x07,
    0x01, 0x23, 0x01, 0x2e, 0x03, 0x27, 0x33, 0x1e, 0x03, 0x15, 0x11, 0xa2, 0x01, 0x27, 0x01, 0x5e,
    0x0d, 0x23, 0x26, 0x22, 0x0c, 0x2d, 0x0c, 0x22, 0x26, 0x24, 0x0d, 0x01, 0x58, 0x01, 0x28, 0xcc,
    0x02, 0x03, 0x03, 0x01, 0x14, 0x16, 0x2f, 0x2d, 0x27, 0x0e, 0xfe, 0xbd, 0xaf, 0xfe, 0xb9, 0x0e,
    0x26, 0x2d, 0x31, 0x19, 0x18, 0x02, 0x03, 0x03, 0x02, 0x05, 0xd2, 0xfc, 0x78, 0x23, 0x6a, 0x78,
    0x74, 0x2c, 0x2b, 0x72, 0x79, 0x6b, 0x24, 0x03, 0x88, 0xfa, 0x2e, 0x03, 0x3e, 0x2f, 0x78, 0x84,
    0x87, 0x3f, 0x47, 0x91, 0x85, 0x6e, 0x26, 0xfc, 0xc2, 0x03, 0x3e, 0x25, 0x6c, 0x84, 0x93, 0x49,
    0x3a, 0x85, 0x86, 0x7b, 0x31, 0xfc, 0xc2, 0x00, 0x00, 0x01, 0x00, 0xa2, 0x00, 0x00, 0x05, 0x4b,
    0x05, 0xd2, 0x00, 0x1b, 0x00, 0x00, 0x73, 0x11, 0x33, 0x01, 0x1e, 0x02, 0x17, 0x07, 0x2e, 0x02,
    0x35, 0x11, 0x33, 0x11, 0x23, 0x01, 0x2e, 0x02, 0x27, 0x37, 0x1e, 0x02, 0x15, 0x11, 0xa2, 0xee,
    0x02, 0x4a, 0x18, 0x43, 0x4c, 0x24, 0x19, 0x06, 0x08, 0x03, 0xd0, 0xf0, 0xfd, 0xf5, 0x21, 0x4c,
    0x61, 0x41, 0x20, 0x05, 0x08, 0x04, 0x05, 0xd2, 0xfc, 0x63, 0x26, 0x72, 0x8c, 0x4d, 0x0f, 0x4c,
    0x9d, 0x89, 0x2c, 0x03, 0x7f, 0xfa, 0x2e, 0x03, 0x39, 0x35, 0x7f, 0xab, 0x74, 0x10, 0x70, 0xbc,
    0x8c, 0x29, 0xfc, 0xc5, 0xff, 0xff, 0x00, 0xa2, 0x00, 0x00, 0x05, 0x4b, 0x07, 0x6f, 0x06, 0x26,
    0x00, 0x1e, 0x00, 0x00, 0x00, 0x07, 0x00, 0xdf, 0x00, 0xfe, 0x01, 0x89, 0x00, 0x02, 0x00, 0x6b,
    0xff, 0xeb, 0x05, 0xaa, 0x05, 0xe7, 0x00, 0x0f, 0x00, 0x1f, 0x00, 0x00, 0x45, 0x22, 0x24, 0x02,
    0x35, 0x34, 0x12, 0x24, 0x33, 0x32, 0x04, 0x12, 0x15, 0x14, 0x02, 0x04, 0x27, 0x32, 0x36, 0x12,
    0x35, 0x34, 0x02, 0x26, 0x23, 0x22, 0x06, 0x02, 0x15, 0x14, 0x12, 0x16, 0x03, 0x0b, 0xc2, 0xfe,
    0xd0, 0xae, 0xae, 0x01, 0x30, 0xc2, 0xc2, 0x01, 0x2f, 0xae, 0xae, 0xfe, 0xd1, 0xc2, 0x82, 0xd4,
    0x7c, 0x7c, 0xd4, 0x82, 0x83, 0xd4, 0x7d, 0x7d, 0xd4, 0x15, 0xbc, 0x01, 0x58, 0xe9, 0xea, 0x01,
    0x59, 0xbc, 0xbc, 0xfe, 0xa7, 0xea, 0xe9, 0xfe, 0xa8, 0xbc, 0xbd, 0x85, 0x01, 0x01, 0xba, 0xbb,
    0x01, 0x02, 0x85, 0x86, 0xfe, 0xff, 0xbb, 0xba, 0xff, 0x00, 0x86, 0x00, 0xff, 0xff, 0x00, 0x6b,
    0xff, 0xeb, 0x05, 0xaa, 0x07, 0x80, 0x06, 0x26, 0x00, 0x20, 0x00, 0x00, 0x00, 0x07, 0x00, 0xf7,
    0x00, 0xb7, 0x01, 0x89, 0xff, 0xff, 0x00, 0x6b, 0xff, 0xeb, 0x05, 0xaa, 0x07, 0x6f, 0x06, 0x26,
    0x00, 0x20, 0x00, 0x00, 0x00, 0x07, 0x00, 0xdf, 0x01, 0x12, 0x01, 0x89, 0xff, 0xff, 0x00, 0x6b,
    0xff, 0xcc, 0x05, 0xaa, 0x06, 0x06, 0x06, 0x26, 0x00, 0x20, 0x00, 0x00, 0x00, 0x07, 0x00, 0xfd,
    0x00, 0x9c, 0x00, 0x00, 0xff, 0xff, 0x00, 0x6b, 0xff, 0xeb, 0x05, 0xaa, 0x07, 0x8a, 0x06, 0x26,
    0x00, 0x20, 0x00, 0x00, 0x00, 0x07, 0x00, 0xdd, 0x01, 0x7e, 0x01, 0x89, 0xff, 0xff, 0x00, 0x6b,
    0xff, 0xeb, 0x05, 0xaa, 0x07, 0x8a, 0x06, 0x26, 0x00, 0x20, 0x00, 0x00, 0x00, 0x07, 0x00, 0xdc,
    0x02, 0x2a, 0x01, 0x89, 0xff, 0xff, 0x00, 0x6b, 0xff, 0xeb, 0x05, 0xaa, 0x07, 0x8a, 0x06, 0x26,
    0x00, 0x20, 0x00, 0x00, 0x00, 0x07, 0x00, 0xf9, 0x01, 0x65, 0x01, 0x89, 0x00, 0x01, 0x00, 0xa2,
    0x00, 0x00, 0x04, 0xb3, 0x05, 0xd2, 0x00, 0x17, 0x00, 0x00, 0x73, 0x11, 0x21, 0x32, 0x16, 0x16,
    0x15, 0x14, 0x06, 0x06, 0x23, 0x21, 0x35, 0x21, 0x32, 0x36, 0x36, 0x35, 0x34, 0x26, 0x26, 0x23,
    0x21, 0x11, 0xa2, 0x02, 0x11, 0xa8, 0xe4, 0x74, 0x75, 0xe5, 0xa9, 0xfe, 0x7e, 0x01, 0x78, 0x6d,
    0x8e, 0x44, 0x44, 0x8e, 0x6e, 0xfe, 0xcc, 0x05, 0xd2, 0x7a, 0xd5, 0x89, 0x89, 0xd6, 0x7b, 0xb3,
    0x4b, 0x86, 0x56, 0x57, 0x83, 0x4a, 0xfa, 0xe2, 0x00, 0x03, 0x00, 0x6b, 0xff, 0x77, 0x05, 0xaa,
    0x05, 0xe7, 0x00, 0x07, 0x00, 0x17, 0x00, 0x27, 0x00, 0x00, 0x41, 0x33, 0x17, 0x17, 0x13, 0x23,
    0x27, 0x27, 0x07, 0x22, 0x24, 0x02, 0x35, 0x34, 0x12, 0x24, 0x33, 0x32, 0x04, 0x12, 0x15, 0x14,
    0x02, 0x04, 0x27, 0x32, 0x36, 0x12, 0x35, 0x34, 0x02, 0x26, 0x23, 0x22, 0x06, 0x02, 0x15, 0x14,
    0x12, 0x16, 0x02, 0xc2, 0xd0, 0xa2, 0x37, 0xf9, 0xd5, 0xa3, 0x31, 0xb0, 0xc2, 0xfe, 0xd0, 0xae,
    0xae, 0x01, 0x30, 0xc2, 0xc2, 0x01, 0x2f, 0xae, 0xae, 0xfe, 0xd1, 0xc2, 0x82, 0xd4, 0x7c, 0x7c,
    0xd4, 0x82, 0x83, 0xd4, 0x7d, 0x7d, 0xd4, 0x01, 0xda, 0xd3, 0x49, 0xfe, 0xb9, 0xd9, 0x42, 0xa7,
    0xbc, 0x01, 0x58, 0xe9, 0xea, 0x01, 0x59, 0xbc, 0xbc, 0xfe, 0xa7, 0xea, 0xe9, 0xfe, 0xa8, 0xbc,
    0xbd, 0x85, 0x01, 0x01, 0xba, 0xbb, 0x01, 0x02, 0x85, 0x86, 0xfe, 0xff, 0xbb, 0xba, 0xff, 0x00,
    0x86, 0x00, 0x00, 0x02, 0x00, 0xa2, 0x00, 0x00, 0x04, 0xe6, 0x05, 0xd2, 0x00, 0x17, 0x00, 0x1b,
    0x00, 0x00, 0x73, 0x11, 0x21, 0x32, 0x16, 0x16, 0x15, 0x14, 0x06, 0x06, 0x23, 0x21, 0x35, 0x21,
    0x32, 0x36, 0x36, 0x35, 0x34, 0x26, 0x26, 0x23, 0x21, 0x11, 0x21, 0x01, 0x33, 0x01, 0xa2, 0x02,
    0x17, 0xa8, 0xe4, 0x74, 0x77, 0xe6, 0xa8, 0xfe, 0x63, 0x01, 0x95, 0x6d, 0x8d, 0x45, 0x45, 0x8e,
    0x6e, 0xfe, 0xc7, 0x02, 0x89, 0xfe, 0x99, 0xe6, 0x01, 0x6d, 0x05, 0xd2, 0x75, 0xd0, 0x89, 0x89,
    0xce, 0x71, 0xb3, 0x43, 0x7c, 0x56, 0x57, 0x7e, 0x46, 0xfa, 0xe1, 0x02, 0xa0, 0xfd, 0x60, 0x00,
    0x00, 0x01, 0x00, 0x63, 0xff, 0xe7, 0x04, 0xb3, 0x05, 0xe7, 0x00, 0x32, 0x00, 0x00, 0x45, 0x22,
    0x26, 0x26, 0x27, 0x33, 0x1e, 0x02, 0x33, 0x32, 0x36, 0x36, 0x35, 0x34, 0x26, 0x26, 0x27, 0x27,
    0x26, 0x26, 0x35, 0x34, 0x36, 0x36, 0x33, 0x32, 0x16, 0x16, 0x17, 0x23, 0x26, 0x26, 0x23, 0x22,
    0x06, 0x06, 0x15, 0x14, 0x16, 0x16, 0x17, 0x17, 0x1e, 0x03, 0x15, 0x14, 0x06, 0x06, 0x02, 0x90,
    0xa8, 0xf6, 0x89, 0x06, 0xd1, 0x06, 0x5c, 0x9a, 0x60, 0x64, 0x9b, 0x58, 0x47, 0x81, 0x59, 0xad,
    0xc5, 0xcb, 0x87, 0xec, 0x96, 0x99, 0xe6, 0x83, 0x04, 0xc9, 0x0b, 0xb0, 0x87, 0x5d, 0x8d, 0x4e,
    0x51, 0x81, 0x48, 0x98, 0x51, 0x99, 0x7a, 0x48, 0x83, 0xf5, 0x19, 0x6f, 0xcb, 0x8c, 0x59, 0x79,
    0x3d, 0x3e, 0x72, 0x4c, 0x41, 0x57, 0x3c, 0x17, 0x2e, 0x34, 0xbf, 0x97, 0x81, 0xbf, 0x6a, 0x6c,
    0xbf, 0x7e, 0x74, 0x80, 0x3d, 0x69, 0x44, 0x44, 0x59, 0x37, 0x13, 0x28, 0x14, 0x40, 0x61, 0x8a,
    0x5f, 0x7f, 0xc5, 0x70, 0x00, 0x01, 0x00, 0x4f, 0x00, 0x00, 0x04, 0xcb, 0x05, 0xd2, 0x00, 0x07,
    0x00, 0x00, 0x53, 0x35, 0x21, 0x15, 0x21, 0x11, 0x23, 0x11, 0x4f, 0x04, 0x7c, 0xfe, 0x2a, 0xce,
    0x05, 0x1d, 0xb5, 0xb5, 0xfa, 0xe3, 0x05, 0x1d, 0x00, 0x01, 0x00, 0xa0, 0xff, 0xe8, 0x05, 0x36,
    0x05, 0xd2, 0x00, 0x15, 0x00, 0x00, 0x45, 0x22, 0x24, 0x26, 0x35, 0x11, 0x33, 0x11, 0x14, 0x16,
    0x16, 0x33, 0x32, 0x36, 0x36, 0x35, 0x11, 0x33, 0x11, 0x14, 0x06, 0x04, 0x02, 0xeb, 0xb1, 0xfe,
    0xf7, 0x91, 0xce, 0x5c, 0xab, 0x76, 0x76, 0xab, 0x5b, 0xcf, 0x92, 0xfe, 0xf9, 0x18, 0x8a, 0xf1,
    0x9a, 0x03, 0xd5, 0xfc, 0x3c, 0x69, 0xa2, 0x5d, 0x5d, 0xa2, 0x69, 0x03, 0xc4, 0xfc, 0x2b, 0x9a,
    0xf1, 0x8a, 0xff, 0xff, 0x00, 0xa0, 0xff, 0xe8, 0x05, 0x36, 0x07, 0x8a, 0x06, 0x26, 0x00, 0x2c,
    0x00, 0x00, 0x00, 0x07, 0x00, 0xdd, 0x01, 0x5e, 0x01, 0x89, 0xff, 0xff, 0x00, 0xa0, 0xff, 0xe8,
    0x05, 0x36, 0x07, 0x8a, 0x06, 0x26, 0x00, 0x2c, 0x00, 0x00, 0x00, 0x07, 0x00, 0xdc, 0x02, 0x0b,
    0x01, 0x89, 0xff, 0xff, 0x00, 0xa0, 0xff, 0xe8, 0x05, 0x36, 0x07, 0x8a, 0x06, 0x26, 0x00, 0x2c,
    0x00, 0x00, 0x00, 0x07, 0x00, 0xf9, 0x01, 0x46, 0x01, 0x89, 0xff, 0xff, 0x00, 0xa0, 0xff, 0xe8,
    0x05, 0x36, 0x07, 0x80, 0x06, 0x26, 0x00, 0x2c, 0x00, 0x00, 0x00, 0x07, 0x00, 0xf7, 0x00, 0x97,
    0x01, 0x89, 0x00, 0x01, 0x00, 0x28, 0x00, 0x00, 0x05, 0x56, 0x05, 0xd2, 0x00, 0x0d, 0x00, 0x00,
    0x61, 0x01, 0x33, 0x01, 0x16, 0x12, 0x17, 0x23, 0x36, 0x12, 0x37, 0x01, 0x33, 0x01, 0x02, 0x49,
    0xfd, 0xdf, 0xdd, 0x01, 0x30, 0x1d, 0x53, 0x37, 0x2f, 0x37, 0x52, 0x1c, 0x01, 0x28, 0xdc, 0xfd,
    0xe7, 0x05, 0xd2, 0xfc, 0xa3, 0x55, 0xfe, 0xf9, 0xbb, 0xbe, 0x01, 0x04, 0x55, 0x03, 0x5d, 0xfa,
    0x2e, 0x00, 0x00, 0x01, 0x00, 0x28, 0x00, 0x00, 0x07, 0xb2, 0x05, 0xd2, 0x00, 0x25, 0x00, 0x00,
    0x61, 0x01, 0x33, 0x13, 0x1e, 0x02, 0x17, 0x23, 0x3e, 0x02, 0x37, 0x13, 0x33, 0x13, 0x1e, 0x02,
    0x17, 0x23, 0x3e, 0x02, 0x37, 0x13, 0x33, 0x01, 0x23, 0x03, 0x26, 0x26, 0x27, 0x33, 0x06, 0x06,
    0x07, 0x03, 0x01, 0xbd, 0xfe, 0x6b, 0xd6, 0xe3, 0x13, 0x23, 0x20, 0x0e, 0x1c, 0x10, 0x21, 0x24,
    0x13, 0xe9, 0xe7, 0xe6, 0x15, 0x24, 0x22, 0x0f, 0x1f, 0x10, 0x20, 0x24, 0x13, 0xe2, 0xd7, 0xfe,
    0x69, 0xee, 0xf9, 0x1a, 0x2e, 0x17, 0x2e, 0x17, 0x2a, 0x1d, 0xf8, 0x05, 0xd2, 0xfc, 0x87, 0x4c,
    0x9d, 0xa0, 0x51, 0x51, 0xa0, 0x9d, 0x4c, 0x03, 0x79, 0xfc, 0x87, 0x4c, 0x9d, 0xa0, 0x51, 0x51,
    0xa0, 0x9d, 0x4c, 0x03, 0x79, 0xfa, 0x2e, 0x03, 0x99, 0x62, 0xdd, 0x84, 0x7f, 0xd9, 0x6b, 0xfc,
    0x67, 0x00, 0x00, 0x01, 0x00, 0x2d, 0x00, 0x00, 0x05, 0x42, 0x05, 0xd2, 0x00, 0x1f, 0x00, 0x00,
    0x73, 0x01, 0x15, 0x01, 0x33, 0x13, 0x1e, 0x02, 0x17, 0x23, 0x3e, 0x02, 0x37, 0x13, 0x33, 0x01,
    0x35, 0x01, 0x23, 0x03, 0x2e, 0x02, 0x27, 0x33, 0x0e, 0x02, 0x07, 0x01, 0x2d, 0x02, 0x4b, 0xfd,
    0xd8, 0xef, 0xd0, 0x2a, 0x3e, 0x37, 0x1f, 0x28, 0x20, 0x37, 0x40, 0x2b, 0xd3, 0xe9, 0xfd, 0xda,
    0x02, 0x45, 0xef, 0xfe, 0x26, 0x3a, 0x34, 0x1e, 0x2a, 0x1d, 0x35, 0x3b, 0x28, 0xff, 0x00, 0x03,
    0x47, 0x9a, 0x03, 0x25, 0xfe, 0xcd, 0x3f, 0x62, 0x5f, 0x39, 0x39, 0x5f, 0x62, 0x3f, 0x01, 0x33,
    0xfc, 0xe4, 0x98, 0xfc, 0xb2, 0x01, 0x71, 0x38, 0x59, 0x58, 0x37, 0x35, 0x58, 0x5a, 0x39, 0xfe,
    0x8f, 0x00, 0x00, 0x01, 0x00, 0x28, 0x00, 0x00, 0x05, 0x3e, 0x05, 0xd2, 0x00, 0x0f, 0x00, 0x00,
    0x61, 0x11, 0x01, 0x33, 0x01, 0x16, 0x16, 0x17, 0x23, 0x36, 0x36, 0x37, 0x01, 0x33, 0x01, 0x11,
    0x02, 0x4d, 0xfd, 0xdb, 0xf0, 0x01, 0x21, 0x2e, 0x4d, 0x27, 0x4a, 0x27, 0x4d, 0x2c, 0x01, 0x1f,
    0xee, 0xfd, 0xdd, 0x02, 0x5b, 0x03, 0x77, 0xfe, 0x22, 0x4c, 0x8f, 0x61, 0x62, 0x91, 0x49, 0x01,
    0xde, 0xfc, 0x89, 0xfd, 0xa5, 0x00, 0xff, 0xff, 0x00, 0x28, 0x00, 0x00, 0x05, 0x3e, 0x07, 0x8a,
    0x06, 0x26, 0x00, 0x34, 0x00, 0x00, 0x00, 0x07, 0x00, 0xdc, 0x01, 0xd3, 0x01, 0x89, 0x00, 0x01,
    0x00, 0x68, 0x00, 0x00, 0x04, 0xa4, 0x05, 0xd2, 0x00, 0x17, 0x00, 0x00, 0x73, 0x35, 0x01, 0x36,
    0x36, 0x37, 0x17, 0x06, 0x06, 0x23, 0x21, 0x35, 0x21, 0x15, 0x01, 0x06, 0x06, 0x07, 0x27, 0x36,
    0x36, 0x33, 0x21, 0x15, 0x68, 0x02, 0xb2, 0x30, 0x69, 0x36, 0x16, 0x5a, 0xb7, 0x5b, 0xfd, 0xda,
    0x04, 0x30, 0xfd, 0x5a, 0x33, 0x6f, 0x38, 0x17, 0x5b, 0xb5, 0x5a, 0x02, 0x34, 0x96, 0x03, 0xc9,
    0x42, 0x86, 0x42, 0x45, 0x05, 0x02, 0xb5, 0x97, 0xfc, 0x48, 0x47, 0x8d, 0x46, 0x45, 0x05, 0x02,
    0xb5, 0x00, 0x00, 0x02, 0x00, 0x53, 0xff, 0xea, 0x03, 0xda, 0x04, 0x59, 0x00, 0x27, 0x00, 0x39,
    0x00, 0x00, 0x45, 0x22, 0x26, 0x26, 0x35, 0x34, 0x3e, 0x02, 0x37, 0x3e, 0x02, 0x35, 0x35, 0x34,
    0x26, 0x26, 0x23, 0x22, 0x06, 0x06, 0x07, 0x27, 0x3e, 0x02, 0x33, 0x32, 0x1e, 0x02, 0x15, 0x11,
    0x23, 0x35, 0x23, 0x0e, 0x02, 0x27, 0x32, 0x36, 0x36, 0x35, 0x35, 0x0e, 0x03, 0x07, 0x0e, 0x02,
    0x15, 0x14, 0x16, 0x16, 0x01, 0xcb, 0x6a, 0xaa, 0x64, 0x4a, 0x7b, 0x98, 0x4f, 0x64, 0x7a, 0x38,
    0x33, 0x63, 0x4a, 0x4a, 0x6d, 0x43, 0x0c, 0xbe, 0x1d, 0x85, 0xb8, 0x68, 0x49, 0x95, 0x7c, 0x4d,
    0xc1, 0x09, 0x15, 0x51, 0x82, 0x37, 0x60, 0x82, 0x43, 0x0b, 0x40, 0x55, 0x55, 0x20, 0x3e, 0x6b,
    0x40, 0x37, 0x62, 0x16, 0x4c, 0x96, 0x6c, 0x5e, 0x77, 0x45, 0x23, 0x0a, 0x0c, 0x0f, 0x22, 0x28,
    0x07, 0x3e, 0x59, 0x31, 0x2f, 0x4b, 0x2b, 0x25, 0x65, 0x82, 0x3f, 0x24, 0x55, 0x92, 0x6f, 0xfd,
    0x21, 0x98, 0x29, 0x51, 0x34, 0xa5, 0x49, 0x77, 0x42, 0x8f, 0x0c, 0x12, 0x0f, 0x0c, 0x04, 0x08,
    0x26, 0x47, 0x3c, 0x35, 0x48, 0x26, 0xff, 0xff, 0x00, 0x53, 0xff, 0xea, 0x03, 0xda, 0x06, 0x01,
    0x06, 0x26, 0x00, 0x37, 0x00, 0x00, 0x00, 0x07, 0x00, 0xdc, 0x01, 0x48, 0x00, 0x00, 0xff, 0xff,
    0x00, 0x53, 0xff, 0xea, 0x03, 0xda, 0x06, 0x01, 0x06, 0x26, 0x00, 0x37, 0x00, 0x00, 0x00, 0x07,
    0x00, 0xf9, 0x00, 0x83, 0x00, 0x00, 0xff, 0xff, 0x00, 0x53, 0xff, 0xea, 0x03, 0xda, 0x05, 0xf7,
    0x06, 0x26, 0x00, 0x37, 0x00, 0x00, 0x00, 0x06, 0x00, 0xf7, 0xd4, 0x00, 0xff, 0xff, 0x00, 0x53,
    0xff, 0xea, 0x03, 0xda, 0x06, 0x01, 0x06, 0x26, 0x00, 0x37, 0x00, 0x00, 0x00, 0x07, 0x00, 0xdd,
    0x00, 0x9b, 0x00, 0x00, 0xff, 0xff, 0x00, 0x53, 0xff, 0xea, 0x03, 0xda, 0x06, 0x83, 0x06, 0x26,
    0x00, 0x37, 0x00, 0x00, 0x00, 0x07, 0x00, 0xfa, 0x00, 0xf1, 0x00, 0x00, 0xff, 0xff, 0x00, 0x53,
    0xff, 0xea, 0x03, 0xda, 0x05, 0xe6, 0x06, 0x26, 0x00, 0x37, 0x00, 0x00, 0x00, 0x06, 0x00, 0xdf,
    0x2f, 0x00, 0x00, 0x01, 0x00, 0x53, 0xff, 0xe8, 0x06, 0xe1, 0x04, 0x5b, 0x00, 0x54, 0x00, 0x00,
    0x45, 0x22, 0x26, 0x26, 0x35, 0x34, 0x3e, 0x02, 0x33, 0x21, 0x07, 0x36, 0x26, 0x26, 0x23, 0x22,
    0x06, 0x06, 0x15, 0x15, 0x14, 0x16, 0x16, 0x33, 0x32, 0x36, 0x36, 0x37, 0x17, 0x0e, 0x02, 0x23,
    0x22, 0x26, 0x26, 0x27, 0x13, 0x3e, 0x02, 0x33, 0x32, 0x1e, 0x02, 0x15, 0x15, 0x21, 0x22, 0x06,
    0x06, 0x15, 0x14, 0x16, 0x33, 0x32, 0x36, 0x36, 0x35, 0x11, 0x34, 0x26, 0x26, 0x23, 0x22, 0x06,
    0x06, 0x07, 0x27, 0x3e, 0x02, 0x33, 0x32, 0x16, 0x16, 0x17, 0x03, 0x23, 0x0e, 0x03, 0x01, 0xd6,
    0x71, 0xaf, 0x63, 0x50, 0x88, 0xae, 0x5f, 0x04, 0x35, 0x53, 0x09, 0x43, 0x88, 0x5f, 0x5f, 0x8a,
    0x4a, 0x4f, 0x91, 0x61, 0x44, 0x6a, 0x4b, 0x12, 0xbf, 0x18, 0x7e, 0xbe, 0x77, 0x75, 0xbb, 0x7d,
    0x1b, 0x13, 0x25, 0x7a, 0xa3, 0x65, 0x63, 0xb0, 0x89, 0x4d, 0xfb, 0x58, 0x54, 0x82, 0x4b, 0x79,
    0x60, 0x60, 0x82, 0x41, 0x32, 0x63, 0x4a, 0x4a, 0x6d, 0x43, 0x0c, 0xbe, 0x1c, 0x85, 0xb8, 0x68,
    0x5b, 0xa0, 0x71, 0x13, 0x1c, 0x1c, 0x13, 0x50, 0x6f, 0x87, 0x16, 0x50, 0x96, 0x68, 0x5a, 0x7f,
    0x4e, 0x26, 0x3a, 0x69, 0xa2, 0x5c, 0x5b, 0x98, 0x5e, 0x62, 0x73, 0xa3, 0x58, 0x28, 0x4c, 0x36,
    0x1c, 0x5c, 0x8c, 0x4f, 0x4f, 0x8c, 0x5e, 0x02, 0x21, 0x56, 0x7e, 0x45, 0x44, 0x89, 0xd2, 0x8f,
    0x45, 0x28, 0x50, 0x3b, 0x52, 0x53, 0x48, 0x77, 0x42, 0x01, 0x5a, 0x3d, 0x5a, 0x31, 0x2f, 0x4b,
    0x2b, 0x25, 0x64, 0x82, 0x40, 0x38, 0x7f, 0x6a, 0xfd, 0x9e, 0x36, 0x57, 0x3d, 0x22, 0x00, 0x02,
    0x00, 0x8f, 0xff, 0xea, 0x04, 0x74, 0x05, 0xd2, 0x00, 0x16, 0x00, 0x26, 0x00, 0x00, 0x45, 0x22,
    0x26, 0x26, 0x27, 0x23, 0x15, 0x23, 0x11, 0x33, 0x11, 0x33, 0x3e, 0x02, 0x33, 0x32, 0x16, 0x16,
    0x15, 0x14, 0x06, 0x06, 0x27, 0x32, 0x36, 0x36, 0x35, 0x34, 0x26, 0x26, 0x23, 0x22, 0x06, 0x06,
    0x15, 0x14, 0x16, 0x16, 0x02, 0xa2, 0x5c, 0x7f, 0x52, 0x19, 0x0e, 0xbf, 0xc5, 0x09, 0x18, 0x50,
    0x7f, 0x5d, 0x8a, 0xd2, 0x77, 0x76, 0xd2, 0xaf, 0x61, 0x87, 0x47, 0x47, 0x87, 0x61, 0x61, 0x88,
    0x47, 0x48, 0x88, 0x16, 0x3c, 0x59, 0x2a, 0xa9, 0x05, 0xd2, 0xfd, 0xcc, 0x29, 0x56, 0x3c, 0x8a,
    0xfe, 0xae, 0xae, 0xff, 0x8c, 0xac, 0x65, 0xb4, 0x75, 0x75, 0xb1, 0x64, 0x63, 0xb0, 0x77, 0x76,
    0xb4, 0x64, 0x00, 0x02, 0x00, 0x8f, 0xfe, 0x5e, 0x04, 0x74, 0x05, 0xd2, 0x00, 0x16, 0x00, 0x26,
    0x00, 0x00, 0x45, 0x22, 0x26, 0x26, 0x27, 0x23, 0x11, 0x23, 0x11, 0x33, 0x11, 0x33, 0x3e, 0x02,
    0x33, 0x32, 0x16, 0x16, 0x15, 0x14, 0x06, 0x06, 0x27, 0x32, 0x36, 0x36, 0x35, 0x34, 0x26, 0x26,
    0x23, 0x22, 0x06, 0x06, 0x15, 0x14, 0x16, 0x16, 0x02, 0xa2, 0x5c, 0x7f, 0x51, 0x19, 0x09, 0xc5,
    0xc5, 0x09, 0x18, 0x50, 0x7f, 0x5e, 0x89, 0xd2, 0x77, 0x76, 0xd2, 0xaf, 0x61, 0x87, 0x47, 0x47,
    0x87, 0x61, 0x61, 0x88, 0x47, 0x48, 0x88, 0x16, 0x3c, 0x59, 0x2a, 0xfd, 0xb5, 0x07, 0x74, 0xfd,
    0xcc, 0x29, 0x56, 0x3c, 0x8a, 0xfe, 0xae, 0xae, 0xff, 0x8c, 0xac, 0x65, 0xb4, 0x75, 0x75, 0xb1,
    0x64, 0x63, 0xb0, 0x77, 0x76, 0xb4, 0x64, 0x00, 0x00, 0x01, 0x00, 0x5a, 0xff, 0xe8, 0x04, 0x24,
    0x04, 0x5b, 0x00, 0x25, 0x00, 0x00, 0x45, 0x22, 0x26, 0x02, 0x35, 0x34, 0x12, 0x36, 0x33, 0x32,
    0x1e, 0x02, 0x17, 0x07, 0x2e, 0x03, 0x23, 0x22, 0x06, 0x06, 0x15, 0x14, 0x16, 0x16, 0x33, 0x32,
    0x3e, 0x02, 0x37, 0x17, 0x0e, 0x03, 0x02, 0x57, 0x98, 0xe6, 0x7f, 0x7f, 0xe6, 0x98, 0x57, 0x97,
    0x78, 0x52, 0x12, 0xbf, 0x0a, 0x2e, 0x44, 0x58, 0x36, 0x67, 0x8a, 0x45, 0x45, 0x8a, 0x67, 0x36,
    0x5a, 0x43, 0x2e, 0x0c, 0xbf, 0x12, 0x52, 0x79, 0x99, 0x18, 0x8f, 0x01, 0x00, 0xa9, 0xaa, 0x01,
    0x01, 0x90, 0x30, 0x58, 0x7d, 0x4e, 0x21, 0x2c, 0x49, 0x36, 0x1d, 0x6a, 0xb5, 0x70, 0x6f, 0xb3,
    0x6a, 0x1d, 0x37, 0x4c, 0x2e, 0x21, 0x4f, 0x7e, 0x5b, 0x31, 0xff, 0xff, 0x00, 0x5a, 0xfe, 0x5e,
    0x04, 0x24, 0x04, 0x5b, 0x06, 0x26, 0x00, 0x41, 0x00, 0x00, 0x00, 0x07, 0x00, 0xfb, 0x01, 0x44,
    0x00, 0x00, 0x00, 0x02, 0x00, 0x5a, 0xff, 0xea, 0x04, 0x3f, 0x05, 0xd2, 0x00, 0x16, 0x00, 0x26,
    0x00, 0x00, 0x45, 0x22, 0x26, 0x26, 0x35, 0x34, 0x36, 0x36, 0x33, 0x32, 0x16, 0x16, 0x17, 0x33,
    0x11, 0x33, 0x11, 0x23, 0x35, 0x23, 0x0e, 0x02, 0x27, 0x32, 0x36, 0x36, 0x35, 0x34, 0x26, 0x26,
    0x23, 0x22, 0x06, 0x06, 0x15, 0x14, 0x16, 0x16, 0x02, 0x2c, 0x89, 0xd3, 0x76, 0x77, 0xd3, 0x88,
    0x5e, 0x7f, 0x50, 0x18, 0x09, 0xc5, 0xc0, 0x0d, 0x19, 0x52, 0x7e, 0x38, 0x60, 0x88, 0x48, 0x47,
    0x88, 0x61, 0x61, 0x87, 0x47, 0x47, 0x88, 0x16, 0x8c, 0xff, 0xae, 0xae, 0xfe, 0x8a, 0x3c, 0x56,
    0x29, 0x02, 0x34, 0xfa, 0x2e, 0xa9, 0x2a, 0x59, 0x3c, 0xac, 0x64, 0xb4, 0x76, 0x77, 0xb0, 0x63,
    0x64, 0xb1, 0x75, 0x75, 0xb4, 0x65, 0x00, 0x01, 0x00, 0x5a, 0xff, 0xe8, 0x04, 0x3a, 0x04, 0x5b,
    0x00, 0x27, 0x00, 0x00, 0x45, 0x22, 0x26, 0x26, 0x35, 0x34, 0x12, 0x36, 0x33, 0x32, 0x1e, 0x02,
    0x15, 0x15, 0x21, 0x35, 0x21, 0x07, 0x34, 0x26, 0x26, 0x23, 0x22, 0x06, 0x06, 0x15, 0x15, 0x14,
    0x16, 0x16, 0x33, 0x32, 0x36, 0x36, 0x37, 0x17, 0x0e, 0x02, 0x02, 0x60, 0xa1, 0xe8, 0x7d, 0x7d,
    0xe2, 0x96, 0x62, 0xb1, 0x89, 0x4f, 0xfc, 0x90, 0x03, 0x07, 0x5a, 0x44, 0x84, 0x60, 0x5f, 0x88,
    0x49, 0x4f, 0x91, 0x63, 0x42, 0x6a, 0x4b, 0x12, 0xbd, 0x18, 0x7e, 0xbd, 0x18, 0x8f, 0xff, 0xa8,
    0xa9, 0x01, 0x02, 0x92, 0x44, 0x89, 0xd2, 0x8f, 0x45, 0x9d, 0x36, 0x6a, 0xa0, 0x59, 0x5b, 0x98,
    0x5e, 0x62, 0x73, 0xa4, 0x57, 0x28, 0x4c, 0x36, 0x21, 0x5a, 0x8a, 0x4e, 0xff, 0xff, 0x00, 0x5a,
    0xff, 0xe8, 0x04, 0x3a, 0x05, 0xf7, 0x06, 0x26, 0x00, 0x44, 0x00, 0x00, 0x00, 0x06, 0x00, 0xf7,
    0xf8, 0x00, 0xff, 0xff, 0x00, 0x5a, 0xff, 0xe8, 0x04, 0x3a, 0x06, 0x01, 0x06, 0x26, 0x00, 0x44,
    0x00, 0x00, 0x00, 0x07, 0x00, 0xdd, 0x00, 0xbf, 0x00, 0x00, 0xff, 0xff, 0x00, 0x5a, 0xff, 0xe8,
    0x04, 0x3a, 0x06, 0x01, 0x06, 0x26, 0x00, 0x44, 0x00, 0x00, 0x00, 0x07, 0x00, 0xdc, 0x01, 0x6c,
    0x00, 0x00, 0xff, 0xff, 0x00, 0x5a, 0xff, 0xe8, 0x04, 0x3a, 0x06, 0x01, 0x06, 0x26, 0x00, 0x44,
    0x00, 0x00, 0x00, 0x07, 0x00, 0xf9, 0x00, 0xa6, 0x00, 0x00, 0x00, 0x02, 0x00, 0x12, 0x00, 0x00,
    0x02, 0xb7, 0x06, 0x01, 0x00, 0x03, 0x00, 0x14, 0x00, 0x00, 0x41, 0x15, 0x21, 0x35, 0x13, 0x11,
    0x34, 0x36, 0x36, 0x33, 0x32, 0x16, 0x17, 0x07, 0x26, 0x26, 0x23, 0x22, 0x06, 0x15, 0x11, 0x02,
    0x97, 0xfd, 0x7b, 0xcf, 0x55, 0x8e, 0x57, 0x38, 0x52, 0x12, 0x22, 0x0d, 0x34, 0x1f, 0x4b, 0x44,
    0x04, 0x49, 0xa4, 0xa4, 0xfb, 0xb7, 0x04, 0xe1, 0x5e, 0x80, 0x42, 0x0f, 0x05, 0xa5, 0x04, 0x08,
    0x4a, 0x4a, 0xfb, 0x40, 0x00, 0x02, 0x00, 0x5a, 0xfe, 0x49, 0x04, 0x40, 0x04, 0x59, 0x00, 0x25,
    0x00, 0x35, 0x00, 0x00, 0x41, 0x22, 0x26, 0x26, 0x27, 0x37, 0x1e, 0x02, 0x33, 0x32, 0x36, 0x35,
    0x35, 0x23, 0x0e, 0x02, 0x23, 0x22, 0x26, 0x26, 0x35, 0x34, 0x36, 0x36, 0x33, 0x32, 0x16, 0x16,
    0x17, 0x33, 0x35, 0x33, 0x11, 0x14, 0x06, 0x06, 0x03, 0x32, 0x36, 0x36, 0x35, 0x34, 0x26, 0x26,
    0x23, 0x22, 0x06, 0x06, 0x15, 0x14, 0x16, 0x16, 0x02, 0x58, 0x7e, 0xbc, 0x79, 0x1b, 0xae, 0x14,
    0x46, 0x72, 0x54, 0x83, 0xa2, 0x0d, 0x19, 0x50, 0x7e, 0x5e, 0x86, 0xd3, 0x78, 0x78, 0xd3, 0x89,
    0x5d, 0x7f, 0x52, 0x19, 0x0b, 0xc0, 0x82, 0xde, 0x8e, 0x61, 0x87, 0x48, 0x47, 0x88, 0x61, 0x61,
    0x88, 0x47, 0x48, 0x88, 0xfe, 0x49, 0x44, 0x78, 0x4d, 0x3d, 0x28, 0x4a, 0x2f, 0x83, 0x85, 0xc8,
    0x2b, 0x55, 0x38, 0x82, 0xf5, 0xab, 0xab, 0xfc, 0x8a, 0x3b, 0x58, 0x2b, 0xae, 0xfb, 0xaa, 0x95,
    0xbd, 0x58, 0x02, 0x67, 0x5b, 0xab, 0x75, 0x73, 0xae, 0x62, 0x63, 0xae, 0x72, 0x74, 0xaa, 0x5d,
    0x00, 0x01, 0x00, 0x8f, 0x00, 0x00, 0x04, 0x19, 0x05, 0xd2, 0x00, 0x16, 0x00, 0x00, 0x41, 0x11,
    0x23, 0x11, 0x33, 0x11, 0x23, 0x36, 0x36, 0x33, 0x32, 0x16, 0x16, 0x15, 0x11, 0x23, 0x11, 0x34,
    0x26, 0x23, 0x22, 0x06, 0x06, 0x01, 0x54, 0xc5, 0xc4, 0x25, 0x32, 0xbb, 0x81, 0x6f, 0xad, 0x61,
    0xc5, 0x81, 0x72, 0x4c, 0x7a, 0x47, 0x02, 0x88, 0xfd, 0x78, 0x05, 0xd2, 0xfd, 0x6b, 0x96, 0x86,
    0x5e, 0xbb, 0x8c, 0xfd, 0x4c, 0x02, 0xa0, 0x7f, 0x8b, 0x41, 0x81, 0x00, 0xff, 0xff, 0x00, 0x70,
    0x00, 0x00, 0x01, 0x74, 0x05, 0xf8, 0x06, 0x26, 0x00, 0x4d, 0x00, 0x00, 0x00, 0x06, 0x00, 0xf8,
    0xfe, 0x00, 0x00, 0x01, 0x00, 0x8f, 0x00, 0x00, 0x01, 0x54, 0x04, 0x49, 0x00, 0x03, 0x00, 0x00,
    0x73, 0x11, 0x33, 0x11, 0x8f, 0xc5, 0x04, 0x49, 0xfb, 0xb7, 0xff, 0xff, 0xff, 0xa2, 0x00, 0x00,
    0x02, 0x41, 0x05, 0xf7, 0x06, 0x26, 0x00, 0x4d, 0x00, 0x00, 0x00, 0x07, 0x00, 0xf7, 0xfe, 0x9e,
    0x00, 0x00, 0xff, 0xff, 0xff, 0xe1, 0x00, 0x00, 0x01, 0x54, 0x06, 0x01, 0x06, 0x26, 0x00, 0x4d,
    0x00, 0x00, 0x00, 0x07, 0x00, 0xdd, 0xff, 0x65, 0x00, 0x00, 0xff, 0xff, 0x00, 0x8f, 0x00, 0x00,
    0x02, 0x00, 0x06, 0x01, 0x06, 0x26, 0x00, 0x4d, 0x00, 0x00, 0x00, 0x06, 0x00, 0xdc, 0x11, 0x00,
    0xff, 0xff, 0xff, 0xa7, 0x00, 0x00, 0x02, 0x3c, 0x06, 0x01, 0x06, 0x26, 0x00, 0x4d, 0x00, 0x00,
    0x00, 0x07, 0x00, 0xf9, 0xff, 0x4c, 0x00, 0x00, 0x00, 0x01, 0xff, 0xd8, 0xfe, 0x5e, 0x01, 0x54,
    0x04, 0x49, 0x00, 0x0c, 0x00, 0x00, 0x53, 0x33, 0x11, 0x14, 0x06, 0x06, 0x23, 0x23, 0x35, 0x33,
    0x32, 0x36, 0x35, 0x8e, 0xc6, 0x4a, 0x92, 0x6a, 0x36, 0x2b, 0x49, 0x42, 0x04, 0x49, 0xfb, 0x56,
    0x64, 0x90, 0x4d, 0xad, 0x50, 0x4e, 0xff, 0xff, 0xff, 0xd8, 0xfe, 0x5e, 0x01, 0x73, 0x05, 0xf8,
    0x06, 0x26, 0x00, 0x52, 0x00, 0x00, 0x00, 0x06, 0x00, 0xf8, 0xfd, 0x00, 0x00, 0x03, 0x00, 0x8f,
    0x00, 0x00, 0x04, 0x45, 0x05, 0xd2, 0x00, 0x06, 0x00, 0x0a, 0x00, 0x0e, 0x00, 0x00, 0x41, 0x35,
    0x33, 0x01, 0x33, 0x01, 0x23, 0x01, 0x11, 0x33, 0x11, 0x21, 0x01, 0x37, 0x01, 0x01, 0x46, 0x1d,
    0x01, 0xcf, 0xf2, 0xfe, 0x02, 0x1b, 0xfe, 0x84, 0xc5, 0x01, 0xfa, 0xfe, 0x63, 0x8a, 0x02, 0x0a,
    0x01, 0x7e, 0xef, 0x01, 0xdc, 0xfd, 0xf3, 0xfd, 0xc4, 0x05, 0xd2, 0xfa, 0x2e, 0x02, 0x10, 0x8a,
    0xfd, 0x66, 0x00, 0x01, 0x00, 0x8f, 0x00, 0x00, 0x01, 0x54, 0x05, 0xd2, 0x00, 0x03, 0x00, 0x00,
    0x41, 0x11, 0x23, 0x11, 0x01, 0x54, 0xc5, 0x05, 0xd2, 0xfa, 0x2e, 0x05, 0xd2, 0x00, 0x00, 0x01,
    0x00, 0x8f, 0x00, 0x00, 0x06, 0x67, 0x04, 0x5d, 0x00, 0x29, 0x00, 0x00, 0x73, 0x11, 0x33, 0x17,
    0x23, 0x3e, 0x02, 0x33, 0x32, 0x16, 0x17, 0x23, 0x3e, 0x02, 0x33, 0x32, 0x16, 0x16, 0x15, 0x11,
    0x23, 0x11, 0x34, 0x26, 0x23, 0x22, 0x06, 0x06, 0x15, 0x11, 0x23, 0x11, 0x34, 0x26, 0x23, 0x22,
    0x06, 0x06, 0x15, 0x11, 0x8f, 0xbe, 0x02, 0x11, 0x1a, 0x64, 0x84, 0x49, 0x7a, 0x9e, 0x17, 0x1c,
    0x15, 0x68, 0x95, 0x59, 0x62, 0xa0, 0x5e, 0xc5, 0x83, 0x57, 0x49, 0x69, 0x39, 0xc4, 0x78, 0x5c,
    0x40, 0x6e, 0x43, 0x04, 0x49, 0xf3, 0x59, 0x74, 0x3a, 0x93, 0x77, 0x51, 0x78, 0x41, 0x55, 0xaa,
    0x80, 0xfd, 0x22, 0x02, 0xd2, 0x75, 0x66, 0x3d, 0x6b, 0x45, 0xfd, 0x40, 0x02, 0xe2, 0x5c, 0x6f,
    0x3b, 0x74, 0x56, 0xfd, 0x58, 0x00, 0x00, 0x01, 0x00, 0x8f, 0x00, 0x00, 0x04, 0x19, 0x04, 0x59,
    0x00, 0x16, 0x00, 0x00, 0x41, 0x11, 0x23, 0x11, 0x33, 0x13, 0x23, 0x36, 0x36, 0x33, 0x32, 0x16,
    0x16, 0x15, 0x11, 0x23, 0x11, 0x34, 0x26, 0x23, 0x22, 0x06, 0x06, 0x01, 0x54, 0xc5, 0xbe, 0x01,
    0x20, 0x32, 0xbb, 0x81, 0x6f, 0xac, 0x62, 0xc5, 0x81, 0x72, 0x4c, 0x7a, 0x47, 0x02, 0x88, 0xfd,
    0x78, 0x04, 0x49, 0xfe, 0xf4, 0x96, 0x86, 0x5e, 0xbb, 0x8c, 0xfd, 0x4c, 0x02, 0xa0, 0x7f, 0x8b,
    0x41, 0x81, 0xff, 0xff, 0x00, 0x8f, 0x00, 0x00, 0x04, 0x19, 0x05, 0xe6, 0x06, 0x26, 0x00, 0x57,
    0x00, 0x00, 0x00, 0x06, 0x00, 0xdf, 0x5a, 0x00, 0x00, 0x02, 0x00, 0x5a, 0xff, 0xe8, 0x04, 0x56,
    0x04, 0x5b, 0x00, 0x0f, 0x00, 0x1f, 0x00, 0x00, 0x45, 0x22, 0x26, 0x02, 0x35, 0x34, 0x12, 0x36,
    0x33, 0x32, 0x16, 0x12, 0x15, 0x14, 0x02, 0x06, 0x27, 0x32, 0x36, 0x36, 0x35, 0x34, 0x26, 0x26,
    0x23, 0x22, 0x06, 0x06, 0x15, 0x14, 0x16, 0x16, 0x02, 0x57, 0x98, 0xe5, 0x80, 0x80, 0xe5, 0x98,
    0x9a, 0xe5, 0x80, 0x80, 0xe5, 0x9a, 0x68, 0x8a, 0x46, 0x46, 0x8a, 0x68, 0x66, 0x8a, 0x45, 0x45,
    0x8a, 0x18, 0x8f, 0x01, 0x00, 0xa9, 0xaa, 0x01, 0x01, 0x90, 0x90, 0xfe, 0xff, 0xaa, 0xa9, 0xff,
    0x00, 0x8f, 0xac, 0x6a, 0xb3, 0x6f, 0x6f, 0xb5, 0x6b, 0x6b, 0xb4, 0x70, 0x6f, 0xb3, 0x6a, 0x00,
    0xff, 0xff, 0x00, 0x5a, 0xff, 0xe8, 0x04, 0x56, 0x05, 0xf7, 0x06, 0x26, 0x00, 0x59, 0x00, 0x00,
    0x00, 0x06, 0x00, 0xf7, 0x04, 0x00, 0xff, 0xff, 0x00, 0x5a, 0xff, 0xe8, 0x04, 0x56, 0x05, 0xe6,
    0x06, 0x26, 0x00, 0x59, 0x00, 0x00, 0x00, 0x06, 0x00, 0xdf, 0x5e, 0x00, 0xff, 0xff, 0x00, 0x48,
    0xff, 0xd2, 0x04, 0x68, 0x04, 0x77, 0x06, 0x26, 0x00, 0x59, 0x00, 0x00, 0x00, 0x06, 0x00, 0xfe,
    0x01, 0x00, 0xff, 0xff, 0x00, 0x5a, 0xff, 0xe8, 0x04, 0x56, 0x06, 0x01, 0x06, 0x26, 0x00, 0x59,
    0x00, 0x00, 0x00, 0x07, 0x00, 0xdd, 0x00, 0xcb, 0x00, 0x00, 0xff, 0xff, 0x00, 0x5a, 0xff, 0xe8,
    0x04, 0x56, 0x06, 0x01, 0x06, 0x26, 0x00, 0x59, 0x00, 0x00, 0x00, 0x07, 0x00, 0xdc, 0x01, 0x77,
    0x00, 0x00, 0xff, 0xff, 0x00, 0x5a, 0xff, 0xe8, 0x04, 0x56, 0x06, 0x01, 0x06, 0x26, 0x00, 0x59,
    0x00, 0x00, 0x00, 0x07, 0x00, 0xf9, 0x00, 0xb2, 0x00, 0x00, 0x00, 0x02, 0x00, 0x8f, 0xfe, 0x5e,
    0x04, 0x74, 0x04, 0x59, 0x00, 0x16, 0x00, 0x26, 0x00, 0x00, 0x53, 0x11, 0x33, 0x15, 0x33, 0x3e,
    0x02, 0x33, 0x32, 0x16, 0x16, 0x15, 0x14, 0x06, 0x06, 0x23, 0x22, 0x26, 0x26, 0x27, 0x23, 0x11,
    0x01, 0x32, 0x36, 0x36, 0x35, 0x34, 0x26, 0x26, 0x23, 0x22, 0x06, 0x06, 0x15, 0x14, 0x16, 0x16,
    0x8f, 0xbf, 0x0e, 0x18, 0x50, 0x80, 0x5d, 0x8a, 0xd2, 0x77, 0x76, 0xd2, 0x8a, 0x5c, 0x7f, 0x51,
    0x19, 0x09, 0x01, 0x29, 0x61, 0x87, 0x47, 0x47, 0x87, 0x61, 0x61, 0x88, 0x47, 0x48, 0x88, 0xfe,
    0x5e, 0x05, 0xeb, 0xab, 0x29, 0x56, 0x3c, 0x8a, 0xfe, 0xae, 0xae, 0xff, 0x8c, 0x3c, 0x59, 0x2a,
    0xfd, 0xb5, 0x02, 0x38, 0x65, 0xb4, 0x75, 0x75, 0xb1, 0x64, 0x63, 0xb0, 0x77, 0x76, 0xb4, 0x64,
    0x00, 0x02, 0x00, 0x5a, 0xfe, 0x5e, 0x04, 0x3f, 0x04, 0x59, 0x00, 0x16, 0x00, 0x26, 0x00, 0x00,
    0x41, 0x23, 0x11, 0x23, 0x0e, 0x02, 0x23, 0x22, 0x26, 0x26, 0x35, 0x34, 0x36, 0x36, 0x33, 0x32,
    0x16, 0x16, 0x17, 0x33, 0x35, 0x33, 0x01, 0x32, 0x36, 0x36, 0x35, 0x34, 0x26, 0x26, 0x23, 0x22,
    0x06, 0x06, 0x15, 0x14, 0x16, 0x16, 0x04, 0x3f, 0xc5, 0x09, 0x19, 0x52, 0x7d, 0x5d, 0x89, 0xd3,
    0x76, 0x77, 0xd3, 0x88, 0x5e, 0x7f, 0x51, 0x18, 0x0d, 0xc0, 0xfe, 0x12, 0x60, 0x88, 0x48, 0x47,
    0x88, 0x61, 0x61, 0x87, 0x47, 0x47, 0x88, 0xfe, 0x5e, 0x02, 0x4b, 0x2a, 0x59, 0x3c, 0x8c, 0xff,
    0xae, 0xae, 0xfe, 0x8a, 0x3c, 0x56, 0x29, 0xab, 0xfc, 0x4d, 0x64, 0xb4, 0x76, 0x77, 0xb0, 0x63,
    0x64, 0xb1, 0x75, 0x75, 0xb4, 0x65, 0x00, 0x01, 0x00, 0x8f, 0x00, 0x00, 0x02, 0xc0, 0x04, 0x59,
    0x00, 0x13, 0x00, 0x00, 0x73, 0x11, 0x33, 0x15, 0x33, 0x36, 0x36, 0x33, 0x32, 0x16, 0x17, 0x15,
    0x26, 0x26, 0x23, 0x22, 0x06, 0x06, 0x15, 0x11, 0x8f, 0xbe, 0x09, 0x1e, 0x92, 0x64, 0x15, 0x32,
    0x0f, 0x0a, 0x40, 0x24, 0x48, 0x74, 0x42, 0x04, 0x49, 0xad, 0x57, 0x66, 0x03, 0x02, 0xbf, 0x02,
    0x09, 0x3e, 0x73, 0x4f, 0xfd, 0x60, 0x00, 0x01, 0x00, 0x5d, 0xff, 0xe8, 0x03, 0xc9, 0x04, 0x5b,
    0x00, 0x2b, 0x00, 0x00, 0x45, 0x22, 0x26, 0x26, 0x27, 0x37, 0x16, 0x16, 0x33, 0x32, 0x36, 0x35,
    0x34, 0x26, 0x27, 0x27, 0x26, 0x26, 0x35, 0x34, 0x36, 0x36, 0x33, 0x32, 0x16, 0x16, 0x17, 0x07,
    0x26, 0x26, 0x23, 0x22, 0x06, 0x15, 0x14, 0x16, 0x17, 0x17, 0x16, 0x16, 0x15, 0x14, 0x06, 0x06,
    0x02, 0x12, 0x76, 0xba, 0x75, 0x10, 0xbd, 0x12, 0x7f, 0x65, 0x6e, 0x81, 0x52, 0x4d, 0xb6, 0x98,
    0x97, 0x6a, 0xbb, 0x78, 0x75, 0xab, 0x68, 0x12, 0xb6, 0x0f, 0x6d, 0x66, 0x5f, 0x7a, 0x55, 0x58,
    0xaf, 0x99, 0x93, 0x70, 0xc6, 0x18, 0x47, 0x8d, 0x67, 0x1c, 0x5a, 0x58, 0x5b, 0x42, 0x39, 0x47,
    0x12, 0x2a, 0x23, 0x98, 0x76, 0x60, 0x92, 0x52, 0x4b, 0x85, 0x59, 0x1d, 0x43, 0x61, 0x57, 0x42,
    0x3a, 0x48, 0x14, 0x28, 0x23, 0x94, 0x74, 0x63, 0x97, 0x55, 0x00, 0x01, 0x00, 0xa2, 0x00, 0x00,
    0x04, 0x80, 0x05, 0xe6, 0x00, 0x2b, 0x00, 0x00, 0x73, 0x11, 0x34, 0x36, 0x36, 0x33, 0x32, 0x16,
    0x16, 0x15, 0x14, 0x06, 0x07, 0x15, 0x16, 0x16, 0x15, 0x14, 0x06, 0x06, 0x23, 0x23, 0x35, 0x33,
    0x32, 0x36, 0x35, 0x34, 0x26, 0x23, 0x23, 0x35, 0x33, 0x32, 0x36, 0x36, 0x35, 0x34, 0x26, 0x23,
    0x22, 0x06, 0x15, 0x11, 0xa2, 0x71, 0xca, 0x83, 0x81, 0xcc, 0x78, 0x7e, 0x6a, 0x91, 0xb2, 0x6e,
    0xc8, 0x85, 0xa9, 0xa3, 0x72, 0x87, 0x96, 0x80, 0x80, 0x5a, 0x45, 0x65, 0x37, 0x84, 0x73, 0x6e,
    0x8f, 0x04, 0x52, 0x7d, 0xb6, 0x61, 0x5d, 0xad, 0x79, 0x7c, 0xad, 0x24, 0x0e, 0x0e, 0xc5, 0x9b,
    0x78, 0xb9, 0x69, 0xb2, 0x86, 0x68, 0x6e, 0x8c, 0xb3, 0x46, 0x71, 0x40, 0x64, 0x8b, 0x82, 0x68,
    0xfb, 0xb7, 0x00, 0x02, 0x00, 0x12, 0xff, 0xf6, 0x02, 0x77, 0x05, 0x5b, 0x00, 0x03, 0x00, 0x13,
    0x00, 0x00, 0x41, 0x15, 0x21, 0x35, 0x13, 0x33, 0x11, 0x14, 0x16, 0x33, 0x32, 0x36, 0x37, 0x17,
    0x06, 0x06, 0x23, 0x22, 0x26, 0x35, 0x02, 0x63, 0xfd, 0xaf, 0xad, 0xc5, 0x38, 0x43, 0x13, 0x37,
    0x15, 0x19, 0x1e, 0x48, 0x23, 0x93, 0x9c, 0x04, 0x49, 0xa4, 0xa4, 0x01, 0x12, 0xfb, 0xc4, 0x44,
    0x3c, 0x06, 0x02, 0xa2, 0x08, 0x07, 0x90, 0x86, 0x00, 0x01, 0x00, 0x8f, 0xff, 0xf0, 0x04, 0x19,
    0x04, 0x49, 0x00, 0x16, 0x00, 0x00, 0x45, 0x22, 0x26, 0x26, 0x35, 0x11, 0x33, 0x11, 0x14, 0x16,
    0x33, 0x32, 0x36, 0x36, 0x35, 0x11, 0x33, 0x11, 0x23, 0x11, 0x33, 0x06, 0x06, 0x02, 0x0c, 0x6f,
    0xad, 0x61, 0xc5, 0x82, 0x71, 0x4c, 0x7a, 0x47, 0xc5, 0xbe, 0x1f, 0x33, 0xbc, 0x10, 0x5e, 0xbc,
    0x8b, 0x02, 0xb4, 0xfd, 0x60, 0x7f, 0x8b, 0x41, 0x82, 0x5f, 0x02, 0x88, 0xfb, 0xb7, 0x01, 0x0c,
    0x96, 0x86, 0xff, 0xff, 0x00, 0x8f, 0xff, 0xf0, 0x04, 0x19, 0x05, 0xf7, 0x06, 0x26, 0x00, 0x66,
    0x00, 0x00, 0x00, 0x06, 0x00, 0xf7, 0x00, 0x00, 0x00, 0x01, 0x00, 0x8f, 0xfe, 0x5e, 0x04, 0xa1,
    0x04, 0x49, 0x00, 0x25, 0x00, 0x00, 0x53, 0x11, 0x33, 0x11, 0x14, 0x16, 0x16, 0x33, 0x32, 0x36,
    0x36, 0x35, 0x11, 0x33, 0x11, 0x14, 0x16, 0x33, 0x33, 0x15, 0x23, 0x22, 0x26, 0x35, 0x35, 0x33,
    0x14, 0x0e, 0x02, 0x23, 0x22, 0x2e, 0x02, 0x35, 0x33, 0x11, 0x8f, 0xc5, 0x45, 0x75, 0x49, 0x4a,
    0x72, 0x42, 0xc4, 0x2f, 0x3a, 0x1f, 0x30, 0x8c, 0x8b, 0x2b, 0x3b, 0x5e, 0x68, 0x2c, 0x2d, 0x69,
    0x5c, 0x3c, 0x2a, 0xfe, 0x5e, 0x05, 0xeb, 0xfd, 0x71, 0x64, 0x80, 0x3b, 0x3c, 0x7f, 0x64, 0x02,
    0x8f, 0xfc, 0xbd, 0x35, 0x2b, 0xa6, 0x83, 0x7d, 0x65, 0x6f, 0x90, 0x51, 0x21, 0x21, 0x51, 0x90,
    0x6f, 0xfc, 0xf9, 0x00, 0xff, 0xff, 0x00, 0x8f, 0xff, 0xf0, 0x04, 0x19, 0x06, 0x01, 0x06, 0x26,
    0x00, 0x66, 0x00, 0x00, 0x00, 0x07, 0x00, 0xdd, 0x00, 0xc7, 0x00, 0x00, 0xff, 0xff, 0x00, 0x8f,
    0xff, 0xf0, 0x04, 0x19, 0x06, 0x01, 0x06, 0x26, 0x00, 0x66, 0x00, 0x00, 0x00, 0x07, 0x00, 0xdc,
    0x01, 0x73, 0x00, 0x00, 0xff, 0xff, 0x00, 0x8f, 0xff, 0xf0, 0x04, 0x19, 0x06, 0x01, 0x06, 0x26,
    0x00, 0x66, 0x00, 0x00, 0x00, 0x07, 0x00, 0xf9, 0x00, 0xae, 0x00, 0x00, 0x00, 0x01, 0x00, 0x2a,
    0x00, 0x00, 0x04, 0x40, 0x04, 0x49, 0x00, 0x0d, 0x00, 0x00, 0x61, 0x01, 0x33, 0x13, 0x16, 0x16,
    0x17, 0x23, 0x36, 0x36, 0x37, 0x13, 0x33, 0x01, 0x01, 0xcc, 0xfe, 0x5e, 0xd6, 0xe2, 0x22, 0x35,
    0x1b, 0x3b, 0x1c, 0x34, 0x22, 0xe1, 0xd4, 0xfe, 0x5d, 0x04, 0x49, 0xfd, 0x8a, 0x60, 0xbf, 0x5d,
    0x5d, 0xbf, 0x60, 0x02, 0x76, 0xfb, 0xb7, 0x00, 0x00, 0x01, 0x00, 0x33, 0x00, 0x00, 0x06, 0x3a,
    0x04, 0x49, 0x00, 0x23, 0x00, 0x00, 0x61, 0x01, 0x33, 0x13, 0x16, 0x16, 0x17, 0x23, 0x36, 0x36,
    0x37, 0x13, 0x33, 0x13, 0x16, 0x16, 0x17, 0x23, 0x36, 0x36, 0x37, 0x13, 0x33, 0x01, 0x23, 0x03,
    0x2e, 0x02, 0x27, 0x33, 0x0e, 0x02, 0x07, 0x03, 0x01, 0x82, 0xfe, 0xb1, 0xd0, 0x81, 0x1c, 0x3d,
    0x1d, 0x1d, 0x1d, 0x3d, 0x1d, 0x81, 0xc6, 0x7f, 0x1d, 0x3b, 0x1e, 0x20, 0x1f, 0x3c, 0x1d, 0x82,
    0xd0, 0xfe, 0xb2, 0xc8, 0x8c, 0x15, 0x28, 0x26, 0x14, 0x2c, 0x14, 0x27, 0x28, 0x15, 0x8d, 0x04,
    0x49, 0xfe, 0x2e, 0x68, 0xf5, 0x8f, 0x8a, 0xf6, 0x6c, 0x01, 0xd2, 0xfe, 0x2e, 0x6a, 0xf5, 0x8d,
    0x8c, 0xf5, 0x6b, 0x01, 0xd2, 0xfb, 0xb7, 0x01, 0xe6, 0x49, 0x9b, 0xa0, 0x4f, 0x4f, 0xa0, 0x9c,
    0x48, 0xfe, 0x1a, 0x00, 0x00, 0x01, 0x00, 0x32, 0x00, 0x00, 0x04, 0x1d, 0x04, 0x49, 0x00, 0x1b,
    0x00, 0x00, 0x73, 0x01, 0x07, 0x01, 0x33, 0x17, 0x16, 0x16, 0x17, 0x23, 0x36, 0x36, 0x37, 0x37,
    0x33, 0x01, 0x35, 0x01, 0x23, 0x27, 0x26, 0x26, 0x27, 0x33, 0x06, 0x06, 0x07, 0x07, 0x32, 0x01,
    0xb7, 0x01, 0xfe, 0x61, 0xe2, 0x85, 0x32, 0x4f, 0x29, 0x5d, 0x2a, 0x4b, 0x33, 0x88, 0xde, 0xfe,
    0x5e, 0x01, 0xb4, 0xe1, 0x9e, 0x31, 0x4d, 0x29, 0x5e, 0x29, 0x4a, 0x31, 0x9f, 0x02, 0x7b, 0x92,
    0x02, 0x60, 0xce, 0x4d, 0x8d, 0x44, 0x44, 0x8d, 0x4d, 0xce, 0xfd, 0x9b, 0x90, 0xfd, 0x8c, 0xef,
    0x4b, 0x89, 0x41, 0x41, 0x89, 0x4b, 0xef, 0x00, 0x00, 0x01, 0x00, 0x2a, 0xfe, 0x59, 0x04, 0x40,
    0x04, 0x49, 0x00, 0x1a, 0x00, 0x00, 0x53, 0x37, 0x17, 0x16, 0x36, 0x36, 0x37, 0x37, 0x01, 0x33,
    0x13, 0x16, 0x16, 0x17, 0x23, 0x36, 0x36, 0x37, 0x13, 0x33, 0x01, 0x0e, 0x02, 0x23, 0x22, 0x26,
    0x88, 0x21, 0x33, 0x30, 0x4d, 0x3c, 0x15, 0x25, 0xfe, 0x5b, 0xd6, 0xe2, 0x23, 0x33, 0x1c, 0x3e,
    0x1c, 0x36, 0x22, 0xe3, 0xd3, 0xfe, 0x19, 0x20, 0x5d, 0x7e, 0x50, 0x2b, 0x46, 0xfe, 0x68, 0xa6,
    0x04, 0x09, 0x11, 0x44, 0x41, 0x68, 0x04, 0x4a, 0xfd, 0x8a, 0x61, 0xbe, 0x5d, 0x5d, 0xbf, 0x60,
    0x02, 0x76, 0xfb, 0x0c, 0x54, 0x70, 0x38, 0x09, 0xff, 0xff, 0x00, 0x2a, 0xfe, 0x59, 0x04, 0x40,
    0x05, 0xf7, 0x06, 0x26, 0x00, 0x6f, 0x00, 0x00, 0x00, 0x06, 0x00, 0xf7, 0xe1, 0x00, 0xff, 0xff,
    0x00, 0x2a, 0xfe, 0x59, 0x04, 0x40, 0x06, 0x01, 0x06, 0x26, 0x00, 0x6f, 0x00, 0x00, 0x00, 0x07,
    0x00, 0xdc, 0x01, 0x54, 0x00, 0x00, 0x00, 0x01, 0x00, 0x73, 0x00, 0x00, 0x03, 0xd0, 0x04, 0x49,
    0x00, 0x0b, 0x00, 0x00, 0x73, 0x35, 0x01, 0x35, 0x21, 0x35, 0x21, 0x15, 0x01, 0x15, 0x21, 0x15,
    0x73, 0x02, 0x57, 0xfd, 0xb6, 0x03, 0x41, 0xfd, 0xb8, 0x02, 0x57, 0x8e, 0x03, 0x04, 0x08, 0xaf,
    0x97, 0xfd, 0x05, 0x08, 0xaf, 0x00, 0x00, 0x02, 0x00, 0x98, 0x00, 0x00, 0x04, 0x71, 0x05, 0xd2,
    0x00, 0x03, 0x00, 0x19, 0x00, 0x00, 0x53, 0x33, 0x11, 0x23, 0x13, 0x05, 0x32, 0x16, 0x16, 0x15,
    0x14, 0x06, 0x06, 0x23, 0x21, 0x35, 0x21, 0x32, 0x36, 0x36, 0x35, 0x34, 0x26, 0x26, 0x23, 0x21,
    0x98, 0xd0, 0xd0, 0x62, 0x01, 0x80, 0xa3, 0xe0, 0x74, 0x74, 0xe0, 0xa3, 0xfe, 0x80, 0x01, 0x80,
    0x65, 0x89, 0x46, 0x46, 0x89, 0x65, 0xfe, 0x80, 0x05, 0xd2, 0xfa, 0x2e, 0x04, 0xa5, 0x01, 0x75,
    0xc3, 0x78, 0x79, 0xc4, 0x74, 0xaf, 0x3e, 0x71, 0x4f, 0x4f, 0x75, 0x40, 0x00, 0x03, 0x00, 0x5a,
    0xff, 0xe8, 0x04, 0x3e, 0x06, 0x2c, 0x00, 0x03, 0x00, 0x1e, 0x00, 0x2e, 0x00, 0x00, 0x41, 0x01,
    0x27, 0x01, 0x01, 0x22, 0x26, 0x26, 0x35, 0x34, 0x36, 0x36, 0x33, 0x32, 0x16, 0x16, 0x17, 0x33,
    0x2e, 0x02, 0x27, 0x37, 0x16, 0x16, 0x12, 0x12, 0x15, 0x14, 0x02, 0x06, 0x27, 0x3e, 0x02, 0x35,
    0x34, 0x26, 0x26, 0x23, 0x22, 0x06, 0x06, 0x15, 0x14, 0x16, 0x16, 0x03, 0xba, 0xfd, 0x9b, 0x2b,
    0x02, 0x64, 0xfe, 0xbe, 0x97, 0xe1, 0x7a, 0x77, 0xcb, 0x7e, 0x52, 0x7a, 0x56, 0x19, 0x10, 0x23,
    0x8a, 0xdf, 0xa5, 0x43, 0x83, 0xfc, 0xce, 0x7a, 0x7c, 0xdf, 0x95, 0x64, 0x88, 0x47, 0x40, 0x87,
    0x6c, 0x66, 0x87, 0x43, 0x3f, 0x87, 0x05, 0x85, 0xfe, 0xd5, 0x72, 0x01, 0x2b, 0xf9, 0xf1, 0x8a,
    0xf2, 0x9c, 0x9d, 0xf0, 0x88, 0x37, 0x52, 0x2a, 0x5e, 0xcf, 0xc9, 0x51, 0x83, 0x3b, 0xbf, 0xfe,
    0xfc, 0xfe, 0xba, 0xc1, 0xb4, 0xfe, 0xfe, 0x89, 0xaa, 0x01, 0x5f, 0xa2, 0x65, 0x5d, 0xb1, 0x74,
    0x67, 0xab, 0x66, 0x61, 0xa8, 0x67, 0x00, 0x02, 0x00, 0x63, 0xff, 0x27, 0x04, 0xb3, 0x06, 0xab,
    0x00, 0x03, 0x00, 0x36, 0x00, 0x00, 0x45, 0x11, 0x33, 0x11, 0x27, 0x22, 0x26, 0x26, 0x27, 0x33,
    0x1e, 0x02, 0x33, 0x32, 0x36, 0x36, 0x35, 0x34, 0x26, 0x26, 0x27, 0x27, 0x26, 0x26, 0x35, 0x34,
    0x36, 0x36, 0x33, 0x32, 0x16, 0x16, 0x17, 0x23, 0x26, 0x26, 0x23, 0x22, 0x06, 0x06, 0x15, 0x14,
    0x16, 0x16, 0x17, 0x17, 0x1e, 0x03, 0x15, 0x14, 0x06, 0x06, 0x02, 0x49, 0x87, 0x40, 0xa8, 0xf6,
    0x89, 0x06, 0xd1, 0x06, 0x5c, 0x9a, 0x60, 0x64, 0x9b, 0x58, 0x47, 0x81, 0x59, 0xad, 0xc5, 0xcb,
    0x87, 0xec, 0x96, 0x99, 0xe6, 0x83, 0x04, 0xc9, 0x0b, 0xb0, 0x87, 0x5d, 0x8d, 0x4e, 0x51, 0x81,
    0x48, 0x98, 0x51, 0x99, 0x7a, 0x48, 0x83, 0xf5, 0xd9, 0x07, 0x84, 0xf8, 0x7c, 0xc0, 0x6f, 0xcb,
    0x8c, 0x59, 0x79, 0x3d, 0x3e, 0x72, 0x4c, 0x41, 0x57, 0x3c, 0x17, 0x2e, 0x34, 0xbf, 0x97, 0x81,
    0xbf, 0x6a, 0x6c, 0xbf, 0x7e, 0x74, 0x80, 0x3d, 0x69, 0x44, 0x44, 0x59, 0x37, 0x13, 0x28, 0x14,
    0x40, 0x61, 0x8a, 0x5f, 0x7f, 0xc5, 0x70, 0x00, 0x00, 0x02, 0x00, 0x5a, 0x00, 0x00, 0x04, 0x24,
    0x05, 0xd2, 0x00, 0x03, 0x00, 0x29, 0x00, 0x00, 0x61, 0x11, 0x33, 0x11, 0x27, 0x22, 0x26, 0x02,
    0x35, 0x34, 0x12, 0x36, 0x33, 0x32, 0x1e, 0x02, 0x17, 0x07, 0x2e, 0x03, 0x23, 0x22, 0x06, 0x06,
    0x15, 0x14, 0x16, 0x16, 0x33, 0x32, 0x3e, 0x02, 0x37, 0x17, 0x0e, 0x03, 0x02, 0x10, 0x7f, 0x38,
    0x98, 0xe6, 0x7f, 0x7f, 0xe6, 0x98, 0x57, 0x97, 0x78, 0x52, 0x12, 0xbf, 0x0a, 0x2e, 0x44, 0x58,
    0x36, 0x67, 0x8a, 0x45, 0x45, 0x8a, 0x67, 0x36, 0x5a, 0x43, 0x2e, 0x0c, 0xbf, 0x12, 0x52, 0x79,
    0x99, 0x05, 0xd2, 0xfa, 0x2e, 0xaf, 0x8f, 0x01, 0x00, 0xa8, 0xab, 0x01, 0x01, 0x8f, 0x2f, 0x59,
    0x7d, 0x4d, 0x21, 0x2c, 0x49, 0x35, 0x1e, 0x6b, 0xb4, 0x71, 0x6e, 0xb4, 0x69, 0x1d, 0x37, 0x4c,
    0x2d, 0x21, 0x4e, 0x7e, 0x5b, 0x31, 0x00, 0x05, 0x00, 0x14, 0x00, 0x00, 0x04, 0x46, 0x05, 0xd2,
    0x00, 0x03, 0x00, 0x07, 0x00, 0x0b, 0x00, 0x0f, 0x00, 0x13, 0x00, 0x00, 0x53, 0x01, 0x07, 0x09,
    0x02, 0x33, 0x01, 0x37, 0x11, 0x23, 0x11, 0x05, 0x15, 0x21, 0x35, 0x01, 0x15, 0x21, 0x35, 0xf4,
    0x01, 0x6e, 0x99, 0xfe, 0x4b, 0x01, 0xe2, 0x01, 0x6f, 0xe1, 0xfe, 0x49, 0x03, 0xcd, 0x02, 0x0d,
    0xfc, 0xae, 0x03, 0x52, 0xfc, 0xae, 0x05, 0xd2, 0xfc, 0xd2, 0x4f, 0x03, 0x7d, 0xfc, 0xd2, 0x03,
    0x2e, 0xfc, 0x83, 0xb9, 0xfc, 0xf2, 0x03, 0x0e, 0x23, 0x8d, 0x8d, 0xfe, 0xe0, 0x8d, 0x8d, 0x00,
    0x00, 0x03, 0x00, 0x61, 0x00, 0x00, 0x04, 0x76, 0x05, 0xe6, 0x00, 0x1b, 0x00, 0x27, 0x00, 0x2b,
    0x00, 0x00, 0x77, 0x35, 0x32, 0x36, 0x27, 0x03, 0x26, 0x36, 0x36, 0x33, 0x32, 0x16, 0x16, 0x17,
    0x07, 0x26, 0x26, 0x23, 0x22, 0x06, 0x06, 0x17, 0x13, 0x16, 0x0e, 0x03, 0x07, 0x35, 0x21, 0x32,
    0x36, 0x35, 0x35, 0x33, 0x15, 0x14, 0x06, 0x23, 0x01, 0x35, 0x21, 0x15, 0x61, 0x56, 0x54, 0x04,
    0x19, 0x05, 0x71, 0xd2, 0x8e, 0x79, 0xbe, 0x77, 0x0c, 0xbe, 0x0d, 0x82, 0x6c, 0x59, 0x79, 0x3a,
    0x02, 0x17, 0x03, 0x31, 0x53, 0x62, 0x5f, 0x25, 0x03, 0x0b, 0x2b, 0x24, 0xbb, 0x83, 0x8a, 0xfc,
    0xf8, 0x03, 0x1d, 0x84, 0x2f, 0x60, 0x61, 0x02, 0x9f, 0x89, 0xd3, 0x77, 0x65, 0xb6, 0x7a, 0x14,
    0x72, 0x84, 0x48, 0x7e, 0x53, 0xfd, 0x66, 0x44, 0x5c, 0x37, 0x1c, 0x09, 0x84, 0xb3, 0x26, 0x2a,
    0x3d, 0x30, 0x87, 0x89, 0x02, 0x99, 0x9e, 0x9e, 0x00, 0x03, 0x00, 0x2b, 0xff, 0xec, 0x04, 0xd8,
    0x05, 0xe6, 0x00, 0x03, 0x00, 0x07, 0x00, 0x27, 0x00, 0x00, 0x41, 0x07, 0x21, 0x37, 0x01, 0x07,
    0x21, 0x37, 0x01, 0x07, 0x2e, 0x02, 0x23, 0x22, 0x06, 0x02, 0x15, 0x14, 0x12, 0x16, 0x33, 0x32,
    0x36, 0x36, 0x37, 0x17, 0x06, 0x06, 0x23, 0x22, 0x24, 0x02, 0x35, 0x34, 0x12, 0x24, 0x33, 0x32,
    0x16, 0x04, 0x28, 0x44, 0xfc, 0x47, 0x36, 0x03, 0x47, 0x45, 0xfc, 0xc8, 0x36, 0x04, 0x77, 0x4f,
    0x2b, 0x62, 0x71, 0x40, 0x77, 0xbc, 0x6c, 0x6c, 0xbc, 0x77, 0x41, 0x70, 0x60, 0x27, 0x51, 0x4d,
    0xcc, 0x70, 0xb4, 0xfe, 0xe8, 0x9e, 0x9e, 0x01, 0x18, 0xb4, 0x73, 0xc9, 0x03, 0xc5, 0x93, 0x93,
    0xfe, 0xdb, 0x95, 0x95, 0x02, 0xaf, 0xaa, 0x26, 0x3b, 0x22, 0x82, 0xff, 0x00, 0xbe, 0xbc, 0xfe,
    0xff, 0x81, 0x22, 0x38, 0x20, 0xa9, 0x47, 0x48, 0xb9, 0x01, 0x56, 0xed, 0xed, 0x01, 0x58, 0xb9,
    0x4d, 0x00, 0x00, 0x02, 0x00, 0x6b, 0xff, 0xeb, 0x04, 0xa3, 0x05, 0xe7, 0x00, 0x0f, 0x00, 0x1f,
    0x00, 0x00, 0x45, 0x22, 0x26, 0x02, 0x35, 0x34, 0x12, 0x36, 0x33, 0x32, 0x16, 0x12, 0x15, 0x14,
    0x02, 0x06, 0x27, 0x32, 0x36, 0x12, 0x35, 0x34, 0x02, 0x26, 0x23, 0x22, 0x06, 0x02, 0x15, 0x14,
    0x12, 0x16, 0x02, 0x87, 0xa9, 0xf2, 0x81, 0x82, 0xf1, 0xa9, 0xa9, 0xf2, 0x81, 0x80, 0xf2, 0xaa,
    0x6c, 0x98, 0x51, 0x51, 0x98, 0x6c, 0x6c, 0x98, 0x51, 0x51, 0x98, 0x15, 0xb7, 0x01, 0x56, 0xf0,
    0xf0, 0x01, 0x57, 0xb8, 0xb8, 0xfe, 0xa9, 0xf0, 0xf0, 0xfe, 0xaa, 0xb7, 0xb2, 0x8c, 0x01, 0x06,
    0xb9, 0xba, 0x01, 0x07, 0x8d, 0x8d, 0xfe, 0xf9, 0xba, 0xb9, 0xfe, 0xfa, 0x8c, 0x00, 0x00, 0x01,
    0x00, 0x4f, 0x00, 0x00, 0x02, 0x89, 0x05, 0xd2, 0x00, 0x07, 0x00, 0x00, 0x41, 0x11, 0x23, 0x11,
    0x23, 0x01, 0x35, 0x25, 0x02, 0x89, 0xca, 0x07, 0xfe, 0x97, 0x01, 0x55, 0x05, 0xd2, 0xfa, 0x2e,
    0x05, 0x0f, 0xff, 0x00, 0xd3, 0xf0, 0x00, 0x01, 0x00, 0x7f, 0x00, 0x00, 0x04, 0x4f, 0x05, 0xe7,
    0x00, 0x1f, 0x00, 0x00, 0x73, 0x35, 0x01, 0x3e, 0x02, 0x35, 0x34, 0x26, 0x26, 0x23, 0x22, 0x06,
    0x06, 0x15, 0x23, 0x34, 0x36, 0x36, 0x33, 0x32, 0x16, 0x16, 0x15, 0x14, 0x06, 0x06, 0x07, 0x01,
    0x15, 0x21, 0x15, 0x7f, 0x02, 0x00, 0x53, 0x6f, 0x37, 0x48, 0x7d, 0x52, 0x58, 0x7f, 0x45, 0xc4,
    0x7c, 0xd9, 0x8d, 0x8b, 0xd5, 0x79, 0x3f, 0x94, 0x7e, 0xfe, 0xb0, 0x02, 0xb4, 0x9b, 0x02, 0x02,
    0x55, 0x81, 0x79, 0x46, 0x50, 0x76, 0x3e, 0x48, 0x83, 0x59, 0x8c, 0xd3, 0x76, 0x70, 0xc3, 0x7c,
    0x56, 0xa0, 0xba, 0x7e, 0xfe, 0xb1, 0x08, 0xb3, 0x00, 0x01, 0x00, 0x6f, 0xff, 0xeb, 0x04, 0x82,
    0x05, 0xe7, 0x00, 0x34, 0x00, 0x00, 0x45, 0x22, 0x26, 0x26, 0x27, 0x33, 0x1e, 0x02, 0x33, 0x32,
    0x36, 0x36, 0x35, 0x34, 0x26, 0x26, 0x23, 0x23, 0x35, 0x33, 0x32, 0x36, 0x36, 0x35, 0x34, 0x26,
    0x26, 0x23, 0x22, 0x06, 0x06, 0x07, 0x23, 0x3e, 0x02, 0x33, 0x32, 0x16, 0x16, 0x15, 0x14, 0x06,
    0x07, 0x15, 0x1e, 0x02, 0x15, 0x14, 0x06, 0x06, 0x02, 0x7a, 0x99, 0xe9, 0x86, 0x03, 0xd0, 0x03,
    0x51, 0x8b, 0x59, 0x5d, 0x8f, 0x52, 0x53, 0x98, 0x6b, 0x7b, 0x7b, 0x57, 0x85, 0x4b, 0x43, 0x79,
    0x52, 0x50, 0x82, 0x4f, 0x02, 0xc6, 0x02, 0x83, 0xdd, 0x89, 0x8d, 0xd3, 0x75, 0x8c, 0x77, 0x61,
    0x8b, 0x4a, 0x87, 0xeb, 0x15, 0x6e, 0xc4, 0x80, 0x50, 0x73, 0x3d, 0x40, 0x75, 0x4e, 0x4d, 0x75,
    0x42, 0xae, 0x3c, 0x6c, 0x49, 0x4b, 0x6d, 0x3d, 0x3b, 0x6d, 0x4e, 0x7d, 0xbe, 0x6a, 0x6e, 0xb9,
    0x71, 0x7a, 0xae, 0x22, 0x09, 0x0f, 0x62, 0x94, 0x5c, 0x7d, 0xc3, 0x70, 0x00, 0x02, 0x00, 0x60,
    0x00, 0x00, 0x04, 0xc5, 0x05, 0xd2, 0x00, 0x09, 0x00, 0x0f, 0x00, 0x00, 0x53, 0x35, 0x01, 0x33,
    0x15, 0x23, 0x01, 0x15, 0x21, 0x15, 0x01, 0x11, 0x37, 0x11, 0x33, 0x11, 0x60, 0x02, 0x9a, 0x80,
    0x50, 0xfe, 0x12, 0x03, 0x89, 0xfe, 0x6c, 0x01, 0xc4, 0x01, 0x3c, 0xa7, 0x03, 0xef, 0xf2, 0xfd,
    0x16, 0x09, 0xb1, 0xfe, 0xc4, 0x01, 0x6d, 0x4e, 0x04, 0x17, 0xfa, 0x2e, 0x00, 0x01, 0x00, 0x6b,
    0xff, 0xec, 0x04, 0x52, 0x05, 0xd2, 0x00, 0x26, 0x00, 0x00, 0x45, 0x22, 0x26, 0x26, 0x27, 0x33,
    0x1e, 0x02, 0x33, 0x32, 0x36, 0x36, 0x35, 0x34, 0x26, 0x26, 0x23, 0x22, 0x06, 0x07, 0x27, 0x13,
    0x21, 0x15, 0x21, 0x03, 0x33, 0x36, 0x36, 0x33, 0x32, 0x1e, 0x02, 0x15, 0x14, 0x06, 0x06, 0x02,
    0x58, 0x8b, 0xdb, 0x82, 0x05, 0xc9, 0x06, 0x50, 0x80, 0x4e, 0x59, 0x8a, 0x4e, 0x4f, 0x8b, 0x5a,
    0x56, 0x95, 0x27, 0xc1, 0x49, 0x03, 0x3c, 0xfd, 0x75, 0x2c, 0x06, 0x35, 0x98, 0x58, 0x66, 0xac,
    0x7f, 0x46, 0x81, 0xe4, 0x14, 0x6d, 0xbe, 0x7a, 0x47, 0x6e, 0x3f, 0x53, 0x92, 0x5e, 0x5f, 0x94,
    0x55, 0x3f, 0x36, 0x12, 0x03, 0x0d, 0xb3, 0xfe, 0x4b, 0x33, 0x3b, 0x4a, 0x87, 0xb7, 0x6d, 0x92,
    0xe3, 0x82, 0x00, 0x02, 0x00, 0x6b, 0xff, 0xeb, 0x04, 0x7d, 0x05, 0xe7, 0x00, 0x22, 0x00, 0x33,
    0x00, 0x00, 0x45, 0x22, 0x26, 0x26, 0x02, 0x35, 0x34, 0x12, 0x36, 0x36, 0x33, 0x32, 0x16, 0x16,
    0x17, 0x23, 0x26, 0x26, 0x23, 0x22, 0x06, 0x06, 0x15, 0x33, 0x3e, 0x02, 0x33, 0x32, 0x16, 0x16,
    0x15, 0x14, 0x06, 0x06, 0x27, 0x32, 0x36, 0x36, 0x35, 0x34, 0x26, 0x26, 0x23, 0x22, 0x0e, 0x02,
    0x15, 0x14, 0x16, 0x16, 0x02, 0x80, 0x6b, 0xc0, 0x95, 0x55, 0x49, 0x8e, 0xce, 0x85, 0x82, 0xcb,
    0x7e, 0x11, 0xca, 0x17, 0x89, 0x6f, 0x74, 0xa1, 0x53, 0x08, 0x25, 0x71, 0x8d, 0x4e, 0x83, 0xd4,
    0x7d, 0x7f, 0xe6, 0x98, 0x57, 0x8c, 0x52, 0x4f, 0x8a, 0x58, 0x42, 0x71, 0x56, 0x30, 0x51, 0x8c,
    0x15, 0x4d, 0xa9, 0x01, 0x0f, 0xc2, 0xc1, 0x01, 0x30, 0xd5, 0x6f, 0x66, 0xb5, 0x76, 0x61, 0x7c,
    0x87, 0xf8, 0xaa, 0x3d, 0x58, 0x2f, 0x7f, 0xde, 0x8f, 0x8f, 0xe4, 0x84, 0xb1, 0x57, 0x94, 0x5a,
    0x59, 0x91, 0x55, 0x32, 0x5a, 0x74, 0x41, 0x57, 0x93, 0x59, 0x00, 0x01, 0x00, 0x4f, 0x00, 0x00,
    0x04, 0x1d, 0x05, 0xd2, 0x00, 0x07, 0x00, 0x00, 0x73, 0x01, 0x35, 0x21, 0x35, 0x21, 0x15, 0x01,
    0xb5, 0x02, 0x93, 0xfd, 0x07, 0x03, 0xce, 0xfd, 0x71, 0x05, 0x16, 0x09, 0xb3, 0xbc, 0xfa, 0xea,
    0x00, 0x03, 0x00, 0x6b, 0xff, 0xeb, 0x04, 0x7a, 0x05, 0xe7, 0x00, 0x1f, 0x00, 0x2f, 0x00, 0x3f,
    0x00, 0x00, 0x45, 0x22, 0x26, 0x26, 0x35, 0x34, 0x36, 0x36, 0x37, 0x35, 0x26, 0x26, 0x35, 0x34,
    0x36, 0x36, 0x33, 0x32, 0x16, 0x16, 0x15, 0x14, 0x06, 0x07, 0x15, 0x1e, 0x02, 0x15, 0x14, 0x06,
    0x06, 0x27, 0x32, 0x36, 0x36, 0x35, 0x34, 0x26, 0x26, 0x23, 0x22, 0x06, 0x06, 0x15, 0x14, 0x16,
    0x16, 0x13, 0x32, 0x36, 0x36, 0x35, 0x34, 0x26, 0x26, 0x23, 0x22, 0x06, 0x06, 0x15, 0x14, 0x16,
    0x16, 0x02, 0x72, 0x99, 0xea, 0x84, 0x50, 0x8b, 0x57, 0x72, 0x8b, 0x79, 0xd2, 0x87, 0x86, 0xd2,
    0x79, 0x8c, 0x6f, 0x56, 0x8b, 0x51, 0x85, 0xeb, 0x98, 0x60, 0x8c, 0x4d, 0x51, 0x8e, 0x5a, 0x5b,
    0x8e, 0x51, 0x4d, 0x8d, 0x60, 0x4e, 0x76, 0x45, 0x43, 0x77, 0x4f, 0x4f, 0x78, 0x42, 0x43, 0x78,
    0x15, 0x6b, 0xbd, 0x7a, 0x60, 0xa1, 0x6b, 0x0e, 0x05, 0x1a, 0xb8, 0x7b, 0x73, 0xb4, 0x67, 0x67,
    0xb4, 0x73, 0x7b, 0xb8, 0x1a, 0x05, 0x0e, 0x6b, 0xa2, 0x5f, 0x7a, 0xbd, 0x6b, 0xad, 0x40, 0x73,
    0x4d, 0x51, 0x7b, 0x47, 0x46, 0x7c, 0x51, 0x4d, 0x73, 0x40, 0x02, 0xbc, 0x3d, 0x6f, 0x49, 0x49,
    0x6c, 0x3c, 0x3c, 0x6c, 0x49, 0x49, 0x6e, 0x3e, 0x00, 0x02, 0x00, 0x6b, 0xff, 0xea, 0x04, 0x7d,
    0x05, 0xe9, 0x00, 0x22, 0x00, 0x33, 0x00, 0x00, 0x45, 0x22, 0x26, 0x26, 0x27, 0x33, 0x16, 0x16,
    0x33, 0x32, 0x36, 0x36, 0x35, 0x23, 0x0e, 0x02, 0x23, 0x22, 0x26, 0x26, 0x35, 0x34, 0x36, 0x36,
    0x17, 0x1e, 0x02, 0x12, 0x15, 0x14, 0x02, 0x06, 0x06, 0x03, 0x32, 0x3e, 0x02, 0x35, 0x34, 0x26,
    0x26, 0x23, 0x22, 0x06, 0x06, 0x15, 0x14, 0x16, 0x16, 0x02, 0x53, 0x83, 0xcc, 0x7f, 0x10, 0xcb,
    0x15, 0x8a, 0x70, 0x74, 0xa1, 0x54, 0x08, 0x26, 0x70, 0x8b, 0x4f, 0x83, 0xd5, 0x7d, 0x80, 0xe7,
    0x98, 0x6a, 0xbf, 0x95, 0x55, 0x4a, 0x8e, 0xce, 0x74, 0x42, 0x73, 0x55, 0x31, 0x51, 0x8c, 0x58,
    0x57, 0x8c, 0x52, 0x4f, 0x89, 0x16, 0x67, 0xb6, 0x78, 0x63, 0x7d, 0x87, 0xf9, 0xaa, 0x3c, 0x57,
    0x2f, 0x7f, 0xde, 0x8e, 0x8f, 0xe5, 0x83, 0x01, 0x01, 0x4e, 0xa8, 0xfe, 0xf2, 0xc2, 0xc1, 0xfe,
    0xcf, 0xd5, 0x70, 0x02, 0xcb, 0x33, 0x5a, 0x73, 0x41, 0x57, 0x90, 0x59, 0x56, 0x92, 0x5b, 0x59,
    0x90, 0x55, 0x00, 0x01, 0x00, 0x5a, 0xff, 0xec, 0x05, 0x07, 0x05, 0xe1, 0x00, 0x40, 0x00, 0x00,
    0x45, 0x22, 0x26, 0x26, 0x35, 0x34, 0x36, 0x36, 0x37, 0x37, 0x3e, 0x02, 0x35, 0x34, 0x26, 0x23,
    0x22, 0x06, 0x06, 0x15, 0x14, 0x16, 0x16, 0x17, 0x01, 0x23, 0x01, 0x2e, 0x02, 0x35, 0x34, 0x36,
    0x36, 0x33, 0x32, 0x16, 0x16, 0x15, 0x14, 0x06, 0x06, 0x07, 0x05, 0x06, 0x06, 0x15, 0x14, 0x16,
    0x16, 0x33, 0x32, 0x3e, 0x02, 0x35, 0x33, 0x14, 0x06, 0x06, 0x07, 0x07, 0x06, 0x06, 0x02, 0x39,
    0x92, 0xd8, 0x75, 0x47, 0x89, 0x62, 0xec, 0x1f, 0x3a, 0x25, 0x5e, 0x4f, 0x35, 0x52, 0x2f, 0x2e,
    0x57, 0x3f, 0x02, 0xb0, 0xe6, 0xfd, 0xc7, 0x57, 0x7c, 0x42, 0x5d, 0xa7, 0x6f, 0x70, 0xa4, 0x5a,
    0x31, 0x58, 0x3d, 0xfe, 0xd5, 0x56, 0x4b, 0x47, 0x7c, 0x4f, 0x58, 0xa1, 0x80, 0x4a, 0xb8, 0x3a,
    0x58, 0x2c, 0x2a, 0x48, 0xd9, 0x14, 0x6c, 0xba, 0x76, 0x5a, 0x87, 0x7d, 0x48, 0xaa, 0x17, 0x3a,
    0x47, 0x2b, 0x44, 0x5a, 0x2c, 0x50, 0x35, 0x32, 0x5f, 0x6e, 0x4c, 0xfc, 0xc3, 0x02, 0xa3, 0x69,
    0x9c, 0x8f, 0x52, 0x66, 0x9a, 0x58, 0x56, 0x92, 0x5c, 0x42, 0x74, 0x65, 0x2e, 0xdd, 0x3f, 0x70,
    0x42, 0x45, 0x6d, 0x3f, 0x4c, 0x8b, 0xbd, 0x72, 0x82, 0xbd, 0x80, 0x29, 0x2e, 0x4b, 0x4e, 0x00,
    0x00, 0x02, 0x00, 0x8c, 0xff, 0xf1, 0x01, 0xa1, 0x05, 0xd2, 0x00, 0x03, 0x00, 0x0f, 0x00, 0x00,
    0x53, 0x03, 0x33, 0x03, 0x03, 0x22, 0x26, 0x35, 0x34, 0x36, 0x33, 0x32, 0x16, 0x15, 0x14, 0x06,
    0xb7, 0x0e, 0xda, 0x0e, 0x5e, 0x3a, 0x51, 0x51, 0x3a, 0x3a, 0x50, 0x50, 0x01, 0xc6, 0x04, 0x0c,
    0xfb, 0xf4, 0xfe, 0x2b, 0x50, 0x39, 0x3a, 0x50, 0x50, 0x3a, 0x39, 0x50, 0x00, 0x02, 0x00, 0x8c,
    0xfe, 0x83, 0x01, 0xa5, 0x04, 0x61, 0x00, 0x03, 0x00, 0x0f, 0x00, 0x00, 0x53, 0x13, 0x33, 0x13,
    0x03, 0x22, 0x26, 0x35, 0x34, 0x36, 0x33, 0x32, 0x16, 0x15, 0x14, 0x06, 0xaa, 0x0f, 0xc0, 0x0f,
    0x70, 0x3a, 0x52, 0x52, 0x3a, 0x3b, 0x52, 0x52, 0xfe, 0x83, 0x04, 0x07, 0xfb, 0xf9, 0x04, 0xc7,
    0x52, 0x3a, 0x3b, 0x50, 0x50, 0x3b, 0x3a, 0x52, 0x00, 0x02, 0x00, 0x4c, 0xff, 0xf1, 0x03, 0xce,
    0x05, 0xe7, 0x00, 0x21, 0x00, 0x2d, 0x00, 0x00, 0x41, 0x35, 0x34, 0x36, 0x36, 0x37, 0x36, 0x36,
    0x35, 0x34, 0x26, 0x26, 0x23, 0x22, 0x06, 0x06, 0x07, 0x23, 0x3e, 0x02, 0x33, 0x32, 0x16, 0x16,
    0x15, 0x14, 0x06, 0x07, 0x0e, 0x02, 0x15, 0x15, 0x03, 0x22, 0x26, 0x35, 0x34, 0x36, 0x33, 0x32,
    0x16, 0x15, 0x14, 0x06, 0x01, 0x8c, 0x36, 0x65, 0x44, 0x48, 0x53, 0x3f, 0x6d, 0x47, 0x44, 0x70,
    0x45, 0x03, 0xcb, 0x03, 0x78, 0xcc, 0x80, 0x85, 0xc7, 0x6f, 0x6c, 0x64, 0x40, 0x4e, 0x22, 0x5f,
    0x3a, 0x51, 0x51, 0x3a, 0x3a, 0x50, 0x50, 0x01, 0xb4, 0x2c, 0x7f, 0x8a, 0x55, 0x2b, 0x2f, 0x7a,
    0x4e, 0x43, 0x62, 0x36, 0x38, 0x6e, 0x54, 0x85, 0xbc, 0x65, 0x64, 0xb1, 0x74, 0x75, 0xb1, 0x3f,
    0x28, 0x48, 0x5f, 0x4f, 0x27, 0xfe, 0x3d, 0x50, 0x39, 0x3a, 0x50, 0x50, 0x3a, 0x39, 0x50, 0x00,
    0x00, 0x02, 0x00, 0x61, 0xfe, 0x62, 0x03, 0xe4, 0x04, 0x58, 0x00, 0x21, 0x00, 0x2d, 0x00, 0x00,
    0x41, 0x15, 0x14, 0x06, 0x06, 0x07, 0x06, 0x06, 0x15, 0x14, 0x16, 0x16, 0x33, 0x32, 0x36, 0x36,
    0x37, 0x33, 0x0e, 0x02, 0x23, 0x22, 0x26, 0x26, 0x35, 0x34, 0x36, 0x37, 0x3e, 0x02, 0x35, 0x35,
    0x13, 0x32, 0x16, 0x15, 0x14, 0x06, 0x23, 0x22, 0x26, 0x35, 0x34, 0x36, 0x02, 0xa3, 0x36, 0x64,
    0x45, 0x48, 0x52, 0x3f, 0x6e, 0x46, 0x44, 0x70, 0x45, 0x03, 0xcb, 0x03, 0x79, 0xcb, 0x81, 0x84,
    0xc7, 0x70, 0x6d, 0x63, 0x41, 0x4d, 0x23, 0x5f, 0x3a, 0x51, 0x51, 0x3a, 0x3a, 0x50, 0x50, 0x02,
    0x95, 0x2c, 0x7e, 0x8b, 0x54, 0x2c, 0x2e, 0x7a, 0x4e, 0x43, 0x62, 0x36, 0x37, 0x6f, 0x53, 0x83,
    0xbe, 0x65, 0x65, 0xb1, 0x73, 0x76, 0xb0, 0x3f, 0x2a, 0x46, 0x60, 0x4f, 0x26, 0x01, 0xc3, 0x4f,
    0x3a, 0x3a, 0x50, 0x50, 0x3a, 0x3a, 0x4f, 0x00, 0x00, 0x01, 0x00, 0xbc, 0xfe, 0xe4, 0x02, 0x76,
    0x06, 0x28, 0x00, 0x10, 0x00, 0x00, 0x53, 0x34, 0x12, 0x12, 0x37, 0x33, 0x06, 0x02, 0x02, 0x15,
    0x14, 0x12, 0x12, 0x17, 0x23, 0x26, 0x02, 0xbc, 0x41, 0x71, 0x4a, 0xbe, 0x4b, 0x6d, 0x3a, 0x33,
    0x6b, 0x54, 0xbe, 0x7c, 0x80, 0x02, 0x5a, 0xa6, 0x01, 0x67, 0x01, 0x48, 0x79, 0x99, 0xfe, 0xaf,
    0xfe, 0xb2, 0x96, 0x87, 0xfe, 0xee, 0xfe, 0xd2, 0xaf, 0xd3, 0x01, 0xc3, 0x00, 0x01, 0x00, 0x4f,
    0xfe, 0xe4, 0x02, 0x09, 0x06, 0x28, 0x00, 0x10, 0x00, 0x00, 0x53, 0x36, 0x12, 0x12, 0x35, 0x34,
    0x02, 0x02, 0x27, 0x33, 0x16, 0x12, 0x12, 0x15, 0x14, 0x02, 0x07, 0x4f, 0x55, 0x6b, 0x32, 0x3a,
    0x6d, 0x4b, 0xbe, 0x49, 0x72, 0x41, 0x81, 0x7b, 0xfe, 0xe4, 0xb2, 0x01, 0x2f, 0x01, 0x11, 0x84,
    0x96, 0x01, 0x4e, 0x01, 0x51, 0x99, 0x79, 0xfe, 0xb8, 0xfe, 0x98, 0xa5, 0xe3, 0xfe, 0x3d, 0xd0,
    0x00, 0x01, 0x00, 0xc5, 0xfe, 0xe4, 0x02, 0x5b, 0x06, 0x28, 0x00, 0x07, 0x00, 0x00, 0x53, 0x11,
    0x21, 0x15, 0x23, 0x11, 0x33, 0x15, 0xc5, 0x01, 0x96, 0xd6, 0xd6, 0xfe, 0xe4, 0x07, 0x44, 0xa4,
    0xfa, 0x04, 0xa4, 0x00, 0x00, 0x01, 0x00, 0x69, 0xfe, 0xe4, 0x01, 0xff, 0x06, 0x28, 0x00, 0x07,
    0x00, 0x00, 0x53, 0x35, 0x33, 0x11, 0x23, 0x35, 0x21, 0x11, 0x69, 0xd7, 0xd7, 0x01, 0x96, 0xfe,
    0xe4, 0xa4, 0x05, 0xfc, 0xa4, 0xf8, 0xbc, 0x00, 0x00, 0x03, 0x00, 0x85, 0xfe, 0xe4, 0x02, 0xf3,
    0x06, 0x28, 0x00, 0x13, 0x00, 0x27, 0x00, 0x2b, 0x00, 0x00, 0x53, 0x35, 0x32, 0x36, 0x35, 0x35,
    0x34, 0x3e, 0x02, 0x33, 0x15, 0x22, 0x06, 0x15, 0x11, 0x14, 0x0e, 0x02, 0x01, 0x22, 0x2e, 0x02,
    0x35, 0x35, 0x34, 0x26, 0x23, 0x35, 0x32, 0x1e, 0x02, 0x15, 0x11, 0x14, 0x16, 0x33, 0x01, 0x35,
    0x33, 0x15, 0x85, 0x7b, 0x60, 0x2d, 0x61, 0x9a, 0x6b, 0x7f, 0x5b, 0x20, 0x57, 0x9e, 0x01, 0xef,
    0x6b, 0x9a, 0x61, 0x2d, 0x60, 0x7b, 0x7f, 0x9e, 0x57, 0x20, 0x5b, 0x7f, 0xfd, 0x92, 0xc1, 0x02,
    0x78, 0x6e, 0x65, 0x76, 0xde, 0x6a, 0x96, 0x5d, 0x2c, 0xa2, 0x71, 0x7d, 0xfe, 0xeb, 0x38, 0x62,
    0x48, 0x29, 0xfc, 0x6c, 0x2b, 0x5d, 0x96, 0x6b, 0xdd, 0x75, 0x67, 0x6e, 0x2a, 0x49, 0x62, 0x38,
    0xfe, 0xed, 0x7d, 0x72, 0x02, 0xa0, 0xc2, 0xc2, 0x00, 0x03, 0x00, 0x69, 0xfe, 0xe4, 0x02, 0xd7,
    0x06, 0x28, 0x00, 0x13, 0x00, 0x27, 0x00, 0x2b, 0x00, 0x00, 0x41, 0x22, 0x2e, 0x02, 0x35, 0x11,
    0x34, 0x26, 0x23, 0x35, 0x32, 0x1e, 0x02, 0x15, 0x15, 0x14, 0x16, 0x33, 0x01, 0x35, 0x32, 0x36,
    0x35, 0x11, 0x34, 0x3e, 0x02, 0x33, 0x15, 0x06, 0x06, 0x15, 0x15, 0x14, 0x0e, 0x02, 0x01, 0x07,
    0x35, 0x17, 0x02, 0xd7, 0x7e, 0x9f, 0x56, 0x20, 0x5b, 0x80, 0x6c, 0x99, 0x61, 0x2d, 0x61, 0x7a,
    0xfd, 0x92, 0x80, 0x5b, 0x20, 0x56, 0x9f, 0x7e, 0x7b, 0x60, 0x2d, 0x61, 0x99, 0x02, 0x02, 0xc1,
    0xc1, 0x02, 0x78, 0x29, 0x48, 0x62, 0x38, 0x01, 0x15, 0x7c, 0x72, 0xa2, 0x2c, 0x5d, 0x96, 0x6a,
    0xde, 0x76, 0x65, 0xfb, 0xfe, 0xa1, 0x72, 0x7d, 0x01, 0x13, 0x38, 0x62, 0x49, 0x2a, 0x6e, 0x01,
    0x66, 0x75, 0xdd, 0x6b, 0x96, 0x5d, 0x2b, 0x03, 0x42, 0x01, 0xc2, 0x01, 0x00, 0x02, 0x00, 0x6b,
    0xfe, 0x6d, 0x07, 0x64, 0x05, 0xab, 0x00, 0x49, 0x00, 0x59, 0x00, 0x00, 0x41, 0x22, 0x24, 0x26,
    0x02, 0x35, 0x34, 0x12, 0x36, 0x24, 0x33, 0x32, 0x04, 0x16, 0x12, 0x15, 0x14, 0x0e, 0x02, 0x23,
    0x22, 0x26, 0x26, 0x27, 0x23, 0x06, 0x06, 0x23, 0x22, 0x26, 0x26, 0x35, 0x34, 0x36, 0x36, 0x33,
    0x32, 0x16, 0x17, 0x33, 0x35, 0x33, 0x11, 0x14, 0x16, 0x33, 0x32, 0x36, 0x36, 0x35, 0x34, 0x26,
    0x26, 0x24, 0x23, 0x22, 0x04, 0x06, 0x02, 0x15, 0x14, 0x12, 0x16, 0x04, 0x33, 0x32, 0x36, 0x36,
    0x37, 0x17, 0x0e, 0x02, 0x03, 0x32, 0x36, 0x36, 0x35, 0x34, 0x26, 0x26, 0x23, 0x22, 0x06, 0x06,
    0x15, 0x14, 0x16, 0x16, 0x04, 0x0e, 0xda, 0xfe, 0xa7, 0xf2, 0x7e, 0x7f, 0xf0, 0x01, 0x53, 0xd5,
    0xcd, 0x01, 0x40, 0xe0, 0x75, 0x23, 0x53, 0x8f, 0x6c, 0x45, 0x75, 0x4d, 0x08, 0x06, 0x1a, 0x8c,
    0x73, 0x86, 0xb8, 0x60, 0x6f, 0xbf, 0x78, 0x62, 0x84, 0x1c, 0x07, 0xa7, 0x3f, 0x3c, 0x47, 0x52,
    0x25, 0x5a, 0xaf, 0xfe, 0xfd, 0xa9, 0xad, 0xfe, 0xef, 0xbe, 0x64, 0x64, 0xc2, 0x01, 0x19, 0xb5,
    0x55, 0x9a, 0x7a, 0x23, 0x34, 0x2d, 0x91, 0xae, 0x96, 0x5b, 0x74, 0x38, 0x3b, 0x74, 0x55, 0x52,
    0x74, 0x3d, 0x36, 0x71, 0xfe, 0x6d, 0x7f, 0xf1, 0x01, 0x58, 0xd8, 0xd3, 0x01, 0x55, 0xf4, 0x82,
    0x83, 0xe8, 0xfe, 0xcf, 0xad, 0x73, 0xd0, 0xa2, 0x5f, 0x2b, 0x4e, 0x34, 0x44, 0x63, 0x84, 0xe1,
    0x8b, 0x8b, 0xd8, 0x7c, 0x49, 0x2b, 0x5c, 0xfd, 0x6d, 0x3f, 0x50, 0x5b, 0xbb, 0x8f, 0x90, 0xf8,
    0xbb, 0x69, 0x69, 0xc7, 0xfe, 0xe4, 0xb3, 0xb5, 0xfe, 0xe4, 0xc4, 0x67, 0x1d, 0x25, 0x0c, 0x99,
    0x13, 0x28, 0x1c, 0x02, 0x5a, 0x4c, 0x97, 0x6f, 0x70, 0x89, 0x3e, 0x50, 0x8d, 0x5a, 0x60, 0x99,
    0x59, 0x00, 0x00, 0x04, 0x00, 0x16, 0x00, 0x00, 0x04, 0xe9, 0x05, 0xd2, 0x00, 0x03, 0x00, 0x07,
    0x00, 0x0b, 0x00, 0x0f, 0x00, 0x00, 0x61, 0x13, 0x33, 0x03, 0x01, 0x37, 0x21, 0x07, 0x01, 0x13,
    0x33, 0x03, 0x03, 0x37, 0x21, 0x07, 0x02, 0xba, 0xf5, 0xa2, 0xf4, 0xfc, 0xb9, 0x1b, 0x04, 0x62,
    0x1b, 0xfc, 0x37, 0xf4, 0xa2, 0xf4, 0xe4, 0x1b, 0x04, 0x61, 0x19, 0x05, 0xd2, 0xfa, 0x2e, 0x01,
    0x96, 0xa0, 0xa0, 0xfe, 0x6a, 0x05, 0xd2, 0xfa, 0x2e, 0x03, 0x9a, 0xa2, 0xa2, 0x00, 0x00, 0x06,
    0x00, 0x70, 0xff, 0xec, 0x05, 0x55, 0x04, 0xe8, 0x00, 0x13, 0x00, 0x23, 0x00, 0x27, 0x00, 0x2b,
    0x00, 0x2f, 0x00, 0x33, 0x00, 0x00, 0x45, 0x22, 0x2e, 0x02, 0x35, 0x34, 0x3e, 0x02, 0x33, 0x32,
    0x1e, 0x02, 0x15, 0x14, 0x0e, 0x02, 0x27, 0x32, 0x36, 0x36, 0x35, 0x34, 0x26, 0x26, 0x23, 0x22,
    0x06, 0x06, 0x15, 0x14, 0x16, 0x16, 0x01, 0x27, 0x37, 0x17, 0x03, 0x27, 0x37, 0x17, 0x05, 0x27,
    0x37, 0x17, 0x03, 0x27, 0x37, 0x17, 0x02, 0xde, 0x7c, 0xd9, 0xa4, 0x5c, 0x5c, 0xa4, 0xd9, 0x7c,
    0x7b, 0xda, 0xa5, 0x5d, 0x5d, 0xa5, 0xda, 0x7b, 0x78, 0xc2, 0x73, 0x73, 0xc2, 0x78, 0x77, 0xc5,
    0x74, 0x74, 0xc5, 0x02, 0x21, 0x78, 0xc9, 0x7c, 0x7c, 0xc9, 0x78, 0xcd, 0xfb, 0x94, 0x79, 0xc9,
    0x7d, 0x7d, 0xc9, 0x79, 0xcd, 0x14, 0x60, 0xab, 0xe4, 0x85, 0x85, 0xe4, 0xaa, 0x5f, 0x5f, 0xaa,
    0xe4, 0x85, 0x85, 0xe5, 0xab, 0x5f, 0xa6, 0x7d, 0xd2, 0x7f, 0x80, 0xd3, 0x7b, 0x7c, 0xd1, 0x81,
    0x7f, 0xd2, 0x7d, 0x03, 0x0a, 0x7e, 0xce, 0x7e, 0xfb, 0x86, 0xce, 0x7c, 0xcc, 0x7e, 0x7e, 0xcc,
    0x7c, 0x02, 0xde, 0xce, 0x7e, 0xce, 0x00, 0x01, 0x00, 0x21, 0xff, 0x20, 0x02, 0xb4, 0x06, 0x18,
    0x00, 0x03, 0x00, 0x00, 0x41, 0x01, 0x23, 0x01, 0x02, 0xb4, 0xfe, 0x20, 0xb3, 0x01, 0xe0, 0x06,
    0x18, 0xf9, 0x08, 0x06, 0xf8, 0x00, 0x00, 0x01, 0x00, 0xf8, 0xfe, 0x20, 0x01, 0xa7, 0x07, 0xb2,
    0x00, 0x03, 0x00, 0x00, 0x41, 0x11, 0x23, 0x11, 0x01, 0xa7, 0xaf, 0x07, 0xb2, 0xf6, 0x6e, 0x09,
    0x92, 0x00, 0x00, 0x02, 0x00, 0xb9, 0xfe, 0xe8, 0x01, 0x70, 0x05, 0xd2, 0x00, 0x03, 0x00, 0x07,
    0x00, 0x00, 0x53, 0x33, 0x11, 0x23, 0x13, 0x11, 0x23, 0x11, 0xb9, 0xb7, 0xb7, 0xb7, 0xb7, 0x01,
    0x95, 0xfd, 0x53, 0x06, 0xea, 0xfd, 0x57, 0x02, 0xa9, 0x00, 0x00, 0x01, 0x00, 0x21, 0xff, 0x20,
    0x02, 0xb4, 0x06, 0x18, 0x00, 0x03, 0x00, 0x00, 0x45, 0x01, 0x33, 0x01, 0x02, 0x01, 0xfe, 0x20,
    0xb3, 0x01, 0xe0, 0xe0, 0x06, 0xf8, 0xf9, 0x08, 0x00, 0x01, 0x00, 0x85, 0x02, 0x17, 0x03, 0x17,
    0x02, 0xc7, 0x00, 0x03, 0x00, 0x00, 0x41, 0x15, 0x21, 0x35, 0x03, 0x17, 0xfd, 0x6e, 0x02, 0xc7,
    0xb0, 0xb0, 0x00, 0x01, 0x00, 0x00, 0x02, 0x17, 0x04, 0x00, 0x02, 0xc7, 0x00, 0x03, 0x00, 0x00,
    0x41, 0x15, 0x21, 0x35, 0x04, 0x00, 0xfc, 0x00, 0x02, 0xc7, 0xb0, 0xb0, 0x00, 0x01, 0x00, 0x00,
    0x02, 0x17, 0x08, 0x00, 0x02, 0xc7, 0x00, 0x03, 0x00, 0x00, 0x41, 0x15, 0x21, 0x35, 0x08, 0x00,
    0xf8, 0x00, 0x02, 0xc7, 0xb0, 0xb0, 0xff, 0xff, 0x00, 0x00, 0x02, 0x17, 0x08, 0x00, 0x02, 0xc7,
    0x06, 0x06, 0x00, 0x98, 0x00, 0x00, 0x00, 0x01, 0x00, 0xdd, 0x01, 0x0b, 0x03, 0x5d, 0x03, 0x8b,
    0x00, 0x0f, 0x00, 0x00, 0x41, 0x22, 0x26, 0x26, 0x35, 0x34, 0x36, 0x36, 0x33, 0x32, 0x16, 0x16,
    0x15, 0x14, 0x06, 0x06, 0x02, 0x1d, 0x58, 0x92, 0x56, 0x56, 0x92, 0x58, 0x59, 0x91, 0x56, 0x56,
    0x91, 0x01, 0x0b, 0x56, 0x92, 0x58, 0x59, 0x91, 0x56, 0x56, 0x91, 0x59, 0x58, 0x92, 0x56, 0x00,
    0x00, 0x01, 0x00, 0x85, 0x03, 0xab, 0x01, 0xb3, 0x05, 0xd2, 0x00, 0x03, 0x00, 0x00, 0x53, 0x13,
    0x33, 0x03, 0x85, 0x9d, 0x91, 0x57, 0x03, 0xab, 0x02, 0x27, 0xfd, 0xd9, 0x00, 0x01, 0x00, 0x85,
    0x03, 0xab, 0x01, 0xb3, 0x05, 0xd2, 0x00, 0x03, 0x00, 0x00, 0x53, 0x13, 0x33, 0x03, 0x85, 0x58,
    0xd6, 0x9c, 0x03, 0xab, 0x02, 0x27, 0xfd, 0xd9, 0x00, 0x01, 0x00, 0xc4, 0x03, 0xa6, 0x01, 0x8d,
    0x05, 0xd2, 0x00, 0x03, 0x00, 0x00, 0x53, 0x03, 0x33, 0x03, 0xdb, 0x17, 0xc9, 0x16, 0x03, 0xa6,
    0x02, 0x2c, 0xfd, 0xd4, 0xff, 0xff, 0x00, 0xc4, 0x03, 0xa6, 0x02, 0xe6, 0x05, 0xd2, 0x04, 0x26,
    0x00, 0x9d, 0x00, 0x00, 0x00, 0x07, 0x00, 0x9d, 0x01, 0x59, 0x00, 0x00, 0xff, 0xff, 0x00, 0x85,
    0x03, 0xab, 0x03, 0x20, 0x05, 0xd2, 0x04, 0x26, 0x00, 0x9b, 0x00, 0x00, 0x00, 0x07, 0x00, 0x9b,
    0x01, 0x6d, 0x00, 0x00, 0xff, 0xff, 0x00, 0x85, 0x03, 0xab, 0x03, 0x1d, 0x05, 0xd2, 0x04, 0x26,
    0x00, 0x9c, 0x00, 0x00, 0x00, 0x07, 0x00, 0x9c, 0x01, 0x6a, 0x00, 0x00, 0xff, 0xff, 0x00, 0x5f,
    0xfe, 0xad, 0x02, 0xf8, 0x00, 0xd4, 0x04, 0x27, 0x00, 0x9c, 0xff, 0xda, 0xfb, 0x02, 0x00, 0x07,
    0x00, 0x9c, 0x01, 0x45, 0xfb, 0x02, 0xff, 0xff, 0x00, 0x5f, 0xfe, 0xad, 0x01, 0x8d, 0x00, 0xd4,
    0x04, 0x07, 0x00, 0x9c, 0xff, 0xda, 0xfb, 0x02, 0x00, 0x01, 0x00, 0x5e, 0x03, 0xb2, 0x01, 0x67,
    0x05, 0xd2, 0x00, 0x03, 0x00, 0x00, 0x53, 0x13, 0x33, 0x03, 0x5e, 0x35, 0xd4, 0x7c, 0x03, 0xb2,
    0x02, 0x20, 0xfd, 0xe0, 0xff, 0xff, 0x00, 0x5e, 0x03, 0xb2, 0x03, 0x27, 0x05, 0xd2, 0x04, 0x26,
    0x00, 0xa3, 0x00, 0x00, 0x00, 0x07, 0x00, 0xa3, 0x01, 0xc0, 0x00, 0x00, 0xff, 0xff, 0x00, 0x66,
    0xfe, 0xad, 0x01, 0x94, 0x00, 0xd4, 0x04, 0x07, 0x00, 0x9c, 0xff, 0xe1, 0xfb, 0x02, 0x00, 0x01,
    0x00, 0x8c, 0xff, 0xf1, 0x01, 0xa1, 0x01, 0x05, 0x00, 0x0b, 0x00, 0x00, 0x45, 0x22, 0x26, 0x35,
    0x34, 0x36, 0x33, 0x32, 0x16, 0x15, 0x14, 0x06, 0x01, 0x16, 0x39, 0x51, 0x51, 0x39, 0x3a, 0x51,
    0x51, 0x0f, 0x51, 0x39, 0x3a, 0x50, 0x50, 0x3a, 0x39, 0x51, 0xff, 0xff, 0x00, 0x8c, 0xff, 0xf1,
    0x05, 0xfa, 0x01, 0x05, 0x04, 0x26, 0x00, 0xa6, 0x00, 0x00, 0x00, 0x27, 0x00, 0xa6, 0x02, 0x2d,
    0x00, 0x00, 0x00, 0x07, 0x00, 0xa6, 0x04, 0x59, 0x00, 0x00, 0xff, 0xff, 0x00, 0x8c, 0xff, 0xf1,
    0x01, 0xa1, 0x04, 0x1a, 0x06, 0x26, 0x00, 0xa6, 0x00, 0x00, 0x00, 0x07, 0x00, 0xa6, 0x00, 0x00,
    0x03, 0x15, 0xff, 0xff, 0x00, 0x66, 0xfe, 0xad, 0x01, 0xb4, 0x04, 0x1a, 0x04, 0x27, 0x00, 0x9c,
    0xff, 0xe1, 0xfb, 0x02, 0x00, 0x07, 0x00, 0xa6, 0x00, 0x13, 0x03, 0x15, 0xff, 0xff, 0x00, 0x8c,
    0x02, 0x3a, 0x01, 0xa1, 0x03, 0x4e, 0x06, 0x07, 0x00, 0xa6, 0x00, 0x00, 0x02, 0x49, 0x00, 0x01,
    0x00, 0x55, 0x00, 0x90, 0x02, 0xba, 0x04, 0x2b, 0x00, 0x05, 0x00, 0x00, 0x65, 0x01, 0x01, 0x33,
    0x01, 0x01, 0x01, 0xdc, 0xfe, 0x79, 0x01, 0x87, 0xde, 0xfe, 0x81, 0x01, 0x7f, 0x90, 0x01, 0xcd,
    0x01, 0xce, 0xfe, 0x32, 0xfe, 0x33, 0x00, 0x01, 0x00, 0x42, 0x00, 0x90, 0x02, 0xa7, 0x04, 0x2b,
    0x00, 0x05, 0x00, 0x00, 0x77, 0x01, 0x01, 0x33, 0x01, 0x01, 0x42, 0x01, 0x7f, 0xfe, 0x81, 0xde,
    0x01, 0x87, 0xfe, 0x79, 0x90, 0x01, 0xcd, 0x01, 0xce, 0xfe, 0x32, 0xfe, 0x33, 0x00, 0xff, 0xff,
    0x00, 0x55, 0x00, 0x90, 0x04, 0x5a, 0x04, 0x2b, 0x04, 0x26, 0x00, 0xab, 0x00, 0x00, 0x00, 0x07,
    0x00, 0xab, 0x01, 0xa0, 0x00, 0x00, 0xff, 0xff, 0x00, 0x42, 0x00, 0x90, 0x04, 0x47, 0x04, 0x2b,
    0x04, 0x26, 0x00, 0xac, 0x00, 0x00, 0x00, 0x07, 0x00, 0xac, 0x01, 0xa0, 0x00, 0x00, 0x00, 0x01,
    0x00, 0xa5, 0x00, 0x28, 0x04, 0x60, 0x04, 0x69, 0x00, 0x09, 0x00, 0x00, 0x53, 0x35, 0x01, 0x15,
    0x01, 0x37, 0x15, 0x27, 0x01, 0x15, 0xa5, 0x03, 0xbb, 0xfd, 0x34, 0x06, 0x06, 0x02, 0xcc, 0x02,
    0x01, 0x8f, 0x01, 0xd9, 0xd1, 0xfe, 0xb3, 0x0c, 0x1d, 0x0b, 0xfe, 0xb3, 0xd0, 0x00, 0x00, 0x01,
    0x00, 0xdb, 0x00, 0x28, 0x04, 0x96, 0x04, 0x69, 0x00, 0x09, 0x00, 0x00, 0x41, 0x01, 0x35, 0x01,
    0x07, 0x35, 0x17, 0x01, 0x35, 0x01, 0x04, 0x96, 0xfc, 0x45, 0x02, 0xcd, 0x07, 0x07, 0xfd, 0x33,
    0x03, 0xbb, 0x02, 0x01, 0xfe, 0x27, 0xd0, 0x01, 0x4d, 0x0b, 0x1d, 0x0c, 0x01, 0x4d, 0xd1, 0xfe,
    0x27, 0x00, 0x00, 0x02, 0x00, 0xc0, 0x00, 0x43, 0x04, 0x7b, 0x04, 0x7c, 0x00, 0x03, 0x00, 0x0d,
    0x00, 0x00, 0x65, 0x21, 0x35, 0x21, 0x01, 0x35, 0x01, 0x15, 0x05, 0x37, 0x15, 0x27, 0x05, 0x15,
    0x04, 0x7b, 0xfc, 0x45, 0x03, 0xbb, 0xfc, 0x45, 0x03, 0xbb, 0xfd, 0x6d, 0x06, 0x06, 0x02, 0x93,
    0x43, 0xb3, 0x01, 0xb1, 0x90, 0x01, 0x45, 0xbd, 0xcc, 0x0d, 0x20, 0x0d, 0xce, 0xbc, 0x00, 0x02,
    0x00, 0xc0, 0x00, 0x43, 0x04, 0x7b, 0x04, 0x7c, 0x00, 0x03, 0x00, 0x0d, 0x00, 0x00, 0x77, 0x35,
    0x21, 0x15, 0x11, 0x01, 0x35, 0x25, 0x07, 0x35, 0x17, 0x25, 0x35, 0x01, 0xc0, 0x03, 0xbb, 0xfc,
    0x45, 0x02, 0x95, 0x07, 0x07, 0xfd, 0x6b, 0x03, 0xbb, 0x43, 0xb3, 0xb3, 0x02, 0x64, 0xfe, 0xbc,
    0xbc, 0xce, 0x0d, 0x20, 0x0d, 0xcc, 0xbd, 0xfe, 0xbb, 0x00, 0x00, 0x02, 0x00, 0xd3, 0x01, 0x14,
    0x04, 0x68, 0x03, 0x7e, 0x00, 0x03, 0x00, 0x07, 0x00, 0x00, 0x53, 0x35, 0x21, 0x15, 0x01, 0x35,
    0x21, 0x15, 0xd3, 0x03, 0x95, 0xfc, 0x6b, 0x03, 0x95, 0x02, 0xcc, 0xb2, 0xb2, 0xfe, 0x48, 0xb2,
    0xb2, 0x00, 0x00, 0x03, 0x00, 0xd3, 0x00, 0x2a, 0x04, 0x68, 0x04, 0x66, 0x00, 0x03, 0x00, 0x07,
    0x00, 0x0b, 0x00, 0x00, 0x65, 0x01, 0x33, 0x01, 0x01, 0x35, 0x21, 0x15, 0x01, 0x35, 0x21, 0x15,
    0x01, 0x6b, 0x01, 0xb1, 0xb0, 0xfe, 0x4f, 0xfe, 0xb8, 0x03, 0x95, 0xfc, 0x6b, 0x03, 0x95, 0x2a,
    0x04, 0x3c, 0xfb, 0xc4, 0x02, 0xa2, 0xb2, 0xb2, 0xfe, 0x48, 0xb2, 0xb2, 0x00, 0x02, 0x00, 0xb7,
    0x00, 0x5f, 0x04, 0x84, 0x04, 0x2d, 0x00, 0x03, 0x00, 0x07, 0x00, 0x00, 0x65, 0x11, 0x33, 0x11,
    0x01, 0x35, 0x21, 0x15, 0x02, 0x43, 0xb5, 0xfd, 0xbf, 0x03, 0xcd, 0x5f, 0x03, 0xce, 0xfc, 0x32,
    0x01, 0x91, 0xac, 0xac, 0x00, 0x02, 0x00, 0xc1, 0x00, 0x6a, 0x04, 0x7d, 0x04, 0x27, 0x00, 0x03,
    0x00, 0x07, 0x00, 0x00, 0x65, 0x01, 0x37, 0x01, 0x05, 0x27, 0x01, 0x17, 0x03, 0xff, 0xfc, 0xc2,
    0x7e, 0x03, 0x3e, 0xfc, 0xc2, 0x7e, 0x03, 0x3e, 0x7e, 0x6a, 0x03, 0x3d, 0x80, 0xfc, 0xc1, 0x7e,
    0x7e, 0x03, 0x3f, 0x80, 0x00, 0x03, 0x00, 0xc4, 0x00, 0x41, 0x04, 0x78, 0x04, 0x51, 0x00, 0x03,
    0x00, 0x0f, 0x00, 0x1b, 0x00, 0x00, 0x41, 0x15, 0x21, 0x35, 0x01, 0x22, 0x26, 0x35, 0x34, 0x36,
    0x33, 0x32, 0x16, 0x15, 0x14, 0x06, 0x03, 0x22, 0x26, 0x35, 0x34, 0x36, 0x33, 0x32, 0x16, 0x15,
    0x14, 0x06, 0x04, 0x78, 0xfc, 0x4c, 0x01, 0xd9, 0x3a, 0x51, 0x51, 0x3a, 0x39, 0x50, 0x50, 0x39,
    0x3a, 0x51, 0x52, 0x39, 0x39, 0x50, 0x50, 0x02, 0xa3, 0xb4, 0xb4, 0xfd, 0x9e, 0x51, 0x39, 0x39,
    0x50, 0x50, 0x39, 0x39, 0x51, 0x02, 0xfc, 0x51, 0x3a, 0x39, 0x50, 0x50, 0x39, 0x3a, 0x51, 0x00,
    0x00, 0x03, 0x00, 0xc0, 0x00, 0x43, 0x04, 0x7b, 0x04, 0x65, 0x00, 0x03, 0x00, 0x07, 0x00, 0x0b,
    0x00, 0x00, 0x77, 0x35, 0x21, 0x15, 0x01, 0x35, 0x21, 0x15, 0x01, 0x11, 0x33, 0x11, 0xc0, 0x03,
    0xbb, 0xfc, 0x45, 0x03, 0xbb, 0xfd, 0xc8, 0xb5, 0x43, 0xb3, 0xb3, 0x02, 0x50, 0xb1, 0xb1, 0xfe,
    0xdf, 0x02, 0xf3, 0xfd, 0x0d, 0x00, 0x00, 0x02, 0x00, 0x9b, 0x00, 0xa8, 0x04, 0xa2, 0x03, 0xe9,
    0x00, 0x1b, 0x00, 0x37, 0x00, 0x00, 0x53, 0x26, 0x36, 0x36, 0x33, 0x32, 0x16, 0x17, 0x16, 0x16,
    0x33, 0x32, 0x36, 0x27, 0x33, 0x16, 0x06, 0x06, 0x23, 0x22, 0x26, 0x27, 0x26, 0x26, 0x23, 0x22,
    0x06, 0x17, 0x03, 0x26, 0x36, 0x36, 0x33, 0x32, 0x16, 0x17, 0x16, 0x16, 0x33, 0x32, 0x36, 0x27,
    0x33, 0x16, 0x06, 0x06, 0x23, 0x22, 0x26, 0x27, 0x26, 0x26, 0x23, 0x22, 0x06, 0x17, 0x9c, 0x01,
    0x52, 0x86, 0x4e, 0x4b, 0x79, 0x4f, 0x35, 0x3f, 0x27, 0x3e, 0x46, 0x02, 0xae, 0x03, 0x53, 0x88,
    0x4f, 0x48, 0x79, 0x50, 0x34, 0x3f, 0x27, 0x3a, 0x4b, 0x02, 0xae, 0x01, 0x52, 0x86, 0x4e, 0x4b,
    0x78, 0x51, 0x35, 0x3f, 0x25, 0x3f, 0x46, 0x02, 0xae, 0x03, 0x53, 0x88, 0x4f, 0x49, 0x79, 0x52,
    0x32, 0x3f, 0x26, 0x3b, 0x4a, 0x02, 0x02, 0x8c, 0x7d, 0x9a, 0x46, 0x41, 0x41, 0x2c, 0x27, 0x59,
    0x56, 0x7b, 0x99, 0x48, 0x3c, 0x45, 0x2d, 0x25, 0x4f, 0x5f, 0xfe, 0x44, 0x7d, 0x98, 0x46, 0x41,
    0x42, 0x2d, 0x24, 0x58, 0x57, 0x7b, 0x9a, 0x49, 0x3e, 0x45, 0x2c, 0x24, 0x4f, 0x5c, 0x00, 0x01,
    0x00, 0x9a, 0x01, 0x8c, 0x04, 0xa1, 0x03, 0x12, 0x00, 0x1b, 0x00, 0x00, 0x53, 0x26, 0x36, 0x36,
    0x33, 0x32, 0x16, 0x17, 0x16, 0x16, 0x33, 0x32, 0x36, 0x27, 0x33, 0x16, 0x06, 0x06, 0x23, 0x22,
    0x26, 0x27, 0x26, 0x26, 0x23, 0x22, 0x06, 0x17, 0x9c, 0x02, 0x52, 0x87, 0x4e, 0x4a, 0x7a, 0x51,
    0x33, 0x3f, 0x26, 0x3d, 0x47, 0x01, 0xae, 0x02, 0x53, 0x87, 0x4d, 0x4b, 0x7d, 0x4d, 0x35, 0x3e,
    0x26, 0x39, 0x4a, 0x01, 0x01, 0xb2, 0x7e, 0x9b, 0x47, 0x3d, 0x47, 0x2d, 0x26, 0x59, 0x57, 0x7c,
    0x9b, 0x48, 0x40, 0x43, 0x2e, 0x25, 0x51, 0x5f, 0x00, 0x01, 0x00, 0xda, 0x01, 0x38, 0x04, 0x29,
    0x02, 0xef, 0x00, 0x05, 0x00, 0x00, 0x41, 0x11, 0x21, 0x35, 0x21, 0x11, 0x03, 0x74, 0xfd, 0x66,
    0x03, 0x4f, 0x01, 0x38, 0x01, 0x0c, 0xab, 0xfe, 0x49, 0x00, 0x00, 0x01, 0x00, 0x00, 0xff, 0x51,
    0x03, 0xac, 0x00, 0x00, 0x00, 0x03, 0x00, 0x00, 0x61, 0x15, 0x21, 0x35, 0x03, 0xac, 0xfc, 0x54,
    0xaf, 0xaf, 0x00, 0x02, 0x00, 0x70, 0x01, 0x86, 0x03, 0x88, 0x05, 0xd2, 0x00, 0x05, 0x00, 0x09,
    0x00, 0x00, 0x41, 0x03, 0x11, 0x33, 0x11, 0x03, 0x01, 0x35, 0x21, 0x15, 0x01, 0xbf, 0x23, 0xc0,
    0x23, 0xfe, 0x37, 0x03, 0x18, 0x01, 0x86, 0x01, 0xa2, 0x02, 0xaa, 0xfd, 0x56, 0xfe, 0x5e, 0x02,
    0x76, 0xa1, 0xa1, 0x00, 0x00, 0x03, 0x00, 0x70, 0x00, 0x00, 0x03, 0x88, 0x05, 0xd2, 0x00, 0x05,
    0x00, 0x09, 0x00, 0x0d, 0x00, 0x00, 0x61, 0x03, 0x11, 0x33, 0x11, 0x03, 0x01, 0x35, 0x21, 0x15,
    0x01, 0x35, 0x21, 0x15, 0x01, 0xbf, 0x23, 0xc0, 0x23, 0xfe, 0x37, 0x03, 0x18, 0xfc, 0xe8, 0x03,
    0x18, 0x01, 0xa2, 0x04, 0x30, 0xfb, 0xd0, 0xfe, 0x5e, 0x02, 0x4b, 0xa1, 0xa1, 0x01, 0xb5, 0xa0,
    0xa0, 0x00, 0x00, 0x02, 0x00, 0x46, 0x03, 0x2e, 0x03, 0x6f, 0x05, 0xa5, 0x00, 0x03, 0x00, 0x0b,
    0x00, 0x00, 0x41, 0x33, 0x15, 0x23, 0x01, 0x01, 0x33, 0x01, 0x23, 0x03, 0x33, 0x03, 0x01, 0xc0,
    0x34, 0x34, 0xfe, 0x86, 0x01, 0x2d, 0xce, 0x01, 0x2e, 0xb9, 0xe3, 0x0f, 0xe2, 0x05, 0x4c, 0x4c,
    0xfe, 0x2e, 0x02, 0x77, 0xfd, 0x89, 0x01, 0xf0, 0xfe, 0x10, 0x00, 0x01, 0x00, 0x70, 0x02, 0x8c,
    0x03, 0x91, 0x05, 0xd2, 0x00, 0x11, 0x00, 0x00, 0x41, 0x13, 0x05, 0x27, 0x25, 0x25, 0x37, 0x05,
    0x03, 0x33, 0x03, 0x25, 0x17, 0x05, 0x05, 0x07, 0x25, 0x13, 0x01, 0xb5, 0x0e, 0xfe, 0xf8, 0x4b,
    0x01, 0x16, 0xfe, 0xea, 0x4b, 0x01, 0x08, 0x0e, 0x97, 0x0d, 0x01, 0x07, 0x4b, 0xfe, 0xea, 0x01,
    0x16, 0x4b, 0xfe, 0xf9, 0x0d, 0x02, 0x8c, 0x01, 0x38, 0xa9, 0x84, 0x8f, 0x8f, 0x86, 0xa9, 0x01,
    0x38, 0xfe, 0xc8, 0xa9, 0x86, 0x8f, 0x8f, 0x84, 0xa9, 0xfe, 0xc8, 0x00, 0x00, 0x04, 0x00, 0x58,
    0x01, 0x5a, 0x04, 0xe4, 0x05, 0xe6, 0x00, 0x13, 0x00, 0x23, 0x00, 0x27, 0x00, 0x3d, 0x00, 0x00,
    0x41, 0x22, 0x2e, 0x02, 0x35, 0x34, 0x3e, 0x02, 0x33, 0x32, 0x1e, 0x02, 0x15, 0x14, 0x0e, 0x02,
    0x27, 0x32, 0x36, 0x36, 0x35, 0x34, 0x26, 0x26, 0x23, 0x22, 0x06, 0x06, 0x15, 0x14, 0x16, 0x16,
    0x37, 0x27, 0x33, 0x17, 0x21, 0x11, 0x21, 0x32, 0x16, 0x16, 0x15, 0x14, 0x06, 0x06, 0x23, 0x23,
    0x35, 0x33, 0x32, 0x36, 0x35, 0x34, 0x26, 0x23, 0x23, 0x11, 0x02, 0x9e, 0x78, 0xd3, 0xa0, 0x5b,
    0x5b, 0xa0, 0xd3, 0x78, 0x79, 0xd3, 0xa0, 0x5a, 0x5a, 0xa0, 0xd3, 0x79, 0x7a, 0xc7, 0x76, 0x76,
    0xc7, 0x7a, 0x79, 0xc8, 0x76, 0x76, 0xc8, 0xeb, 0x7f, 0x89, 0x82, 0xfe, 0x31, 0x01, 0x03, 0x2e,
    0x55, 0x36, 0x38, 0x58, 0x31, 0xb0, 0x98, 0x1e, 0x34, 0x34, 0x1d, 0x64, 0x01, 0x5a, 0x5b, 0xa0,
    0xd3, 0x78, 0x78, 0xd3, 0xa0, 0x5b, 0x5b, 0xa0, 0xd3, 0x78, 0x78, 0xd3, 0xa0, 0x5b, 0x8f, 0x76,
    0xc7, 0x7a, 0x7a, 0xc7, 0x76, 0x76, 0xc7, 0x7a, 0x79, 0xc8, 0x76, 0xad, 0xfa, 0xfa, 0x02, 0x18,
    0x28, 0x4e, 0x3a, 0x39, 0x52, 0x2b, 0x61, 0x2c, 0x29, 0x2a, 0x24, 0xfe, 0x4a, 0x00, 0x00, 0x03,
    0x00, 0x9e, 0xff, 0xe9, 0x06, 0x9e, 0x05, 0xe9, 0x00, 0x1f, 0x00, 0x33, 0x00, 0x47, 0x00, 0x00,
    0x41, 0x34, 0x36, 0x36, 0x33, 0x32, 0x16, 0x16, 0x17, 0x23, 0x26, 0x26, 0x23, 0x22, 0x06, 0x06,
    0x15, 0x14, 0x16, 0x16, 0x33, 0x32, 0x36, 0x37, 0x33, 0x0e, 0x02, 0x23, 0x22, 0x26, 0x26, 0x01,
    0x22, 0x24, 0x26, 0x02, 0x35, 0x34, 0x12, 0x36, 0x24, 0x33, 0x32, 0x04, 0x16, 0x12, 0x15, 0x14,
    0x02, 0x06, 0x04, 0x27, 0x32, 0x3e, 0x02, 0x35, 0x34, 0x2e, 0x02, 0x23, 0x22, 0x0e, 0x02, 0x15,
    0x14, 0x1e, 0x02, 0x01, 0xf9, 0x73, 0xc4, 0x76, 0x67, 0xae, 0x72, 0x0e, 0xb6, 0x0f, 0x80, 0x50,
    0x46, 0x74, 0x45, 0x45, 0x74, 0x46, 0x50, 0x72, 0x0e, 0xb6, 0x0d, 0x6b, 0xa7, 0x67, 0x76, 0xc4,
    0x73, 0x01, 0xa5, 0x9f, 0xfe, 0xea, 0xd4, 0x77, 0x77, 0xd4, 0x01, 0x16, 0x9f, 0x9f, 0x01, 0x16,
    0xd4, 0x77, 0x77, 0xd4, 0xfe, 0xea, 0x9f, 0x79, 0xd4, 0xa2, 0x5a, 0x5a, 0xa2, 0xd4, 0x79, 0x79,
    0xd4, 0xa2, 0x5b, 0x5b, 0xa2, 0xd4, 0x02, 0xe8, 0x77, 0xc3, 0x73, 0x59, 0x98, 0x60, 0x47, 0x5c,
    0x44, 0x74, 0x47, 0x45, 0x73, 0x45, 0x5b, 0x48, 0x61, 0x99, 0x59, 0x75, 0xc2, 0xfd, 0x77, 0x77,
    0xd4, 0x01, 0x16, 0x9f, 0x9f, 0x01, 0x16, 0xd4, 0x77, 0x77, 0xd4, 0xfe, 0xea, 0x9f, 0x9f, 0xfe,
    0xea, 0xd4, 0x77, 0xb7, 0x5a, 0xa2, 0xd4, 0x79, 0x79, 0xd4, 0xa2, 0x5a, 0x5a, 0xa2, 0xd4, 0x79,
    0x79, 0xd4, 0xa2, 0x5a, 0x00, 0x05, 0x00, 0x48, 0x03, 0xba, 0x04, 0x83, 0x05, 0xd2, 0x00, 0x06,
    0x00, 0x0a, 0x00, 0x0e, 0x00, 0x12, 0x00, 0x16, 0x00, 0x00, 0x41, 0x03, 0x33, 0x13, 0x13, 0x33,
    0x03, 0x21, 0x11, 0x33, 0x11, 0x21, 0x11, 0x33, 0x11, 0x21, 0x11, 0x33, 0x11, 0x01, 0x35, 0x21,
    0x15, 0x03, 0x4e, 0xe9, 0x65, 0x9f, 0x9f, 0x64, 0xe7, 0xfe, 0xcb, 0x64, 0x01, 0x69, 0x66, 0xfc,
    0x67, 0x66, 0xfe, 0xf8, 0x01, 0xaa, 0x03, 0xba, 0x02, 0x18, 0xfe, 0x7e, 0x01, 0x82, 0xfd, 0xe8,
    0x02, 0x18, 0xfd, 0xe8, 0x02, 0x18, 0xfd, 0xe8, 0x01, 0xe8, 0xfe, 0x18, 0x01, 0xc0, 0x58, 0x58,
    0x00, 0x02, 0x00, 0x75, 0x03, 0x37, 0x03, 0x1c, 0x05, 0xde, 0x00, 0x0f, 0x00, 0x1f, 0x00, 0x00,
    0x41, 0x22, 0x26, 0x26, 0x35, 0x34, 0x36, 0x36, 0x33, 0x32, 0x16, 0x16, 0x15, 0x14, 0x06, 0x06,
    0x27, 0x32, 0x36, 0x36, 0x35, 0x34, 0x26, 0x26, 0x23, 0x22, 0x06, 0x06, 0x15, 0x14, 0x16, 0x16,
    0x01, 0xca, 0x5e, 0x9a, 0x5d, 0x5d, 0x9a, 0x5e, 0x5d, 0x99, 0x5c, 0x5c, 0x99, 0x5d, 0x32, 0x51,
    0x31, 0x31, 0x51, 0x32, 0x33, 0x53, 0x30, 0x30, 0x53, 0x03, 0x37, 0x5b, 0x9a, 0x5d, 0x5e, 0x9b,
    0x5c, 0x5c, 0x9b, 0x5e, 0x5d, 0x9a, 0x5b, 0x9e, 0x30, 0x52, 0x32, 0x33, 0x52, 0x31, 0x31, 0x52,
    0x33, 0x32, 0x52, 0x30, 0x00, 0x02, 0x00, 0x3f, 0x02, 0x85, 0x03, 0x23, 0x05, 0xea, 0x00, 0x23,
    0x00, 0x32, 0x00, 0x00, 0x41, 0x22, 0x26, 0x26, 0x35, 0x34, 0x36, 0x36, 0x37, 0x3e, 0x02, 0x35,
    0x35, 0x34, 0x26, 0x23, 0x22, 0x06, 0x07, 0x27, 0x3e, 0x02, 0x33, 0x32, 0x1e, 0x02, 0x15, 0x11,
    0x23, 0x35, 0x23, 0x06, 0x06, 0x27, 0x32, 0x36, 0x36, 0x35, 0x35, 0x0e, 0x02, 0x07, 0x06, 0x06,
    0x15, 0x14, 0x16, 0x01, 0x6a, 0x55, 0x87, 0x4f, 0x63, 0x9c, 0x55, 0x50, 0x60, 0x2c, 0x56, 0x52,
    0x53, 0x63, 0x0f, 0xab, 0x16, 0x6a, 0x97, 0x58, 0x40, 0x7b, 0x65, 0x3d, 0xaf, 0x07, 0x1b, 0x7d,
    0x43, 0x47, 0x64, 0x33, 0x0c, 0x4a, 0x58, 0x23, 0x49, 0x67, 0x5b, 0x02, 0x85, 0x3a, 0x72, 0x52,
    0x60, 0x67, 0x2e, 0x09, 0x09, 0x0b, 0x1b, 0x1d, 0x05, 0x40, 0x4a, 0x46, 0x30, 0x1a, 0x4d, 0x69,
    0x34, 0x1f, 0x43, 0x6e, 0x4f, 0xfd, 0xca, 0x75, 0x34, 0x51, 0x8b, 0x33, 0x54, 0x31, 0x65, 0x0a,
    0x11, 0x0c, 0x05, 0x0a, 0x38, 0x3d, 0x37, 0x3b, 0x00, 0x02, 0x00, 0x44, 0x02, 0x84, 0x03, 0x83,
    0x05, 0xeb, 0x00, 0x0f, 0x00, 0x1f, 0x00, 0x00, 0x41, 0x22, 0x26, 0x26, 0x35, 0x34, 0x36, 0x36,
    0x33, 0x32, 0x16, 0x16, 0x15, 0x14, 0x06, 0x06, 0x27, 0x32, 0x36, 0x36, 0x35, 0x34, 0x26, 0x26,
    0x23, 0x22, 0x06, 0x06, 0x15, 0x14, 0x16, 0x16, 0x01, 0xe3, 0x7c, 0xbc, 0x67, 0x67, 0xbc, 0x7c,
    0x7d, 0xbb, 0x68, 0x68, 0xbb, 0x7d, 0x4d, 0x68, 0x34, 0x34, 0x68, 0x4d, 0x4c, 0x67, 0x35, 0x35,
    0x67, 0x02, 0x84, 0x6e, 0xc3, 0x81, 0x83, 0xc5, 0x6d, 0x6d, 0xc5, 0x83, 0x81, 0xc4, 0x6d, 0x96,
    0x4b, 0x80, 0x52, 0x51, 0x82, 0x4b, 0x4b, 0x81, 0x52, 0x52, 0x81, 0x4a, 0x00, 0x02, 0x00, 0x5b,
    0x00, 0x00, 0x04, 0x14, 0x05, 0xd2, 0x00, 0x0c, 0x00, 0x10, 0x00, 0x00, 0x41, 0x21, 0x11, 0x23,
    0x22, 0x26, 0x26, 0x35, 0x34, 0x36, 0x36, 0x33, 0x21, 0x03, 0x11, 0x33, 0x11, 0x04, 0x0b, 0xfe,
    0x93, 0x55, 0x9f, 0xdd, 0x72, 0x72, 0xdd, 0x9f, 0x01, 0xc2, 0xb9, 0xc2, 0x05, 0x22, 0xfd, 0x06,
    0x7a, 0xd5, 0x87, 0x86, 0xd3, 0x7b, 0xfa, 0x2e, 0x05, 0xd2, 0xfa, 0x2e, 0x00, 0x02, 0x00, 0x6b,
    0xfe, 0xd2, 0x04, 0x0c, 0x05, 0xe6, 0x00, 0x3e, 0x00, 0x50, 0x00, 0x00, 0x41, 0x22, 0x26, 0x26,
    0x27, 0x37, 0x16, 0x16, 0x33, 0x32, 0x36, 0x35, 0x34, 0x26, 0x26, 0x27, 0x25, 0x2e, 0x02, 0x35,
    0x34, 0x36, 0x36, 0x37, 0x37, 0x26, 0x26, 0x35, 0x34, 0x36, 0x33, 0x32, 0x16, 0x17, 0x07, 0x26,
    0x26, 0x23, 0x22, 0x06, 0x15, 0x14, 0x16, 0x16, 0x17, 0x05, 0x1e, 0x02, 0x15, 0x14, 0x06, 0x06,
    0x07, 0x07, 0x1e, 0x02, 0x15, 0x14, 0x06, 0x06, 0x13, 0x16, 0x36, 0x36, 0x35, 0x36, 0x26, 0x26,
    0x27, 0x25, 0x26, 0x06, 0x06, 0x15, 0x06, 0x16, 0x16, 0x17, 0x02, 0x2a, 0x76, 0xac, 0x65, 0x0e,
    0xb4, 0x0f, 0x6b, 0x6a, 0x5b, 0x6e, 0x30, 0x47, 0x24, 0xfe, 0xe9, 0x42, 0x62, 0x35, 0x36, 0x64,
    0x43, 0x02, 0x41, 0x44, 0xcf, 0xab, 0xab, 0xbf, 0x1b, 0xae, 0x15, 0x5e, 0x62, 0x5a, 0x66, 0x30,
    0x49, 0x25, 0x01, 0x16, 0x43, 0x60, 0x34, 0x39, 0x64, 0x40, 0x02, 0x2f, 0x3c, 0x1d, 0x63, 0xb1,
    0x08, 0x1e, 0x56, 0x42, 0x01, 0x1e, 0x3b, 0x2e, 0xfe, 0xea, 0x1f, 0x50, 0x3d, 0x01, 0x1e, 0x3d,
    0x30, 0xfe, 0xd2, 0x4f, 0x95, 0x66, 0x1d, 0x5a, 0x65, 0x4e, 0x4c, 0x34, 0x47, 0x33, 0x12, 0x9b,
    0x25, 0x64, 0x76, 0x3e, 0x3e, 0x70, 0x4a, 0x05, 0x04, 0x36, 0x75, 0x52, 0x92, 0xaa, 0xad, 0x9e,
    0x1c, 0x5c, 0x64, 0x53, 0x47, 0x33, 0x48, 0x33, 0x14, 0x9c, 0x25, 0x65, 0x72, 0x3c, 0x40, 0x6e,
    0x48, 0x07, 0x05, 0x22, 0x50, 0x5a, 0x33, 0x60, 0x8e, 0x4e, 0x02, 0x97, 0x11, 0x18, 0x4d, 0x3f,
    0x28, 0x44, 0x3c, 0x18, 0x99, 0x12, 0x1a, 0x4f, 0x3d, 0x28, 0x46, 0x3e, 0x1a, 0x00, 0x00, 0x03,
    0x00, 0x5a, 0x00, 0xde, 0x07, 0x18, 0x04, 0x14, 0x00, 0x2a, 0x00, 0x3e, 0x00, 0x52, 0x00, 0x00,
    0x41, 0x36, 0x16, 0x16, 0x17, 0x16, 0x16, 0x17, 0x36, 0x36, 0x37, 0x36, 0x36, 0x33, 0x32, 0x16,
    0x16, 0x15, 0x14, 0x06, 0x06, 0x23, 0x22, 0x26, 0x26, 0x27, 0x26, 0x26, 0x27, 0x06, 0x06, 0x07,
    0x0e, 0x02, 0x23, 0x22, 0x26, 0x26, 0x35, 0x34, 0x36, 0x36, 0x03, 0x1e, 0x02, 0x33, 0x32, 0x36,
    0x37, 0x36, 0x36, 0x37, 0x26, 0x26, 0x27, 0x26, 0x26, 0x23, 0x22, 0x06, 0x06, 0x05, 0x36, 0x26,
    0x26, 0x23, 0x22, 0x06, 0x07, 0x06, 0x06, 0x07, 0x16, 0x16, 0x17, 0x16, 0x16, 0x33, 0x32, 0x36,
    0x36, 0x01, 0xf9, 0x4e, 0x84, 0x6d, 0x2b, 0x1a, 0x2c, 0x12, 0x11, 0x24, 0x1c, 0x3f, 0xb8, 0x7b,
    0x72, 0xba, 0x6e, 0x6e, 0xba, 0x72, 0x50, 0x88, 0x6d, 0x2b, 0x18, 0x2a, 0x11, 0x11, 0x2c, 0x17,
    0x29, 0x6e, 0x87, 0x50, 0x73, 0xbc, 0x70, 0x70, 0xbc, 0x71, 0x01, 0x3d, 0x67, 0x3f, 0x44, 0x75,
    0x33, 0x1f, 0x2f, 0x14, 0x10, 0x32, 0x20, 0x2e, 0x78, 0x46, 0x3f, 0x67, 0x3d, 0x05, 0x47, 0x01,
    0x3d, 0x65, 0x3e, 0x4a, 0x77, 0x2e, 0x25, 0x30, 0x0c, 0x14, 0x2f, 0x1e, 0x33, 0x75, 0x47, 0x3e,
    0x65, 0x3d, 0x04, 0x13, 0x01, 0x2d, 0x48, 0x2a, 0x18, 0x30, 0x17, 0x16, 0x2a, 0x1a, 0x3e, 0x65,
    0x6f, 0xb8, 0x72, 0x72, 0xbb, 0x6f, 0x2e, 0x49, 0x29, 0x17, 0x31, 0x16, 0x15, 0x32, 0x17, 0x28,
    0x4a, 0x2e, 0x6f, 0xbb, 0x72, 0x72, 0xb9, 0x6f, 0xfe, 0x66, 0x3e, 0x67, 0x3c, 0x3e, 0x30, 0x1e,
    0x3a, 0x1b, 0x14, 0x3f, 0x1e, 0x2d, 0x40, 0x3c, 0x65, 0x3d, 0x3d, 0x65, 0x3c, 0x41, 0x2c, 0x24,
    0x3f, 0x0e, 0x1d, 0x38, 0x1e, 0x30, 0x3e, 0x3c, 0x66, 0x00, 0x00, 0x01, 0x00, 0x55, 0x03, 0x79,
    0x01, 0xe7, 0x06, 0xa7, 0x00, 0x07, 0x00, 0x00, 0x41, 0x11, 0x23, 0x11, 0x23, 0x07, 0x35, 0x37,
    0x01, 0xe7, 0xb5, 0x05, 0xd8, 0xd4, 0x06, 0xa7, 0xfc, 0xd2, 0x02, 0x90, 0x7e, 0x9f, 0x7d, 0x00,
    0x00, 0x01, 0x00, 0x62, 0x03, 0x79, 0x03, 0x07, 0x06, 0xb2, 0x00, 0x1c, 0x00, 0x00, 0x53, 0x35,
    0x01, 0x3e, 0x02, 0x35, 0x34, 0x26, 0x23, 0x22, 0x06, 0x15, 0x23, 0x34, 0x36, 0x33, 0x32, 0x16,
    0x15, 0x14, 0x0e, 0x02, 0x07, 0x07, 0x15, 0x21, 0x15, 0x68, 0x01, 0x52, 0x2c, 0x3e, 0x20, 0x57,
    0x43, 0x46, 0x55, 0xad, 0xb6, 0x93, 0x95, 0xb5, 0x15, 0x36, 0x5f, 0x49, 0x9d, 0x01, 0xa2, 0x03,
    0x79, 0x83, 0x01, 0x06, 0x23, 0x37, 0x35, 0x1f, 0x35, 0x3f, 0x43, 0x3b, 0x7b, 0x91, 0x87, 0x6d,
    0x25, 0x46, 0x4a, 0x53, 0x33, 0x73, 0x05, 0x92, 0x00, 0x01, 0x00, 0x5e, 0x03, 0x6e, 0x03, 0x25,
    0x06, 0xb2, 0x00, 0x2d, 0x00, 0x00, 0x41, 0x22, 0x26, 0x26, 0x27, 0x33, 0x16, 0x16, 0x33, 0x32,
    0x36, 0x35, 0x34, 0x26, 0x23, 0x23, 0x35, 0x33, 0x32, 0x36, 0x35, 0x34, 0x26, 0x23, 0x22, 0x06,
    0x07, 0x23, 0x34, 0x36, 0x36, 0x33, 0x32, 0x16, 0x16, 0x15, 0x14, 0x06, 0x07, 0x15, 0x16, 0x16,
    0x15, 0x14, 0x06, 0x06, 0x01, 0xbf, 0x67, 0x9f, 0x5a, 0x01, 0xb6, 0x01, 0x61, 0x49, 0x4a, 0x5e,
    0x65, 0x55, 0x51, 0x51, 0x4a, 0x5c, 0x52, 0x41, 0x44, 0x5b, 0x01, 0xaf, 0x58, 0x98, 0x5f, 0x60,
    0x92, 0x52, 0x65, 0x51, 0x68, 0x6f, 0x5c, 0xa1, 0x03, 0x6e, 0x41, 0x73, 0x49, 0x30, 0x3b, 0x3d,
    0x2f, 0x30, 0x3c, 0x7f, 0x39, 0x2f, 0x2d, 0x39, 0x39, 0x2f, 0x48, 0x6e, 0x3f, 0x3c, 0x68, 0x42,
    0x45, 0x5b, 0x0b, 0x05, 0x0c, 0x66, 0x4b, 0x46, 0x6d, 0x3e, 0x00, 0x01, 0xfe, 0x5b, 0x00, 0x00,
    0x03, 0x0c, 0x05, 0xd2, 0x00, 0x03, 0x00, 0x00, 0x61, 0x01, 0x33, 0x01, 0xfe, 0x5b, 0x04, 0x00,
    0xb1, 0xfc, 0x00, 0x05, 0xd2, 0xfa, 0x2e, 0x00, 0x00, 0x01, 0x00, 0x44, 0x00, 0x00, 0x01, 0xaf,
    0x03, 0x2f, 0x00, 0x07, 0x00, 0x00, 0x41, 0x11, 0x23, 0x11, 0x23, 0x07, 0x35, 0x37, 0x01, 0xaf,
    0xa5, 0x06, 0xc0, 0xb0, 0x03, 0x2f, 0xfc, 0xd1, 0x02, 0x9e, 0x8b, 0x9d, 0x7f, 0x00, 0x00, 0x01,
    0x00, 0x57, 0x00, 0x00, 0x02, 0x94, 0x03, 0x39, 0x00, 0x1a, 0x00, 0x00, 0x73, 0x35, 0x01, 0x36,
    0x36, 0x35, 0x34, 0x26, 0x23, 0x22, 0x06, 0x15, 0x23, 0x34, 0x36, 0x33, 0x32, 0x16, 0x15, 0x14,
    0x06, 0x06, 0x07, 0x07, 0x15, 0x21, 0x15, 0x5d, 0x01, 0x1b, 0x36, 0x3e, 0x49, 0x34, 0x37, 0x43,
    0x9e, 0xa0, 0x7b, 0x7e, 0x9b, 0x23, 0x59, 0x50, 0x7c, 0x01, 0x51, 0x74, 0x01, 0x18, 0x35, 0x53,
    0x32, 0x33, 0x3a, 0x3f, 0x3a, 0x76, 0x89, 0x87, 0x65, 0x2c, 0x55, 0x6f, 0x52, 0x7b, 0x07, 0x89,
    0x00, 0x01, 0x00, 0x58, 0xff, 0xf6, 0x02, 0xbe, 0x03, 0x39, 0x00, 0x2c, 0x00, 0x00, 0x45, 0x22,
    0x26, 0x26, 0x27, 0x33, 0x16, 0x16, 0x33, 0x32, 0x36, 0x35, 0x34, 0x26, 0x23, 0x23, 0x35, 0x33,
    0x32, 0x36, 0x35, 0x34, 0x26, 0x23, 0x22, 0x06, 0x07, 0x23, 0x3e, 0x02, 0x33, 0x32, 0x16, 0x16,
    0x15, 0x14, 0x06, 0x07, 0x15, 0x16, 0x16, 0x15, 0x14, 0x06, 0x01, 0x89, 0x58, 0x88, 0x4e, 0x03,
    0xa6, 0x04, 0x50, 0x37, 0x3c, 0x4f, 0x4d, 0x4a, 0x51, 0x51, 0x3a, 0x48, 0x3e, 0x34, 0x31, 0x52,
    0x02, 0x9f, 0x02, 0x50, 0x83, 0x51, 0x55, 0x79, 0x42, 0x4f, 0x41, 0x57, 0x58, 0xae, 0x0a, 0x39,
    0x65, 0x43, 0x28, 0x30, 0x3b, 0x31, 0x33, 0x42, 0x7f, 0x3c, 0x32, 0x2f, 0x38, 0x31, 0x2b, 0x42,
    0x65, 0x3a, 0x3e, 0x67, 0x3c, 0x45, 0x5d, 0x0e, 0x07, 0x0a, 0x69, 0x4c, 0x66, 0x86, 0x00, 0x02,
    0x00, 0x4f, 0x00, 0x00, 0x02, 0xd4, 0x03, 0x2f, 0x00, 0x09, 0x00, 0x0f, 0x00, 0x00, 0x77, 0x35,
    0x01, 0x33, 0x15, 0x23, 0x03, 0x15, 0x21, 0x15, 0x05, 0x35, 0x37, 0x11, 0x33, 0x11, 0x4f, 0x01,
    0x51, 0x6d, 0x42, 0xd7, 0x01, 0xe0, 0xfe, 0xfc, 0x03, 0x9c, 0x8d, 0x84, 0x02, 0x1e, 0xba, 0xfe,
    0xa7, 0x08, 0x87, 0x8d, 0xb4, 0x3c, 0x02, 0x3f, 0xfc, 0xd1, 0xff, 0xff, 0x00, 0x44, 0x00, 0x00,
    0x06, 0x42, 0x05, 0xd2, 0x04, 0x27, 0x00, 0xce, 0x00, 0x00, 0x02, 0xa3, 0x00, 0x27, 0x00, 0xcd,
    0x02, 0x47, 0x00, 0x00, 0x00, 0x07, 0x00, 0xcf, 0x03, 0xae, 0x00, 0x00, 0xff, 0xff, 0x00, 0x44,
    0x00, 0x00, 0x05, 0xfa, 0x05, 0xd2, 0x04, 0x27, 0x00, 0xce, 0x00, 0x00, 0x02, 0xa3, 0x00, 0x27,
    0x00, 0xcd, 0x02, 0x47, 0x00, 0x00, 0x00, 0x07, 0x00, 0xd1, 0x03, 0x26, 0x00, 0x00, 0xff, 0xff,
    0x00, 0x58, 0x00, 0x00, 0x06, 0x9d, 0x05, 0xdc, 0x04, 0x27, 0x00, 0xd0, 0x00, 0x00, 0x02, 0xa3,
    0x00, 0x27, 0x00, 0xcd, 0x02, 0xea, 0x00, 0x00, 0x00, 0x07, 0x00, 0xd1, 0x03, 0xc9, 0x00, 0x00,
    0x00, 0x05, 0x00, 0xc0, 0xff, 0xe5, 0x06, 0xcf, 0x05, 0xea, 0x00, 0x11, 0x00, 0x1f, 0x00, 0x31,
    0x00, 0x3f, 0x00, 0x43, 0x00, 0x00, 0x41, 0x22, 0x26, 0x26, 0x35, 0x35, 0x34, 0x36, 0x36, 0x33,
    0x32, 0x16, 0x16, 0x15, 0x15, 0x14, 0x06, 0x06, 0x27, 0x32, 0x36, 0x35, 0x35, 0x34, 0x26, 0x23,
    0x22, 0x06, 0x15, 0x15, 0x14, 0x16, 0x01, 0x22, 0x26, 0x26, 0x35, 0x35, 0x34, 0x36, 0x36, 0x33,
    0x32, 0x16, 0x16, 0x15, 0x15, 0x14, 0x06, 0x06, 0x27, 0x32, 0x36, 0x35, 0x35, 0x34, 0x26, 0x23,
    0x22, 0x06, 0x15, 0x15, 0x14, 0x16, 0x05, 0x01, 0x33, 0x01, 0x01, 0xf0, 0x60, 0x88, 0x48, 0x49,
    0x88, 0x5f, 0x61, 0x87, 0x47, 0x48, 0x86, 0x61, 0x49, 0x44, 0x42, 0x4b, 0x48, 0x46, 0x45, 0x03,
    0xf9, 0x60, 0x88, 0x48, 0x49, 0x88, 0x5f, 0x61, 0x87, 0x47, 0x48, 0x87, 0x60, 0x49, 0x44, 0x42,
    0x4b, 0x48, 0x46, 0x45, 0xfc, 0x14, 0x04, 0x00, 0xb1, 0xfc, 0x00, 0x03, 0x2d, 0x56, 0x91, 0x59,
    0x3e, 0x58, 0x91, 0x56, 0x56, 0x91, 0x58, 0x3e, 0x59, 0x91, 0x56, 0x8c, 0x68, 0x4c, 0x3e, 0x4b,
    0x69, 0x69, 0x4b, 0x3e, 0x4c, 0x68, 0xfc, 0x2c, 0x56, 0x91, 0x59, 0x3e, 0x58, 0x91, 0x56, 0x56,
    0x91, 0x58, 0x3e, 0x59, 0x91, 0x56, 0x8b, 0x69, 0x4c, 0x3e, 0x4b, 0x69, 0x6a, 0x4a, 0x3e, 0x4c,
    0x69, 0x70, 0x05, 0xd2, 0xfa, 0x2e, 0x00, 0x07, 0x00, 0xc0, 0xff, 0xe5, 0x09, 0x9d, 0x05, 0xea,
    0x00, 0x11, 0x00, 0x1f, 0x00, 0x31, 0x00, 0x3f, 0x00, 0x51, 0x00, 0x5f, 0x00, 0x63, 0x00, 0x00,
    0x41, 0x22, 0x26, 0x26, 0x35, 0x35, 0x34, 0x36, 0x36, 0x33, 0x32, 0x16, 0x16, 0x15, 0x15, 0x14,
    0x06, 0x06, 0x27, 0x32, 0x36, 0x35, 0x35, 0x34, 0x26, 0x23, 0x22, 0x06, 0x15, 0x15, 0x14, 0x16,
    0x01, 0x22, 0x26, 0x26, 0x35, 0x35, 0x34, 0x36, 0x36, 0x33, 0x32, 0x16, 0x16, 0x15, 0x15, 0x14,
    0x06, 0x06, 0x27, 0x32, 0x36, 0x35, 0x35, 0x34, 0x26, 0x23, 0x22, 0x06, 0x15, 0x15, 0x14, 0x16,
    0x05, 0x22, 0x26, 0x26, 0x35, 0x35, 0x34, 0x36, 0x36, 0x33, 0x32, 0x16, 0x16, 0x15, 0x15, 0x14,
    0x06, 0x06, 0x27, 0x32, 0x36, 0x35, 0x35, 0x34, 0x26, 0x23, 0x22, 0x06, 0x15, 0x15, 0x14, 0x16,
    0x05, 0x01, 0x33, 0x01, 0x01, 0xf0, 0x60, 0x88, 0x48, 0x49, 0x88, 0x5f, 0x61, 0x87, 0x47, 0x48,
    0x86, 0x61, 0x49, 0x44, 0x42, 0x4b, 0x48, 0x46, 0x45, 0x03, 0xf9, 0x60, 0x88, 0x48, 0x49, 0x88,
    0x5f, 0x61, 0x87, 0x47, 0x48, 0x87, 0x60, 0x49, 0x44, 0x42, 0x4b, 0x48, 0x46, 0x45, 0x03, 0x18,
    0x61, 0x88, 0x48, 0x49, 0x88, 0x60, 0x61, 0x87, 0x46, 0x48, 0x86, 0x60, 0x49, 0x43, 0x42, 0x4a,
    0x49, 0x45, 0x44, 0xf9, 0x46, 0x04, 0x00, 0xb1, 0xfc, 0x00, 0x03, 0x2d, 0x56, 0x91, 0x59, 0x3e,
    0x58, 0x91, 0x56, 0x56, 0x91, 0x58, 0x3e, 0x59, 0x91, 0x56, 0x8c, 0x68, 0x4c, 0x3e, 0x4b, 0x69,
    0x69, 0x4b, 0x3e, 0x4c, 0x68, 0xfc, 0x2c, 0x56, 0x91, 0x59, 0x3e, 0x58, 0x91, 0x56, 0x56, 0x91,
    0x58, 0x3e, 0x59, 0x91, 0x56, 0x8b, 0x69, 0x4c, 0x3e, 0x4b, 0x69, 0x6a, 0x4a, 0x3e, 0x4c, 0x69,
    0x8b, 0x56, 0x91, 0x59, 0x3e, 0x58, 0x91, 0x56, 0x56, 0x91, 0x58, 0x3e, 0x59, 0x91, 0x56, 0x8b,
    0x69, 0x4c, 0x3e, 0x4b, 0x69, 0x6a, 0x4a, 0x3e, 0x4c, 0x69, 0x70, 0x05, 0xd2, 0xfa, 0x2e, 0x00,
    0xff, 0xff, 0x00, 0x8d, 0x04, 0xd7, 0x01, 0xef, 0x06, 0x01, 0x04, 0x06, 0x00, 0xdc, 0x00, 0x00,
    0xff, 0xff, 0x00, 0x7c, 0x04, 0xd7, 0x01, 0xdf, 0x06, 0x01, 0x04, 0x06, 0x00, 0xdd, 0x00, 0x00,
    0xff, 0xff, 0x01, 0x04, 0x05, 0x01, 0x03, 0xa3, 0x05, 0xf7, 0x04, 0x06, 0x00, 0xf7, 0x00, 0x00,
    0xff, 0xff, 0x00, 0xb5, 0x05, 0x28, 0x02, 0xe2, 0x05, 0xbd, 0x04, 0x06, 0x00, 0xde, 0x00, 0x00,
    0xff, 0xff, 0x00, 0xa1, 0xfe, 0x5e, 0x02, 0x03, 0x00, 0x2f, 0x04, 0x06, 0x00, 0xfb, 0x00, 0x00,
    0x00, 0x01, 0x00, 0x8d, 0x04, 0xd7, 0x01, 0xef, 0x06, 0x01, 0x00, 0x03, 0x00, 0x00, 0x53, 0x13,
    0x33, 0x03, 0x8d, 0x8e, 0xd4, 0xc6, 0x04, 0xd7, 0x01, 0x2a, 0xfe, 0xd6, 0x00, 0x01, 0x00, 0x7c,
    0x04, 0xd7, 0x01, 0xdf, 0x06, 0x01, 0x00, 0x03, 0x00, 0x00, 0x41, 0x03, 0x33, 0x13, 0x01, 0x42,
    0xc6, 0xd5, 0x8e, 0x04, 0xd7, 0x01, 0x2a, 0xfe, 0xd6, 0x00, 0x00, 0x01, 0x00, 0xb5, 0x05, 0x28,
    0x02, 0xe2, 0x05, 0xbd, 0x00, 0x03, 0x00, 0x00, 0x41, 0x15, 0x21, 0x35, 0x02, 0xe2, 0xfd, 0xd3,
    0x05, 0xbd, 0x95, 0x95, 0x00, 0x01, 0x00, 0xcf, 0x05, 0x09, 0x03, 0x25, 0x05, 0xe6, 0x00, 0x17,
    0x00, 0x00, 0x41, 0x22, 0x2e, 0x02, 0x23, 0x22, 0x06, 0x07, 0x23, 0x36, 0x36, 0x33, 0x32, 0x1e,
    0x02, 0x33, 0x32, 0x36, 0x37, 0x33, 0x06, 0x06, 0x02, 0x7e, 0x27, 0x47, 0x3f, 0x34, 0x14, 0x1b,
    0x1a, 0x02, 0x83, 0x03, 0x53, 0x52, 0x28, 0x44, 0x3a, 0x34, 0x1a, 0x1a, 0x1b, 0x04, 0x81, 0x03,
    0x58, 0x05, 0x09, 0x1a, 0x22, 0x1a, 0x33, 0x1f, 0x60, 0x79, 0x1b, 0x22, 0x1b, 0x28, 0x2b, 0x62,
    0x76, 0x00, 0x00, 0x01, 0x00, 0xc0, 0xff, 0xf4, 0x06, 0x98, 0x05, 0x24, 0x00, 0x1b, 0x00, 0x00,
    0x45, 0x01, 0x01, 0x17, 0x07, 0x0e, 0x02, 0x07, 0x37, 0x3e, 0x02, 0x33, 0x21, 0x15, 0x21, 0x22,
    0x26, 0x26, 0x27, 0x27, 0x1e, 0x03, 0x17, 0x17, 0x03, 0x58, 0xfd, 0x68, 0x02, 0x98, 0x7b, 0xd9,
    0x33, 0x7d, 0x7c, 0x33, 0x0e, 0x2a, 0x57, 0x58, 0x2b, 0x03, 0xeb, 0xfc, 0x15, 0x2b, 0x58, 0x57,
    0x2a, 0x0e, 0x27, 0x59, 0x5f, 0x5a, 0x26, 0xd9, 0x0c, 0x02, 0x98, 0x02, 0x98, 0x7b, 0xd7, 0x33,
    0x6e, 0x68, 0x29, 0x2a, 0x07, 0x0c, 0x07, 0xb0, 0x07, 0x0c, 0x06, 0x2a, 0x1e, 0x4a, 0x52, 0x51,
    0x26, 0xd7, 0x00, 0x01, 0x00, 0xf6, 0xff, 0xf4, 0x06, 0xce, 0x05, 0x24, 0x00, 0x1b, 0x00, 0x00,
    0x45, 0x27, 0x37, 0x3e, 0x03, 0x37, 0x07, 0x0e, 0x02, 0x23, 0x21, 0x35, 0x21, 0x32, 0x16, 0x16,
    0x17, 0x17, 0x2e, 0x02, 0x27, 0x27, 0x37, 0x01, 0x04, 0x36, 0x7b, 0xd8, 0x27, 0x59, 0x60, 0x59,
    0x26, 0x0d, 0x29, 0x58, 0x58, 0x2b, 0xfc, 0x15, 0x03, 0xeb, 0x2b, 0x58, 0x58, 0x29, 0x0d, 0x32,
    0x7d, 0x7c, 0x34, 0xd8, 0x7b, 0x02, 0x98, 0x0c, 0x7b, 0xd7, 0x26, 0x51, 0x52, 0x4a, 0x1e, 0x2a,
    0x06, 0x0c, 0x07, 0xb0, 0x07, 0x0c, 0x07, 0x2a, 0x29, 0x68, 0x6e, 0x33, 0xd7, 0x7b, 0xfd, 0x68,
    0x00, 0x01, 0x00, 0xc0, 0xff, 0xfb, 0x09, 0xe6, 0x05, 0x1d, 0x00, 0x33, 0x00, 0x00, 0x45, 0x01,
    0x01, 0x17, 0x07, 0x0e, 0x02, 0x07, 0x37, 0x3e, 0x02, 0x33, 0x21, 0x32, 0x16, 0x16, 0x17, 0x17,
    0x2e, 0x02, 0x27, 0x27, 0x37, 0x01, 0x01, 0x27, 0x37, 0x3e, 0x03, 0x37, 0x07, 0x0e, 0x02, 0x23,
    0x21, 0x22, 0x26, 0x26, 0x27, 0x27, 0x1e, 0x03, 0x17, 0x17, 0x03, 0x51, 0xfd, 0x6f, 0x02, 0x91,
    0x7b, 0xd2, 0x33, 0x7d, 0x7c, 0x33, 0x0e, 0x2a, 0x57, 0x58, 0x2b, 0x05, 0x4c, 0x2b, 0x58, 0x58,
    0x29, 0x0d, 0x32, 0x7d, 0x7c, 0x34, 0xd1, 0x7b, 0x02, 0x91, 0xfd, 0x6f, 0x7b, 0xd1, 0x27, 0x59,
    0x60, 0x59, 0x26, 0x0d, 0x29, 0x58, 0x58, 0x2b, 0xfa, 0xb4, 0x2b, 0x58, 0x57, 0x2a, 0x0e, 0x27,
    0x59, 0x5f, 0x5a, 0x26, 0xd2, 0x05, 0x02, 0x91, 0x02, 0x91, 0x7b, 0xd0, 0x33, 0x6e, 0x68, 0x29,
    0x2a, 0x07, 0x0c, 0x07, 0x07, 0x0c, 0x07, 0x2a, 0x29, 0x68, 0x6e, 0x33, 0xd0, 0x7b, 0xfd, 0x6f,
    0xfd, 0x6f, 0x7b, 0xd0, 0x26, 0x51, 0x52, 0x4a, 0x1e, 0x2a, 0x06, 0x0c, 0x07, 0x07, 0x0c, 0x06,
    0x2a, 0x1e, 0x4a, 0x52, 0x51, 0x26, 0xd0, 0x00, 0x00, 0x01, 0x00, 0xc0, 0x00, 0x00, 0x05, 0xf0,
    0x05, 0xea, 0x00, 0x1b, 0x00, 0x00, 0x53, 0x01, 0x01, 0x07, 0x27, 0x2e, 0x02, 0x27, 0x17, 0x1e,
    0x02, 0x15, 0x11, 0x23, 0x11, 0x34, 0x36, 0x36, 0x37, 0x37, 0x0e, 0x03, 0x07, 0x07, 0xc0, 0x02,
    0x98, 0x02, 0x98, 0x7b, 0xd7, 0x33, 0x6e, 0x68, 0x28, 0x2a, 0x06, 0x0c, 0x07, 0xb0, 0x07, 0x0c,
    0x06, 0x2a, 0x1e, 0x4a, 0x52, 0x51, 0x26, 0xd7, 0x03, 0x52, 0x02, 0x98, 0xfd, 0x68, 0x7b, 0xd9,
    0x34, 0x7c, 0x7d, 0x32, 0x0e, 0x29, 0x57, 0x58, 0x2c, 0xfc, 0x03, 0x03, 0xfd, 0x2c, 0x58, 0x57,
    0x29, 0x0e, 0x26, 0x5a, 0x5f, 0x59, 0x27, 0xd9, 0x00, 0x01, 0x00, 0xc0, 0xff, 0xe8, 0x05, 0xf0,
    0x05, 0xd2, 0x00, 0x1b, 0x00, 0x00, 0x41, 0x01, 0x01, 0x37, 0x17, 0x1e, 0x02, 0x17, 0x27, 0x2e,
    0x02, 0x35, 0x11, 0x33, 0x11, 0x14, 0x06, 0x06, 0x07, 0x07, 0x3e, 0x03, 0x37, 0x37, 0x05, 0xf0,
    0xfd, 0x68, 0xfd, 0x68, 0x7b, 0xd7, 0x33, 0x6f, 0x67, 0x28, 0x2a, 0x06, 0x0c, 0x07, 0xb0, 0x07,
    0x0c, 0x07, 0x29, 0x1e, 0x4a, 0x51, 0x52, 0x26, 0xd7, 0x02, 0x80, 0xfd, 0x68, 0x02, 0x98, 0x7b,
    0xd9, 0x33, 0x7d, 0x7c, 0x33, 0x0e, 0x2a, 0x57, 0x58, 0x2b, 0x03, 0xfd, 0xfc, 0x03, 0x2b, 0x58,
    0x57, 0x2a, 0x0e, 0x26, 0x5a, 0x5f, 0x59, 0x27, 0xd9, 0x00, 0x00, 0x01, 0x00, 0xd0, 0x00, 0xa2,
    0x06, 0x5c, 0x04, 0xb7, 0x00, 0x05, 0x00, 0x00, 0x53, 0x37, 0x01, 0x01, 0x17, 0x01, 0xd0, 0x80,
    0x01, 0x78, 0x03, 0x10, 0x84, 0xfc, 0x6c, 0x02, 0x97, 0x84, 0xfe, 0x8f, 0x03, 0x0d, 0x83, 0xfc,
    0x6e, 0x00, 0x00, 0x01, 0x00, 0x5e, 0xff, 0xa2, 0x07, 0xaf, 0x05, 0xd2, 0x00, 0x02, 0x00, 0x00,
    0x53, 0x21, 0x01, 0x5e, 0x07, 0x51, 0xfc, 0x56, 0x05, 0xd2, 0xf9, 0xd0, 0x00, 0x01, 0x00, 0x5e,
    0x00, 0x00, 0x07, 0xae, 0x06, 0x2e, 0x00, 0x02, 0x00, 0x00, 0x73, 0x01, 0x01, 0x5e, 0x03, 0xa7,
    0x03, 0xa9, 0x06, 0x2e, 0xf9, 0xd2, 0x00, 0x01, 0x00, 0x5a, 0xff, 0x46, 0x06, 0x93, 0x06, 0x8c,
    0x00, 0x02, 0x00, 0x00, 0x45, 0x01, 0x01, 0x06, 0x93, 0xf9, 0xc7, 0x06, 0x39, 0xba, 0x03, 0xa2,
    0x03, 0xa4, 0x00, 0x01, 0x00, 0xb9, 0xff, 0x46, 0x06, 0xf0, 0x06, 0x8c, 0x00, 0x02, 0x00, 0x00,
    0x57, 0x11, 0x01, 0xb9, 0x06, 0x37, 0xba, 0x07, 0x46, 0xfc, 0x5c, 0x00, 0x00, 0x02, 0x00, 0x5e,
    0xff, 0xa2, 0x07, 0xaf, 0x05, 0xd2, 0x00, 0x02, 0x00, 0x05, 0x00, 0x00, 0x53, 0x21, 0x09, 0x03,
    0x5e, 0x07, 0x51, 0xfc, 0x56, 0xfd, 0x8d, 0x02, 0x73, 0x02, 0x75, 0x05, 0xd2, 0xf9, 0xd0, 0x05,
    0x80, 0xfb, 0xd8, 0x04, 0x28, 0x00, 0x00, 0x02, 0x00, 0x5e, 0x00, 0x00, 0x07, 0xaf, 0x06, 0x2e,
    0x00, 0x02, 0x00, 0x05, 0x00, 0x00, 0x73, 0x01, 0x01, 0x25, 0x21, 0x01, 0x5e, 0x03, 0xa7, 0x03,
    0xaa, 0xf9, 0xe3, 0x04, 0xe8, 0xfd, 0x8b, 0x06, 0x2e, 0xf9, 0xd2, 0xaf, 0x04, 0x27, 0x00, 0x03,
    0x00, 0x3b, 0x00, 0x00, 0x07, 0xef, 0x06, 0x8c, 0x00, 0x02, 0x00, 0x0e, 0x00, 0x12, 0x00, 0x00,
    0x73, 0x01, 0x01, 0x25, 0x32, 0x36, 0x35, 0x34, 0x26, 0x23, 0x22, 0x06, 0x15, 0x14, 0x16, 0x03,
    0x33, 0x13, 0x23, 0x3b, 0x03, 0xda, 0x03, 0xda, 0xfc, 0x26, 0x39, 0x50, 0x50, 0x39, 0x38, 0x4f,
    0x4f, 0x25, 0xba, 0x0c, 0xd2, 0x06, 0x8c, 0xf9, 0x74, 0xbe, 0x4f, 0x38, 0x39, 0x50, 0x50, 0x39,
    0x38, 0x4f, 0x01, 0xb2, 0x01, 0xee, 0x00, 0x01, 0x00, 0x9e, 0xff, 0xe9, 0x06, 0x9e, 0x05, 0xe9,
    0x00, 0x13, 0x00, 0x00, 0x45, 0x22, 0x24, 0x26, 0x02, 0x35, 0x34, 0x12, 0x36, 0x24, 0x33, 0x32,
    0x04, 0x16, 0x12, 0x15, 0x14, 0x02, 0x06, 0x04, 0x03, 0x9e, 0x9f, 0xfe, 0xea, 0xd4, 0x77, 0x77,
    0xd4, 0x01, 0x16, 0x9f, 0x9f, 0x01, 0x16, 0xd4, 0x77, 0x77, 0xd4, 0xfe, 0xea, 0x17, 0x77, 0xd4,
    0x01, 0x16, 0x9f, 0x9f, 0x01, 0x16, 0xd4, 0x77, 0x77, 0xd4, 0xfe, 0xea, 0x9f, 0x9f, 0xfe, 0xea,
    0xd4, 0x77, 0x00, 0x02, 0x00, 0x9e, 0xff, 0xe9, 0x06, 0x9e, 0x05, 0xe9, 0x00, 0x13, 0x00, 0x27,
    0x00, 0x00, 0x45, 0x22, 0x24, 0x26, 0x02, 0x35, 0x34, 0x12, 0x36, 0x24, 0x33, 0x32, 0x04, 0x16,
    0x12, 0x15, 0x14, 0x02, 0x06, 0x04, 0x27, 0x32, 0x3e, 0x02, 0x35, 0x34, 0x2e, 0x02, 0x23, 0x22,
    0x0e, 0x02, 0x15, 0x14, 0x1e, 0x02, 0x03, 0x9e, 0x9f, 0xfe, 0xea, 0xd4, 0x77, 0x77, 0xd4, 0x01,
    0x16, 0x9f, 0x9f, 0x01, 0x16, 0xd4, 0x77, 0x77, 0xd4, 0xfe, 0xea, 0x9f, 0x79, 0xd4, 0xa2, 0x5a,
    0x5a, 0xa2, 0xd4, 0x79, 0x79, 0xd4, 0xa2, 0x5b, 0x5b, 0xa2, 0xd4, 0x17, 0x77, 0xd4, 0x01, 0x16,
    0x9f, 0x9f, 0x01, 0x16, 0xd4, 0x77, 0x77, 0xd4, 0xfe, 0xea, 0x9f, 0x9f, 0xfe, 0xea, 0xd4, 0x77,
    0xb7, 0x5a, 0xa2, 0xd4, 0x79, 0x79, 0xd4, 0xa2, 0x5a, 0x5a, 0xa2, 0xd4, 0x79, 0x79, 0xd4, 0xa2,
    0x5a, 0x00, 0x00, 0x01, 0x00, 0xb6, 0x00, 0x00, 0x06, 0x88, 0x05, 0xd2, 0x00, 0x03, 0x00, 0x00,
    0x73, 0x11, 0x21, 0x11, 0xb6, 0x05, 0xd2, 0x05, 0xd2, 0xfa, 0x2e, 0x00, 0x00, 0x02, 0x00, 0xb6,
    0x00, 0x00, 0x06, 0x88, 0x05, 0xd2, 0x00, 0x03, 0x00, 0x07, 0x00, 0x00, 0x73, 0x11, 0x21, 0x11,
    0x25, 0x21, 0x11, 0x21, 0xb6, 0x05, 0xd2, 0xfa, 0xdd, 0x04, 0x73, 0xfb, 0x8d, 0x05, 0xd2, 0xfa,
    0x2e, 0xaf, 0x04, 0x73, 0x00, 0x01, 0x00, 0x59, 0xff, 0x18, 0x07, 0xfd, 0x06, 0xba, 0x00, 0x03,
    0x00, 0x00, 0x41, 0x09, 0x02, 0x07, 0xfd, 0xfc, 0x34, 0xfc, 0x28, 0x03, 0xd8, 0x02, 0xe8, 0xfc,
    0x30, 0x03, 0xd0, 0x03, 0xd2, 0x00, 0xff, 0xff, 0x00, 0x15, 0x00, 0x00, 0x05, 0x77, 0x05, 0xd2,
    0x04, 0x26, 0x00, 0x0c, 0x30, 0x00, 0x00, 0x06, 0x00, 0xff, 0xe3, 0x00, 0xff, 0xff, 0x00, 0x2f,
    0x02, 0x17, 0x02, 0xc1, 0x02, 0xc7, 0x04, 0x06, 0x00, 0x96, 0xaa, 0x00, 0xff, 0xff, 0x00, 0x2f,
    0x02, 0x17, 0x02, 0xc1, 0x02, 0xc7, 0x04, 0x06, 0x00, 0x96, 0xaa, 0x00, 0x00, 0x02, 0x01, 0x04,
    0x05, 0x01, 0x03, 0xa3, 0x05, 0xf7, 0x00, 0x0b, 0x00, 0x17, 0x00, 0x00, 0x41, 0x22, 0x26, 0x35,
    0x34, 0x36, 0x33, 0x32, 0x16, 0x15, 0x14, 0x06, 0x21, 0x22, 0x26, 0x35, 0x34, 0x36, 0x33, 0x32,
    0x16, 0x15, 0x14, 0x06, 0x03, 0x28, 0x33, 0x49, 0x49, 0x33, 0x33, 0x48, 0x48, 0xfe, 0x25, 0x33,
    0x49, 0x49, 0x33, 0x33, 0x48, 0x47, 0x05, 0x01, 0x48, 0x33, 0x33, 0x48, 0x48, 0x33, 0x33, 0x48,
    0x48, 0x33, 0x33, 0x48, 0x48, 0x33, 0x33, 0x48, 0x00, 0x01, 0x00, 0x72, 0x05, 0x00, 0x01, 0x76,
    0x05, 0xf8, 0x00, 0x0b, 0x00, 0x00, 0x53, 0x22, 0x26, 0x35, 0x34, 0x36, 0x33, 0x32, 0x16, 0x15,
    0x14, 0x06, 0xf4, 0x35, 0x4d, 0x4d, 0x35, 0x36, 0x4c, 0x4c, 0x05, 0x00, 0x49, 0x33, 0x34, 0x48,
    0x48, 0x34, 0x33, 0x49, 0x00, 0x01, 0x00, 0x5b, 0x04, 0xe9, 0x02, 0xf0, 0x06, 0x01, 0x00, 0x08,
    0x00, 0x00, 0x41, 0x23, 0x35, 0x13, 0x33, 0x13, 0x15, 0x23, 0x27, 0x01, 0x16, 0xbb, 0xf0, 0xb4,
    0xf1, 0xbd, 0x8d, 0x04, 0xe9, 0x07, 0x01, 0x11, 0xfe, 0xef, 0x07, 0xaf, 0x00, 0x02, 0x00, 0x35,
    0x04, 0x97, 0x02, 0x39, 0x06, 0x83, 0x00, 0x0f, 0x00, 0x1b, 0x00, 0x00, 0x41, 0x22, 0x26, 0x26,
    0x35, 0x34, 0x36, 0x36, 0x33, 0x32, 0x16, 0x16, 0x15, 0x14, 0x06, 0x06, 0x27, 0x32, 0x36, 0x35,
    0x34, 0x26, 0x23, 0x22, 0x06, 0x15, 0x14, 0x16, 0x01, 0x37, 0x47, 0x75, 0x46, 0x46, 0x75, 0x47,
    0x48, 0x75, 0x45, 0x45, 0x75, 0x48, 0x33, 0x45, 0x45, 0x33, 0x31, 0x46, 0x46, 0x04, 0x97, 0x42,
    0x70, 0x44, 0x45, 0x6e, 0x43, 0x43, 0x6e, 0x45, 0x44, 0x70, 0x42, 0x7e, 0x47, 0x31, 0x32, 0x46,
    0x46, 0x32, 0x31, 0x47, 0x00, 0x01, 0x00, 0xa1, 0xfe, 0x5e, 0x02, 0x03, 0x00, 0x2f, 0x00, 0x13,
    0x00, 0x00, 0x53, 0x35, 0x33, 0x32, 0x36, 0x35, 0x34, 0x26, 0x23, 0x23, 0x37, 0x33, 0x15, 0x07,
    0x16, 0x16, 0x15, 0x14, 0x06, 0x23, 0xa1, 0x77, 0x34, 0x2c, 0x2c, 0x34, 0x53, 0x1f, 0x62, 0x01,
    0x5e, 0x60, 0x74, 0x74, 0xfe, 0x5e, 0x6b, 0x1e, 0x23, 0x23, 0x1e, 0xe4, 0x2f, 0x56, 0x03, 0x51,
    0x4d, 0x59, 0x52, 0x00, 0x00, 0x02, 0x00, 0x35, 0x06, 0x12, 0x02, 0x39, 0x07, 0xfa, 0x00, 0x0f,
    0x00, 0x1b, 0x00, 0x00, 0x41, 0x22, 0x26, 0x26, 0x35, 0x34, 0x36, 0x36, 0x33, 0x32, 0x16, 0x16,
    0x15, 0x14, 0x06, 0x06, 0x27, 0x32, 0x36, 0x35, 0x34, 0x26, 0x23, 0x22, 0x06, 0x15, 0x14, 0x16,
    0x01, 0x37, 0x48, 0x75, 0x45, 0x45, 0x75, 0x48, 0x48, 0x75, 0x45, 0x45, 0x74, 0x49, 0x32, 0x46,
    0x45, 0x33, 0x32, 0x45, 0x45, 0x06, 0x12, 0x42, 0x6f, 0x43, 0x45, 0x6e, 0x41, 0x41, 0x6e, 0x45,
    0x43, 0x6f, 0x42, 0x7e, 0x45, 0x32, 0x31, 0x45, 0x45, 0x31, 0x32, 0x45, 0x00, 0x01, 0xff, 0xff,
    0xff, 0xcc, 0x04, 0xde, 0x06, 0x06, 0x00, 0x03, 0x00, 0x00, 0x57, 0x27, 0x01, 0x17, 0x85, 0x86,
    0x04, 0x59, 0x86, 0x34, 0x64, 0x05, 0xd6, 0x64, 0x00, 0x01, 0x00, 0x47, 0xff, 0xd2, 0x04, 0x67,
    0x04, 0x77, 0x00, 0x03, 0x00, 0x00, 0x57, 0x27, 0x01, 0x17, 0xb1, 0x6a, 0x03, 0xb6, 0x6a, 0x2e,
    0x5c, 0x04, 0x49, 0x5b, 0x00, 0x01, 0x00, 0x32, 0x02, 0x97, 0x03, 0x3a, 0x03, 0x3b, 0x00, 0x03,
    0x00, 0x00, 0x53, 0x35, 0x21, 0x15, 0x32, 0x03, 0x08, 0x02, 0x97, 0xa4, 0xa4, 0x00, 0x00, 0x00,
    0x00, 0x00, 0x00, 0x14, 0x00, 0xf6, 0x00, 0x03, 0x00, 0x01, 0x04, 0x09, 0x00, 0x00, 0x00, 0x90,
    0x00, 0x00, 0x00, 0x03, 0x00, 0x01, 0x04, 0x09, 0x00, 0x01, 0x00, 0x0a, 0x00, 0x90, 0x00, 0x03,
    0x00, 0x01, 0x04, 0x09, 0x00, 0x02, 0x00, 0x0e, 0x00, 0x9a, 0x00, 0x03, 0x00, 0x01, 0x04, 0x09,
    0x00, 0x03, 0x00, 0x5c, 0x00, 0xa8, 0x00, 0x03, 0x00, 0x01, 0x04, 0x09, 0x00, 0x04, 0x00, 0x1a,
    0x01, 0x04, 0x00, 0x03, 0x00, 0x01, 0x04, 0x09, 0x00, 0x05, 0x00, 0x36, 0x01, 0x1e, 0x00, 0x03,
    0x00, 0x01, 0x04, 0x09, 0x00, 0x06, 0x00, 0x1a, 0x01, 0x54, 0x00, 0x03, 0x00, 0x01, 0x04, 0x09,
    0x00, 0x07, 0x00, 0x54, 0x01, 0x6e, 0x00, 0x03, 0x00, 0x01, 0x04, 0x09, 0x00, 0x08, 0x00, 0x08,
    0x01, 0xc2, 0x00, 0x03, 0x00, 0x01, 0x04, 0x09, 0x00, 0x09, 0x00, 0x20, 0x01, 0xca, 0x00, 0x03,
    0x00, 0x01, 0x04, 0x09, 0x00, 0x0b, 0x00, 0x20, 0x01, 0xea, 0x00, 0x03, 0x00, 0x01, 0x04, 0x09,
    0x00, 0x0c, 0x00, 0x20, 0x01, 0xea, 0x00, 0x03, 0x00, 0x01, 0x04, 0x09, 0x00, 0x0d, 0x01, 0x22,
    0x02, 0x0a, 0x00, 0x03, 0x00, 0x01, 0x04, 0x09, 0x00, 0x0e, 0x00, 0x36, 0x03, 0x2c, 0x00, 0x03,
    0x00, 0x01, 0x04, 0x09, 0x00, 0x19, 0x00, 0x0a, 0x00, 0x90, 0x00, 0x03, 0x00, 0x01, 0x04, 0x09,
    0x01, 0x01, 0x00, 0x0c, 0x03, 0x62, 0x00, 0x03, 0x00, 0x01, 0x04, 0x09, 0x01, 0x38, 0x00, 0x18,
    0x03, 0x6e, 0x00, 0x03, 0x00, 0x01, 0x04, 0x09, 0x01, 0x3d, 0x00, 0x08, 0x03, 0x86, 0x00, 0x03,
    0x00, 0x01, 0x04, 0x09, 0x01, 0x40, 0x00, 0x0c, 0x03, 0x8e, 0x00, 0x03, 0x00, 0x01, 0x04, 0x09,
    0x01, 0x41, 0x00, 0x0a, 0x03, 0x9a, 0x00, 0x43, 0x00, 0x6f, 0x00, 0x70, 0x00, 0x79, 0x00, 0x72,
    0x00, 0x69, 0x00, 0x67, 0x00, 0x68, 0x00, 0x74, 0x00, 0x20, 0x00, 0x32, 0x00, 0x30, 0x00, 0x31,
    0x00, 0x36, 0x00, 0x20, 0x00, 0x54, 0x00, 0x68, 0x00, 0x65, 0x00, 0x20, 0x00, 0x49, 0x00, 0x6e,
    0x00, 0x74, 0x00, 0x65, 0x00, 0x72, 0x00, 0x20, 0x00, 0x50, 0x00, 0x72, 0x00, 0x6f, 0x00, 0x6a,
    0x00, 0x65, 0x00, 0x63, 0x00, 0x74, 0x00, 0x20, 0x00, 0x41, 0x00, 0x75, 0x00, 0x74, 0x00, 0x68,
    0x00, 0x6f, 0x00, 0x72, 0x00, 0x73, 0x00, 0x20, 0x00, 0x28, 0x00, 0x68, 0x00, 0x74, 0x00, 0x74,
    0x00, 0x70, 0x00, 0x73, 0x00, 0x3a, 0x00, 0x2f, 0x00, 0x2f, 0x00, 0x67, 0x00, 0x69, 0x00, 0x74,
    0x00, 0x68, 0x00, 0x75, 0x00, 0x62, 0x00, 0x2e, 0x00, 0x63, 0x00, 0x6f, 0x00, 0x6d, 0x00, 0x2f,
    0x00, 0x72, 0x00, 0x73, 0x00, 0x6d, 0x00, 0x73, 0x00, 0x2f, 0x00, 0x69, 0x00, 0x6e, 0x00, 0x74,
    0x00, 0x65, 0x00, 0x72, 0x00, 0x29, 0x00, 0x49, 0x00, 0x6e, 0x00, 0x74, 0x00, 0x65, 0x00, 0x72,
    0x00, 0x52, 0x00, 0x65, 0x00, 0x67, 0x00, 0x75, 0x00, 0x6c, 0x00, 0x61, 0x00, 0x72, 0x00, 0x34,
    0x00, 0x2e, 0x00, 0x30, 0x00, 0x30, 0x00, 0x31, 0x00, 0x3b, 0x00, 0x67, 0x00, 0x69, 0x00, 0x74,
    0x00, 0x2d, 0x00, 0x36, 0x00, 0x36, 0x00, 0x36, 0x00, 0x34, 0x00, 0x37, 0x00, 0x63, 0x00, 0x30,
    0x00, 0x62, 0x00, 0x62, 0x00, 0x3b, 0x00, 0x52, 0x00, 0x53, 0x00, 0x4d, 0x00, 0x53, 0x00, 0x3b,
    0x00, 0x49, 0x00, 0x6e, 0x00, 0x74, 0x00, 0x65, 0x00, 0x72, 0x00, 0x2d, 0x00, 0x52, 0x00, 0x65,
    0x00, 0x67, 0x00, 0x75, 0x00, 0x6c, 0x00, 0x61, 0x00, 0x72, 0x00, 0x2d, 0x00, 0x52, 0x00, 0x65,
    0x00, 0x67, 0x00, 0x75, 0x00, 0x6c, 0x00, 0x61, 0x00, 0x72, 0x00, 0x49, 0x00, 0x6e, 0x00, 0x74,
    0x00, 0x65, 0x00, 0x72, 0x00, 0x20, 0x00, 0x52, 0x00, 0x65, 0x00, 0x67, 0x00, 0x75, 0x00, 0x6c,
    0x00, 0x61, 0x00, 0x72, 0x00, 0x56, 0x00, 0x65, 0x00, 0x72, 0x00, 0x73, 0x00, 0x69, 0x00, 0x6f,
    0x00, 0x6e, 0x00, 0x20, 0x00, 0x34, 0x00, 0x2e, 0x00, 0x30, 0x00, 0x30, 0x00, 0x31, 0x00, 0x3b,
    0x00, 0x67, 0x00, 0x69, 0x00, 0x74, 0x00, 0x2d, 0x00, 0x36, 0x00, 0x36, 0x00, 0x36, 0x00, 0x34,
    0x00, 0x37, 0x00, 0x63, 0x00, 0x30, 0x00, 0x62, 0x00, 0x62, 0x00, 0x49, 0x00, 0x6e, 0x00, 0x74,
    0x00, 0x65, 0x00, 0x72, 0x00, 0x2d, 0x00, 0x52, 0x00, 0x65, 0x00, 0x67, 0x00, 0x75, 0x00, 0x6c,
    0x00, 0x61, 0x00, 0x72, 0x00, 0x49, 0x00, 0x6e, 0x00, 0x74, 0x00, 0x65, 0x00, 0x72, 0x00, 0x20,
    0x00, 0x55, 0x00, 0x49, 0x00, 0x20, 0x00, 0x61, 0x00, 0x6e, 0x00, 0x64, 0x00, 0x20, 0x00, 0x49,
    0x00, 0x6e, 0x00, 0x74, 0x00, 0x65, 0x00, 0x72, 0x00, 0x20, 0x00, 0x69, 0x00, 0x73, 0x00, 0x20,
    0x00, 0x61, 0x00, 0x20, 0x00, 0x74, 0x00, 0x72, 0x00, 0x61, 0x00, 0x64, 0x00, 0x65, 0x00, 0x6d,
    0x00, 0x61, 0x00, 0x72, 0x00, 0x6b, 0x00, 0x20, 0x00, 0x6f, 0x00, 0x66, 0x00, 0x20, 0x00, 0x72,
    0x00, 0x73, 0x00, 0x6d, 0x00, 0x73, 0x00, 0x2e, 0x00, 0x72, 0x00, 0x73, 0x00, 0x6d, 0x00, 0x73,
    0x00, 0x52, 0x00, 0x61, 0x00, 0x73, 0x00, 0x6d, 0x00, 0x75, 0x00, 0x73, 0x00, 0x20, 0x00, 0x41,
    0x00, 0x6e, 0x00, 0x64, 0x00, 0x65, 0x00, 0x72, 0x00, 0x73, 0x00, 0x73, 0x00, 0x6f, 0x00, 0x6e,
    0x00, 0x68, 0x00, 0x74, 0x00, 0x74, 0x00, 0x70, 0x00, 0x73, 0x00, 0x3a, 0x00, 0x2f, 0x00, 0x2f,
    0x00, 0x72, 0x00, 0x73, 0x00, 0x6d, 0x00, 0x73, 0x00, 0x2e, 0x00, 0x6d, 0x00, 0x65, 0x00, 0x2f,
    0x00, 0x54, 0x00, 0x68, 0x00, 0x69, 0x00, 0x73, 0x00, 0x20, 0x00, 0x46, 0x00, 0x6f, 0x00, 0x6e,
    0x00, 0x74, 0x00, 0x20, 0x00, 0x53, 0x00, 0x6f, 0x00, 0x66, 0x00, 0x74, 0x00, 0x77, 0x00, 0x61,
    0x00, 0x72, 0x00, 0x65, 0x00, 0x20, 0x00, 0x69, 0x00, 0x73, 0x00, 0x20, 0x00, 0x6c, 0x00, 0x69,
    0x00, 0x63, 0x00, 0x65, 0x00, 0x6e, 0x00, 0x73, 0x00, 0x65, 0x00, 0x64, 0x00, 0x20, 0x00, 0x75,
    0x00, 0x6e, 0x00, 0x64, 0x00, 0x65, 0x00, 0x72, 0x00, 0x20, 0x00, 0x74, 0x00, 0x68, 0x00, 0x65,
    0x00, 0x20, 0x00, 0x53, 0x00, 0x49, 0x00, 0x4c, 0x00, 0x20, 0x00, 0x4f, 0x00, 0x70, 0x00, 0x65,
    0x00, 0x6e, 0x00, 0x20, 0x00, 0x46, 0x00, 0x6f, 0x00, 0x6e, 0x00, 0x74, 0x00, 0x20, 0x00, 0x4c,
    0x00, 0x69, 0x00, 0x63, 0x00, 0x65, 0x00, 0x6e, 0x00, 0x73, 0x00, 0x65, 0x00, 0x2c, 0x00, 0x20,
    0x00, 0x56, 0x00, 0x65, 0x00, 0x72, 0x00, 0x73, 0x00, 0x69, 0x00, 0x6f, 0x00, 0x6e, 0x00, 0x20,
    0x00, 0x31, 0x00, 0x2e, 0x00, 0x31, 0x00, 0x2e, 0x00, 0x20, 0x00, 0x54, 0x00, 0x68, 0x00, 0x69,
    0x00, 0x73, 0x00, 0x20, 0x00, 0x6c, 0x00, 0x69, 0x00, 0x63, 0x00, 0x65, 0x00, 0x6e, 0x00, 0x73,
    0x00, 0x65, 0x00, 0x20, 0x00, 0x69, 0x00, 0x73, 0x00, 0x20, 0x00, 0x61, 0x00, 0x76, 0x00, 0x61,
    0x00, 0x69, 0x00, 0x6c, 0x00, 0x61, 0x00, 0x62, 0x00, 0x6c, 0x00, 0x65, 0x00, 0x20, 0x00, 0x77,
    0x00, 0x69, 0x00, 0x74, 0x00, 0x68, 0x00, 0x20, 0x00, 0x61, 0x00, 0x20, 0x00, 0x46, 0x00, 0x41,
    0x00, 0x51, 0x00, 0x20, 0x00, 0x61, 0x00, 0x74, 0x00, 0x3a, 0x00, 0x20, 0x00, 0x68, 0x00, 0x74,
    0x00, 0x74, 0x00, 0x70, 0x00, 0x73, 0x00, 0x3a, 0x00, 0x2f, 0x00, 0x2f, 0x00, 0x6f, 0x00, 0x70,
    0x00, 0x65, 0x00, 0x6e, 0x00, 0x66, 0x00, 0x6f, 0x00, 0x6e, 0x00, 0x74, 0x00, 0x6c, 0x00, 0x69,
    0x00, 0x63, 0x00, 0x65, 0x00, 0x6e, 0x00, 0x73, 0x00, 0x65, 0x00, 0x2e, 0x00, 0x6f, 0x00, 0x72,
    0x00, 0x67, 0x00, 0x68, 0x00, 0x74, 0x00, 0x74, 0x00, 0x70, 0x00, 0x73, 0x00, 0x3a, 0x00, 0x2f,
    0x00, 0x2f, 0x00, 0x6f, 0x00, 0x70, 0x00, 0x65, 0x00, 0x6e, 0x00, 0x66, 0x00, 0x6f, 0x00, 0x6e,
    0x00, 0x74, 0x00, 0x6c, 0x00, 0x69, 0x00, 0x63, 0x00, 0x65, 0x00, 0x6e, 0x00, 0x73, 0x00, 0x65,
    0x00, 0x2e, 0x00, 0x6f, 0x00, 0x72, 0x00, 0x67, 0x00, 0x57, 0x00, 0x65, 0x00, 0x69, 0x00, 0x67,
    0x00, 0x68, 0x00, 0x74, 0x00, 0x4f, 0x00, 0x70, 0x00, 0x74, 0x00, 0x69, 0x00, 0x63, 0x00, 0x61,
    0x00, 0x6c, 0x00, 0x20, 0x00, 0x53, 0x00, 0x69, 0x00, 0x7a, 0x00, 0x65, 0x00, 0x32, 0x00, 0x30,
    0x00, 0x70, 0x00, 0x74, 0x00, 0x49, 0x00, 0x74, 0x00, 0x61, 0x00, 0x6c, 0x00, 0x69, 0x00, 0x63,
    0x00, 0x52, 0x00, 0x6f, 0x00, 0x6d, 0x00, 0x61, 0x00, 0x6e, 0x00, 0x00, 0x00, 0x03, 0x00, 0x00,
    0x00, 0x00, 0x00, 0x00, 0xfe, 0xd9, 0x00, 0x95, 0x00, 0x00, 0x00, 0x00, 0x00, 0x00, 0x00, 0x00,
    0x00, 0x00, 0x00, 0x00, 0x00, 0x00, 0x00, 0x00, 0x00, 0x00, 0x00, 0x00, 0x00, 0x01, 0x00, 0x01,
    0xff, 0xff, 0x00, 0x0f, 0x00, 0x01, 0x00, 0x01, 0x00, 0x08, 0x00, 0x03, 0x00, 0x00, 0x00, 0x14,
    0x00, 0x02, 0x00, 0x00, 0x00, 0x2c, 0x00, 0x02, 0x6f, 0x70, 0x73, 0x7a, 0x01, 0x38, 0x00, 0x00,
    0x77, 0x67, 0x68, 0x74, 0x01, 0x01, 0x00, 0x01, 0x69, 0x74, 0x61, 0x6c, 0x01, 0x40, 0x00, 0x02,
    0x00, 0x04, 0x00, 0x10, 0x00, 0x01, 0x00, 0x00, 0x00, 0x00, 0x01, 0x3d, 0x00, 0x14, 0x00, 0x00,
    0x00, 0x03, 0x00, 0x02, 0x00, 0x02, 0x01, 0x41, 0x00, 0x00, 0x00, 0x00, 0x00, 0x01, 0x00, 0x00,
};

inline constexpr unsigned char kIconFont[18232] = {
    0x00, 0x01, 0x00, 0x00, 0x00, 0x0a, 0x00, 0x80, 0x00, 0x03, 0x00, 0x20, 0x4f, 0x53, 0x2f, 0x32,
    0x44, 0x13, 0x58, 0xfd, 0x00, 0x00, 0x01, 0x28, 0x00, 0x00, 0x00, 0x60, 0x63, 0x6d, 0x61, 0x70,
    0x52, 0x8c, 0x1b, 0xc5, 0x00, 0x00, 0x02, 0xd8, 0x00, 0x00, 0x02, 0x22, 0x67, 0x6c, 0x79, 0x66,
    0x1d, 0x0f, 0x98, 0xab, 0x00, 0x00, 0x05, 0xa8, 0x00, 0x00, 0x3e, 0xfa, 0x68, 0x65, 0x61, 0x64,
    0x2e, 0xc8, 0xda, 0x94, 0x00, 0x00, 0x00, 0xac, 0x00, 0x00, 0x00, 0x36, 0x68, 0x68, 0x65, 0x61,
    0x04, 0x4e, 0x02, 0x83, 0x00, 0x00, 0x00, 0xe4, 0x00, 0x00, 0x00, 0x24, 0x68, 0x6d, 0x74, 0x78,
    0xa2, 0x09, 0x01, 0x83, 0x00, 0x00, 0x01, 0x88, 0x00, 0x00, 0x01, 0x50, 0x6c, 0x6f, 0x63, 0x61,
    0x74, 0xe6, 0x65, 0x78, 0x00, 0x00, 0x04, 0xfc, 0x00, 0x00, 0x00, 0xaa, 0x6d, 0x61, 0x78, 0x70,
    0x00, 0x5e, 0x00, 0xbb, 0x00, 0x00, 0x01, 0x08, 0x00, 0x00, 0x00, 0x20, 0x6e, 0x61, 0x6d, 0x65,
    0x33, 0x92, 0x58, 0x15, 0x00, 0x00, 0x44, 0xa4, 0x00, 0x00, 0x02, 0x74, 0x70, 0x6f, 0x73, 0x74,
    0xff, 0xde, 0x00, 0x19, 0x00, 0x00, 0x47, 0x18, 0x00, 0x00, 0x00, 0x20, 0x00, 0x01, 0x00, 0x00,
    0x03, 0x07, 0x05, 0x00, 0x42, 0x90, 0x73, 0x57, 0x5f, 0x0f, 0x3c, 0xf5, 0x00, 0x0b, 0x02, 0x00,
    0x00, 0x00, 0x00, 0x00, 0xe3, 0x82, 0x69, 0xb1, 0x00, 0x00, 0x00, 0x00, 0xe6, 0xa1, 0x2b, 0x66,
    0xff, 0xf9, 0xff, 0xb9, 0x02, 0x87, 0x01, 0xc7, 0x00, 0x00, 0x00, 0x08, 0x00, 0x02, 0x00, 0x00,
    0x00, 0x00, 0x00, 0x00, 0x00, 0x01, 0x00, 0x00, 0x01, 0xcb, 0xff, 0xb5, 0x00, 0x00, 0x02, 0x80,
    0xff, 0xf9, 0xff, 0xf9, 0x02, 0x87, 0x00, 0x01, 0x00, 0x00, 0x00, 0x00, 0x00, 0x00, 0x00, 0x00,
    0x00, 0x00, 0x00, 0x00, 0x00, 0x00, 0x00, 0x54, 0x00, 0x01, 0x00, 0x00, 0x00, 0x54, 0x00, 0xb9,
    0x00, 0x08, 0x00, 0x00, 0x00, 0x00, 0x00, 0x01, 0x00, 0x00, 0x00, 0x01, 0x00, 0x01, 0x00, 0x00,
    0x00, 0x00, 0x00, 0x00, 0x00, 0x00, 0x00, 0x00, 0x00, 0x04, 0x02, 0x03, 0x03, 0x84, 0x00, 0x05,
    0x00, 0x00, 0x01, 0x4c, 0x01, 0x66, 0x00, 0x00, 0x00, 0x47, 0x01, 0x4c, 0x01, 0x66, 0x00, 0x00,
    0x00, 0xf5, 0x00, 0x19, 0x00, 0x84, 0x00, 0x00, 0x02, 0x00, 0x09, 0x03, 0x00, 0x00, 0x00, 0x00,
    0x00, 0x00, 0x00, 0x00, 0x00, 0x00, 0x10, 0x00, 0x00, 0x00, 0x00, 0x00, 0x00, 0x00, 0x00, 0x00,
    0x00, 0x00, 0x41, 0x57, 0x53, 0x4d, 0x00, 0x80, 0xe2, 0xca, 0xf6, 0xa9, 0x01, 0xcb, 0xff, 0xb5,
    0x00, 0x00, 0x01, 0xcb, 0x00, 0x4b, 0x00, 0x00, 0x00, 0x01, 0x00, 0x00, 0x00, 0x00, 0x01, 0x41,
    0x01, 0xaf, 0x00, 0x00, 0x00, 0x20, 0x00, 0x00, 0x01, 0x80, 0x00, 0x00, 0x01, 0xc0, 0x00, 0x10,
    0x02, 0x40, 0x00, 0x00, 0x02, 0x00, 0x00, 0x00, 0x02, 0x00, 0x00, 0x00, 0x02, 0x40, 0x00, 0x14,
    0x01, 0xc0, 0x00, 0x00, 0x02, 0x00, 0x00, 0x00, 0x01, 0xc0, 0x00, 0x00, 0x01, 0x80, 0x00, 0x20,
    0x02, 0x00, 0x00, 0x10, 0x02, 0x80, 0x00, 0x20, 0x02, 0x00, 0x00, 0x0c, 0x02, 0x40, 0x00, 0x00,
    0x02, 0x00, 0x00, 0x00, 0x02, 0x00, 0x00, 0x00, 0x02, 0x00, 0x00, 0x19, 0x01, 0xc0, 0x00, 0x00,
    0x02, 0x80, 0x00, 0x00, 0x02, 0x00, 0x00, 0x00, 0x02, 0x00, 0x00, 0x10, 0x02, 0x40, 0x00, 0x00,
    0x02, 0x00, 0x00, 0x00, 0x01, 0x80, 0x00, 0x00, 0x01, 0x80, 0x00, 0x00, 0x01, 0x40, 0x00, 0x00,
    0x01, 0x80, 0x00, 0x00, 0x01, 0x40, 0x00, 0x00, 0x01, 0x40, 0x00, 0x40, 0x02, 0x00, 0x00, 0x00,
    0x02, 0x00, 0x00, 0x00, 0x02, 0x00, 0x00, 0x00, 0x01, 0xc0, 0x00, 0x00, 0x01, 0xc0, 0x00, 0x00,
    0x01, 0x80, 0x00, 0x00, 0x01, 0x80, 0x00, 0x00, 0x01, 0xc0, 0x00, 0x00, 0x01, 0xc0, 0x00, 0x00,
    0x01, 0xc0, 0x00, 0x10, 0x01, 0xc0, 0x00, 0x00, 0x02, 0x40, 0xff, 0xfe, 0x02, 0x80, 0xff, 0xf9,
    0x02, 0x00, 0xff, 0xfb, 0x02, 0x00, 0xff, 0xfe, 0x02, 0x00, 0x00, 0x20, 0x02, 0x00, 0x00, 0x20,
    0x02, 0x00, 0x00, 0x00, 0x01, 0x80, 0xff, 0xfd, 0x02, 0x00, 0x00, 0x00, 0x02, 0x80, 0x00, 0x12,
    0x01, 0xc0, 0x00, 0x00, 0x01, 0xc0, 0x00, 0x00, 0x01, 0xc0, 0x00, 0x1b, 0x01, 0xc0, 0xff, 0xfb,
    0x02, 0x00, 0xff, 0xfa, 0x02, 0x40, 0x00, 0x00, 0x02, 0x80, 0x00, 0x00, 0x01, 0xc0, 0x00, 0x00,
    0x01, 0x80, 0x00, 0x00, 0x02, 0x00, 0xff, 0xfe, 0x01, 0x80, 0x00, 0x00, 0x02, 0x00, 0x00, 0x00,
    0x01, 0xc0, 0x00, 0x00, 0x02, 0x00, 0x00, 0x00, 0x02, 0x00, 0x00, 0x00, 0x01, 0xc0, 0x00, 0x00,
    0x02, 0x80, 0x00, 0x00, 0x01, 0xc0, 0x00, 0x00, 0x02, 0x40, 0x00, 0x00, 0x01, 0x80, 0x00, 0x00,
    0x02, 0x00, 0x00, 0x00, 0x02, 0x00, 0x00, 0x00, 0x02, 0x00, 0x00, 0x10, 0x02, 0x00, 0xff, 0xfd,
    0x02, 0x40, 0x00, 0x00, 0x02, 0x40, 0x00, 0x00, 0x01, 0x80, 0x00, 0x10, 0x02, 0x40, 0x00, 0x00,
    0x02, 0x40, 0x00, 0x00, 0x02, 0x00, 0x00, 0x00, 0x02, 0x80, 0x00, 0x00, 0x02, 0x40, 0x00, 0x20,
    0x02, 0x00, 0x00, 0x00, 0x02, 0x40, 0x00, 0x00, 0x00, 0x00, 0x00, 0x02, 0x00, 0x00, 0x00, 0x03,
    0x00, 0x00, 0x00, 0x14, 0x00, 0x03, 0x00, 0x01, 0x00, 0x00, 0x00, 0x14, 0x00, 0x04, 0x02, 0x0e,
    0x00, 0x00, 0x00, 0x7c, 0x00, 0x40, 0x00, 0x05, 0x00, 0x3c, 0xe2, 0xca, 0xf0, 0x02, 0xf0, 0x05,
    0xf0, 0x07, 0xf0, 0x09, 0xf0, 0x0d, 0xf0, 0x13, 0xf0, 0x17, 0xf0, 0x19, 0xf0, 0x1e, 0xf0, 0x23,
    0xf0, 0x28, 0xf0, 0x30, 0xf0, 0x3a, 0xf0, 0x3e, 0xf0, 0x43, 0xf0, 0x4d, 0xf0, 0x54, 0xf0, 0x58,
    0xf0, 0x5a, 0xf0, 0x63, 0xf0, 0x68, 0xf0, 0x6e, 0xf0, 0x71, 0xf0, 0x75, 0xf0, 0x78, 0xf0, 0x7b,
    0xf0, 0x8d, 0xf0, 0x93, 0xf0, 0xa2, 0xf0, 0xc1, 0xf0, 0xc5, 0xf0, 0xc9, 0xf0, 0xe7, 0xf1, 0x08,
    0xf1, 0x10, 0xf1, 0x21, 0xf1, 0x33, 0xf1, 0x86, 0xf1, 0xb2, 0xf1, 0xc0, 0xf1, 0xd8, 0xf1, 0xde,
    0xf1, 0xe0, 0xf1, 0xeb, 0xf1, 0xf8, 0xf2, 0x41, 0xf2, 0x52, 0xf2, 0xd0, 0xf2, 0xdb, 0xf2, 0xf1,
    0xf3, 0x04, 0xf3, 0xc1, 0xf3, 0xcf, 0xf3, 0xfd, 0xf5, 0x19, 0xf5, 0x38, 0xf5, 0x3f, 0xf5, 0x44,
    0xf5, 0xfd, 0xf6, 0xa9, 0xff, 0xff, 0x00, 0x00, 0xe2, 0xca, 0xf0, 0x02, 0xf0, 0x04, 0xf0, 0x07,
    0xf0, 0x09, 0xf0, 0x0c, 0xf0, 0x11, 0xf0, 0x15, 0xf0, 0x19, 0xf0, 0x1e, 0xf0, 0x23, 0xf0, 0x28,
    0xf0, 0x30, 0xf0, 0x3a, 0xf0, 0x3d, 0xf0, 0x43, 0xf0, 0x4b, 0xf0, 0x53, 0xf0, 0x57, 0xf0, 0x5a,
    0xf0, 0x60, 0xf0, 0x65, 0xf0, 0x6d, 0xf0, 0x70, 0xf0, 0x75, 0xf0, 0x77, 0xf0, 0x7b, 0xf0, 0x8d,
    0xf0, 0x93, 0xf0, 0xa2, 0xf0, 0xc1, 0xf0, 0xc5, 0xf0, 0xc9, 0xf0, 0xe7, 0xf1, 0x08, 0xf1, 0x10,
    0xf1, 0x20, 0xf1, 0x33, 0xf1, 0x85, 0xf1, 0xb2, 0xf1, 0xc0, 0xf1, 0xd8, 0xf1, 0xde, 0xf1, 0xe0,
    0xf1, 0xeb, 0xf1, 0xf8, 0xf2, 0x41, 0xf2, 0x52, 0xf2, 0xd0, 0xf2, 0xdb, 0xf2, 0xf1, 0xf3, 0x04,
    0xf3, 0xc1, 0xf3, 0xcf, 0xf3, 0xfd, 0xf5, 0x19, 0xf5, 0x38, 0xf5, 0x3f, 0xf5, 0x44, 0xf5, 0xfd,
    0xf6, 0xa9, 0xff, 0xff, 0x1d, 0x38, 0x10, 0x01, 0x10, 0x00, 0x0f, 0xff, 0x0f, 0xfe, 0x0f, 0xfc,
    0x0f, 0xf9, 0x00, 0x00, 0x0f, 0xf6, 0x0f, 0xf2, 0x0f, 0xee, 0x0f, 0xea, 0x0f, 0xe3, 0x0f, 0xda,
    0x0f, 0xd8, 0x0f, 0xd4, 0x0f, 0xcd, 0x0f, 0xc8, 0x0f, 0xc6, 0x0f, 0xc5, 0x0f, 0xc0, 0x00, 0x00,
    0x0f, 0xba, 0x0f, 0xb9, 0x0f, 0xb6, 0x0f, 0xb5, 0x0f, 0xb3, 0x0f, 0xa2, 0x0f, 0x9d, 0x0f, 0x93,
    0x0f, 0x70, 0x0f, 0x6d, 0x0f, 0x6a, 0x0f, 0x4d, 0x0f, 0x42, 0x0f, 0x26, 0x0f, 0x17, 0x0f, 0x06,
    0x0e, 0xb6, 0x0e, 0x8b, 0x0e, 0x7e, 0x0e, 0x67, 0x0e, 0x62, 0x0e, 0x61, 0x0e, 0x57, 0x0e, 0x4b,
    0x0e, 0x03, 0x0d, 0xf3, 0x0d, 0x76, 0x0d, 0x6c, 0x0d, 0x57, 0x0d, 0x45, 0x0c, 0x8a, 0x0c, 0x7d,
    0x0c, 0x55, 0x0b, 0x34, 0x0b, 0x16, 0x0b, 0x10, 0x0b, 0x0c, 0x0a, 0x54, 0x09, 0xaa, 0x00, 0x01,
    0x00, 0x00, 0x00, 0x00, 0x00, 0x00, 0x00, 0x00, 0x00, 0x00, 0x00, 0x00, 0x00, 0x00, 0x00, 0x6e,
    0x00, 0x00, 0x00, 0x00, 0x00, 0x00, 0x00, 0x00, 0x00, 0x00, 0x00, 0x00, 0x00, 0x00, 0x00, 0x00,
    0x00, 0x00, 0x00, 0x00, 0x00, 0x00, 0x00, 0x00, 0x00, 0x00, 0x00, 0x58, 0x00, 0x00, 0x00, 0x00,
    0x00, 0x00, 0x00, 0x00, 0x00, 0x00, 0x00, 0x00, 0x00, 0x00, 0x00, 0x00, 0x00, 0x00, 0x00, 0x00,
    0x00, 0x00, 0x00, 0x00, 0x00, 0x00, 0x00, 0x00, 0x00, 0x00, 0x00, 0x00, 0x00, 0x00, 0x00, 0x00,
    0x00, 0x00, 0x00, 0x00, 0x00, 0x00, 0x00, 0x00, 0x00, 0x00, 0x00, 0x00, 0x00, 0x00, 0x00, 0x00,
    0x00, 0x00, 0x00, 0x00, 0x00, 0x00, 0x00, 0x00, 0x00, 0x00, 0x00, 0x00, 0x00, 0x00, 0x00, 0x00,
    0x00, 0x00, 0x00, 0x00, 0x00, 0x00, 0x00, 0x00, 0x00, 0x00, 0x00, 0x00, 0x00, 0x0d, 0x00, 0x3a,
    0x00, 0x0e, 0x00, 0x24, 0x00, 0x25, 0x00, 0x01, 0x00, 0x26, 0x00, 0x00, 0x00, 0x00, 0x00, 0x51,
    0x00, 0x8f, 0x01, 0x3b, 0x01, 0x8e, 0x01, 0xc7, 0x02, 0x02, 0x02, 0x48, 0x02, 0x98, 0x02, 0xc5,
    0x03, 0x07, 0x03, 0x78, 0x04, 0x08, 0x04, 0xa2, 0x05, 0x0b, 0x05, 0x51, 0x05, 0xc5, 0x06, 0x27,
    0x06, 0x75, 0x07, 0x03, 0x07, 0x5f, 0x07, 0xf4, 0x08, 0x3b, 0x08, 0x9a, 0x08, 0xe3, 0x09, 0x05,
    0x09, 0x4f, 0x09, 0x78, 0x09, 0xa2, 0x09, 0xcd, 0x0a, 0x24, 0x0a, 0x6d, 0x0a, 0xd4, 0x0b, 0x0c,
    0x0b, 0x45, 0x0b, 0x7e, 0x0b, 0xb6, 0x0c, 0x47, 0x0c, 0xd8, 0x0c, 0xfa, 0x0d, 0x5a, 0x0d, 0xe7,
    0x0e, 0x66, 0x0e, 0xb1, 0x0e, 0xfe, 0x0f, 0x29, 0x0f, 0x53, 0x0f, 0x86, 0x0f, 0xd7, 0x10, 0x4f,
    0x10, 0xfc, 0x11, 0x4c, 0x11, 0xa5, 0x11, 0xd2, 0x12, 0x1f, 0x12, 0xb8, 0x13, 0x00, 0x13, 0x71,
    0x13, 0xc4, 0x13, 0xf8, 0x14, 0x98, 0x14, 0xd5, 0x15, 0x1d, 0x15, 0x7e, 0x15, 0xb9, 0x16, 0x9f,
    0x16, 0xf7, 0x17, 0x6c, 0x17, 0xb4, 0x18, 0x0b, 0x18, 0x78, 0x18, 0xbe, 0x19, 0x7e, 0x19, 0xfd,
    0x1a, 0x35, 0x1a, 0x88, 0x1a, 0xda, 0x1b, 0x20, 0x1b, 0xdc, 0x1c, 0xa4, 0x1d, 0x4a, 0x1e, 0x0a,
    0x1e, 0x73, 0x1f, 0x24, 0x1f, 0x7d, 0x00, 0x00, 0x00, 0x05, 0x00, 0x00, 0xff, 0xc0, 0x01, 0x80,
    0x01, 0xc0, 0x00, 0x06, 0x00, 0x0d, 0x00, 0x14, 0x00, 0x1b, 0x00, 0x35, 0x00, 0x00, 0x37, 0x37,
    0x07, 0x37, 0x27, 0x31, 0x11, 0x17, 0x33, 0x23, 0x33, 0x27, 0x31, 0x07, 0x37, 0x17, 0x27, 0x17,
    0x11, 0x31, 0x07, 0x37, 0x23, 0x33, 0x23, 0x17, 0x31, 0x37, 0x25, 0x36, 0x37, 0x31, 0x31, 0x36,
    0x37, 0x21, 0x31, 0x16, 0x17, 0x16, 0x17, 0x11, 0x31, 0x06, 0x07, 0x06, 0x07, 0x21, 0x31, 0x26,
    0x27, 0x26, 0x27, 0x11, 0x40, 0x5a, 0x5a, 0x5a, 0x5a, 0x27, 0xb3, 0xb3, 0xb3, 0x5a, 0x59, 0x80,
    0x59, 0x59, 0x59, 0x59, 0x33, 0xb3, 0xb3, 0xb3, 0x59, 0x5a, 0xfe, 0xe6, 0x01, 0x0d, 0x0e, 0x14,
    0x01, 0x20, 0x14, 0x0e, 0x0d, 0x01, 0x01, 0x0d, 0x0e, 0x14, 0xfe, 0xe0, 0x14, 0x0e, 0x0d, 0x01,
    0x3a, 0x86, 0x86, 0x86, 0x86, 0xfe, 0xf4, 0x3a, 0x86, 0x86, 0xc0, 0x86, 0x86, 0x86, 0x01, 0x0c,
    0x86, 0xc0, 0x86, 0x86, 0x10, 0x14, 0x0e, 0x0d, 0x01, 0x01, 0x0d, 0x0e, 0x14, 0xfe, 0x60, 0x14,
    0x0e, 0x0d, 0x01, 0x01, 0x0d, 0x0e, 0x14, 0x01, 0xa0, 0x00, 0x00, 0x01, 0x00, 0x10, 0xff, 0xf0,
    0x01, 0xb0, 0x01, 0x90, 0x00, 0x31, 0x00, 0x00, 0x01, 0x34, 0x27, 0x31, 0x31, 0x26, 0x23, 0x22,
    0x07, 0x06, 0x15, 0x15, 0x31, 0x23, 0x31, 0x22, 0x07, 0x06, 0x15, 0x14, 0x17, 0x16, 0x33, 0x33,
    0x31, 0x15, 0x31, 0x14, 0x17, 0x16, 0x33, 0x32, 0x37, 0x36, 0x35, 0x35, 0x31, 0x33, 0x31, 0x32,
    0x37, 0x36, 0x35, 0x34, 0x27, 0x26, 0x23, 0x23, 0x31, 0x35, 0x01, 0x00, 0x09, 0x09, 0x0e, 0x0e,
    0x09, 0x09, 0x90, 0x0e, 0x09, 0x09, 0x09, 0x09, 0x0e, 0x90, 0x09, 0x09, 0x0e, 0x0e, 0x09, 0x09,
    0x90, 0x0e, 0x09, 0x09, 0x09, 0x09, 0x0e, 0x90, 0x01, 0x70, 0x0e, 0x09, 0x09, 0x09, 0x09, 0x0e,
    0x90, 0x09, 0x09, 0x0e, 0x0e, 0x09, 0x09, 0x90, 0x0e, 0x09, 0x09, 0x09, 0x09, 0x0e, 0x90, 0x09,
    0x09, 0x0e, 0x0e, 0x09, 0x09, 0x90, 0x00, 0x05, 0x00, 0x00, 0xff, 0xc0, 0x02, 0x20, 0x01, 0xc0,
    0x00, 0x20, 0x00, 0x3a, 0x00, 0x43, 0x00, 0x63, 0x00, 0x83, 0x00, 0x00, 0x13, 0x07, 0x37, 0x07,
    0x06, 0x15, 0x14, 0x17, 0x17, 0x31, 0x17, 0x31, 0x16, 0x33, 0x32, 0x37, 0x37, 0x31, 0x37, 0x31,
    0x36, 0x35, 0x34, 0x27, 0x27, 0x31, 0x27, 0x31, 0x26, 0x23, 0x22, 0x07, 0x07, 0x03, 0x06, 0x15,
    0x31, 0x31, 0x14, 0x17, 0x17, 0x31, 0x16, 0x33, 0x32, 0x37, 0x01, 0x31, 0x36, 0x35, 0x34, 0x27,
    0x27, 0x31, 0x26, 0x23, 0x22, 0x07, 0x01, 0x01, 0x07, 0x37, 0x07, 0x27, 0x31, 0x37, 0x31, 0x17,
    0x05, 0x06, 0x15, 0x14, 0x17, 0x17, 0x31, 0x17, 0x31, 0x16, 0x33, 0x32, 0x37, 0x37, 0x31, 0x37,
    0x31, 0x36, 0x35, 0x34, 0x27, 0x27, 0x31, 0x27, 0x31, 0x26, 0x23, 0x22, 0x07, 0x07, 0x31, 0x07,
    0x01, 0x06, 0x15, 0x14, 0x17, 0x17, 0x31, 0x17, 0x31, 0x16, 0x33, 0x32, 0x37, 0x37, 0x31, 0x37,
    0x31, 0x36, 0x35, 0x34, 0x27, 0x27, 0x31, 0x27, 0x31, 0x26, 0x23, 0x22, 0x07, 0x07, 0x31, 0x07,
    0xeb, 0x26, 0x26, 0x26, 0x05, 0x05, 0x26, 0x0e, 0x02, 0x05, 0x05, 0x02, 0x0e, 0x26, 0x05, 0x05,
    0x26, 0x0e, 0x02, 0x05, 0x05, 0x02, 0x0e, 0xbd, 0x0e, 0x0e, 0x23, 0x0e, 0x14, 0x13, 0x0f, 0x01,
    0x7d, 0x0e, 0x0e, 0x23, 0x0e, 0x14, 0x13, 0x0f, 0xfe, 0x83, 0x01, 0xb7, 0x69, 0x69, 0x69, 0x18,
    0x69, 0x18, 0xfe, 0x23, 0x08, 0x08, 0x38, 0x15, 0x03, 0x08, 0x08, 0x03, 0x15, 0x39, 0x07, 0x07,
    0x39, 0x15, 0x03, 0x08, 0x08, 0x03, 0x15, 0x38, 0x01, 0x60, 0x08, 0x08, 0x38, 0x15, 0x03, 0x08,
    0x08, 0x03, 0x15, 0x39, 0x07, 0x07, 0x39, 0x15, 0x03, 0x08, 0x08, 0x03, 0x15, 0x38, 0x01, 0x95,
    0x0e, 0x0e, 0x0e, 0x02, 0x05, 0x05, 0x02, 0x0e, 0x26, 0x05, 0x05, 0x26, 0x0e, 0x02, 0x05, 0x05,
    0x02, 0x0e, 0x26, 0x05, 0x05, 0x26, 0xfe, 0xa0, 0x0f, 0x13, 0x13, 0x0f, 0x23, 0x0e, 0x0e, 0x01,
    0x7d, 0x0f, 0x13, 0x14, 0x0e, 0x23, 0x0e, 0x0e, 0xfe, 0x83, 0x01, 0x38, 0x69, 0x69, 0x69, 0x18,
    0x69, 0x18, 0x22, 0x03, 0x08, 0x08, 0x03, 0x15, 0x39, 0x07, 0x07, 0x39, 0x15, 0x03, 0x08, 0x08,
    0x03, 0x15, 0x38, 0x08, 0x08, 0x38, 0x15, 0xff, 0x00, 0x03, 0x08, 0x08, 0x03, 0x15, 0x39, 0x07,
    0x07, 0x39, 0x15, 0x03, 0x08, 0x08, 0x03, 0x15, 0x38, 0x08, 0x08, 0x38, 0x15, 0x00, 0x00, 0x02,
    0x00, 0x00, 0xff, 0xc0, 0x02, 0x00, 0x01, 0xc0, 0x00, 0x1c, 0x00, 0x37, 0x00, 0x00, 0x25, 0x06,
    0x07, 0x17, 0x31, 0x16, 0x15, 0x14, 0x07, 0x06, 0x23, 0x22, 0x27, 0x27, 0x31, 0x06, 0x07, 0x26,
    0x27, 0x26, 0x27, 0x36, 0x37, 0x36, 0x37, 0x16, 0x17, 0x16, 0x17, 0x07, 0x32, 0x37, 0x31, 0x31,
    0x36, 0x37, 0x36, 0x35, 0x34, 0x27, 0x26, 0x27, 0x26, 0x23, 0x22, 0x07, 0x06, 0x07, 0x06, 0x15,
    0x14, 0x17, 0x16, 0x17, 0x16, 0x33, 0x01, 0xa0, 0x01, 0x27, 0x7f, 0x09, 0x09, 0x0a, 0x0d, 0x0d,
    0x0a, 0x7e, 0x35, 0x46, 0x58, 0x3b, 0x3b, 0x02, 0x02, 0x3b, 0x3b, 0x58, 0x58, 0x3b, 0x3b, 0x02,
    0xd0, 0x27, 0x21, 0x21, 0x14, 0x13, 0x13, 0x14, 0x21, 0x21, 0x27, 0x27, 0x21, 0x21, 0x14, 0x13,
    0x13, 0x14, 0x21, 0x21, 0x27, 0xf0, 0x46, 0x35, 0x7e, 0x0a, 0x0d, 0x0d, 0x0a, 0x09, 0x09, 0x7f,
    0x27, 0x01, 0x02, 0x3b, 0x3b, 0x58, 0x58, 0x3b, 0x3b, 0x02, 0x02, 0x3b, 0x3b, 0x58, 0x90, 0x13,
    0x13, 0x22, 0x22, 0x26, 0x26, 0x22, 0x22, 0x13, 0x13, 0x13, 0x13, 0x22, 0x22, 0x26, 0x26, 0x22,
    0x22, 0x13, 0x13, 0x00, 0x00, 0x01, 0x00, 0x00, 0xff, 0xe0, 0x02, 0x00, 0x01, 0x99, 0x00, 0x25,
    0x00, 0x00, 0x37, 0x17, 0x27, 0x17, 0x16, 0x33, 0x32, 0x37, 0x37, 0x31, 0x36, 0x37, 0x35, 0x31,
    0x26, 0x27, 0x26, 0x27, 0x26, 0x07, 0x06, 0x07, 0x07, 0x31, 0x27, 0x31, 0x26, 0x27, 0x26, 0x07,
    0x06, 0x07, 0x06, 0x07, 0x15, 0x31, 0x16, 0x17, 0x30, 0xb4, 0xb4, 0xb4, 0x0c, 0x10, 0x10, 0x0c,
    0xb4, 0x2f, 0x01, 0x01, 0x21, 0x21, 0x34, 0x23, 0x21, 0x20, 0x19, 0x0c, 0x0c, 0x19, 0x20, 0x21,
    0x23, 0x34, 0x21, 0x21, 0x01, 0x01, 0x2f, 0x94, 0xa9, 0xa9, 0xa9, 0x0b, 0x0b, 0xa9, 0x2c, 0x41,
    0x06, 0x36, 0x26, 0x27, 0x0a, 0x05, 0x0a, 0x0a, 0x19, 0x0c, 0x0c, 0x19, 0x0a, 0x0a, 0x05, 0x0a,
    0x27, 0x26, 0x36, 0x06, 0x41, 0x2c, 0x00, 0x01, 0x00, 0x14, 0xff, 0xbb, 0x02, 0x2c, 0x01, 0xc0,
    0x00, 0x27, 0x00, 0x00, 0x01, 0x26, 0x27, 0x06, 0x07, 0x07, 0x31, 0x07, 0x31, 0x06, 0x07, 0x06,
    0x17, 0x17, 0x31, 0x07, 0x31, 0x06, 0x17, 0x16, 0x37, 0x37, 0x31, 0x17, 0x31, 0x16, 0x37, 0x36,
    0x27, 0x27, 0x31, 0x37, 0x31, 0x36, 0x27, 0x26, 0x27, 0x27, 0x31, 0x27, 0x01, 0x3d, 0x09, 0x14,
    0x13, 0x0a, 0x40, 0x90, 0x13, 0x06, 0x06, 0x0e, 0x68, 0x19, 0x02, 0x0f, 0x10, 0x12, 0x80, 0x81,
    0x11, 0x10, 0x10, 0x03, 0x18, 0x68, 0x0d, 0x05, 0x07, 0x13, 0x90, 0x40, 0x01, 0xae, 0x11, 0x01,
    0x01, 0x11, 0x84, 0x16, 0x03, 0x12, 0x13, 0x0e, 0x67, 0x92, 0x13, 0x0c, 0x0b, 0x09, 0x44, 0x44,
    0x09, 0x0b, 0x0c, 0x13, 0x92, 0x67, 0x0e, 0x13, 0x12, 0x03, 0x16, 0x84, 0x00, 0x02, 0x00, 0x00,
    0xff, 0xc0, 0x01, 0xc0, 0x01, 0xc0, 0x00, 0x1a, 0x00, 0x30, 0x00, 0x00, 0x37, 0x32, 0x37, 0x31,
    0x31, 0x36, 0x37, 0x36, 0x35, 0x34, 0x27, 0x26, 0x27, 0x26, 0x23, 0x22, 0x07, 0x06, 0x07, 0x06,
    0x15, 0x14, 0x17, 0x16, 0x17, 0x16, 0x33, 0x07, 0x06, 0x07, 0x31, 0x31, 0x06, 0x07, 0x14, 0x17,
    0x16, 0x33, 0x21, 0x31, 0x32, 0x37, 0x36, 0x35, 0x26, 0x27, 0x26, 0x27, 0x23, 0xe0, 0x23, 0x1d,
    0x1d, 0x12, 0x11, 0x11, 0x12, 0x1d, 0x1d, 0x23, 0x23, 0x1d, 0x1d, 0x12, 0x11, 0x11, 0x12, 0x1d,
    0x1d, 0x23, 0x2e, 0x4b, 0x33, 0x32, 0x02, 0x09, 0x08, 0x0d, 0x01, 0x84, 0x0d, 0x08, 0x09, 0x02,
    0x32, 0x33, 0x4b, 0x5c, 0xc0, 0x11, 0x11, 0x1e, 0x1e, 0x22, 0x22, 0x1e, 0x1e, 0x11, 0x11, 0x11,
    0x11, 0x1e, 0x1e, 0x22, 0x22, 0x1e, 0x1e, 0x11, 0x11, 0x30, 0x02, 0x32, 0x33, 0x4b, 0x0d, 0x08,
    0x09, 0x09, 0x08, 0x0d, 0x4b, 0x33, 0x32, 0x02, 0x00, 0x05, 0x00, 0x00, 0xff, 0xe0, 0x02, 0x00,
    0x01, 0xa0, 0x00, 0x08, 0x00, 0x11, 0x00, 0x1a, 0x00, 0x23, 0x00, 0x3d, 0x00, 0x00, 0x01, 0x15,
    0x35, 0x15, 0x23, 0x31, 0x35, 0x31, 0x33, 0x15, 0x15, 0x35, 0x15, 0x23, 0x31, 0x35, 0x31, 0x33,
    0x27, 0x23, 0x33, 0x23, 0x35, 0x31, 0x33, 0x31, 0x15, 0x07, 0x33, 0x23, 0x33, 0x15, 0x31, 0x23,
    0x31, 0x35, 0x11, 0x06, 0x07, 0x31, 0x31, 0x06, 0x07, 0x11, 0x31, 0x16, 0x17, 0x16, 0x17, 0x21,
    0x31, 0x36, 0x37, 0x36, 0x37, 0x11, 0x31, 0x26, 0x27, 0x26, 0x27, 0x21, 0x01, 0xc0, 0xa0, 0xa0,
    0xa0, 0xa0, 0xe0, 0xa0, 0xa0, 0xa0, 0xa0, 0xa0, 0xa0, 0xa0, 0xa0, 0xa0, 0x1b, 0x12, 0x12, 0x01,
    0x01, 0x12, 0x12, 0x1b, 0x01, 0x80, 0x1b, 0x12, 0x12, 0x01, 0x01, 0x12, 0x12, 0x1b, 0xfe, 0x80,
    0x01, 0x60, 0x80, 0x80, 0x80, 0x80, 0xc0, 0x80, 0x80, 0x80, 0x80, 0x40, 0x80, 0x80, 0x40, 0x80,
    0x80, 0x01, 0x00, 0x01, 0x12, 0x12, 0x1b, 0xfe, 0xc0, 0x1b, 0x12, 0x12, 0x01, 0x01, 0x12, 0x12,
    0x1b, 0x01, 0x40, 0x1b, 0x12, 0x12, 0x01, 0x00, 0x00, 0x01, 0x00, 0x00, 0x00, 0x20, 0x01, 0xc0,
    0x01, 0x60, 0x00, 0x1e, 0x00, 0x00, 0x01, 0x16, 0x15, 0x31, 0x31, 0x14, 0x07, 0x01, 0x31, 0x06,
    0x23, 0x22, 0x27, 0x27, 0x31, 0x26, 0x35, 0x34, 0x37, 0x36, 0x33, 0x32, 0x17, 0x17, 0x31, 0x37,
    0x31, 0x36, 0x33, 0x32, 0x17, 0x01, 0xb7, 0x09, 0x09, 0xff, 0x00, 0x0a, 0x0d, 0x0d, 0x0a, 0x80,
    0x09, 0x09, 0x0a, 0x0d, 0x0d, 0x0a, 0x69, 0xe9, 0x0a, 0x0d, 0x0d, 0x0a, 0x01, 0x57, 0x0a, 0x0d,
    0x0d, 0x0a, 0xff, 0x00, 0x09, 0x09, 0x80, 0x0a, 0x0d, 0x0d, 0x0a, 0x09, 0x09, 0x6a, 0xea, 0x09,
    0x09, 0x00, 0x00, 0x01, 0x00, 0x20, 0x00, 0x20, 0x01, 0x60, 0x01, 0x60, 0x00, 0x31, 0x00, 0x00,
    0x01, 0x36, 0x35, 0x31, 0x31, 0x34, 0x27, 0x26, 0x23, 0x22, 0x07, 0x07, 0x31, 0x27, 0x31, 0x26,
    0x23, 0x22, 0x07, 0x06, 0x15, 0x14, 0x17, 0x17, 0x31, 0x07, 0x31, 0x06, 0x15, 0x14, 0x17, 0x16,
    0x33, 0x32, 0x37, 0x37, 0x31, 0x17, 0x31, 0x16, 0x33, 0x32, 0x37, 0x36, 0x35, 0x34, 0x27, 0x27,
    0x31, 0x37, 0x01, 0x57, 0x09, 0x09, 0x0a, 0x0d, 0x0d, 0x0a, 0x69, 0x69, 0x0a, 0x0d, 0x0d, 0x0a,
    0x09, 0x09, 0x6a, 0x6a, 0x09, 0x09, 0x0a, 0x0d, 0x0d, 0x0a, 0x69, 0x69, 0x0a, 0x0d, 0x0d, 0x0a,
    0x09, 0x09, 0x6a, 0x6a, 0x01, 0x29, 0x0a, 0x0d, 0x0d, 0x0a, 0x09, 0x09, 0x6a, 0x6a, 0x09, 0x09,
    0x0a, 0x0d, 0x0d, 0x0a, 0x69, 0x69, 0x0a, 0x0d, 0x0d, 0x0a, 0x09, 0x09, 0x6a, 0x6a, 0x09, 0x09,
    0x0a, 0x0d, 0x0d, 0x0a, 0x69, 0x69, 0x00, 0x02, 0x00, 0x10, 0xff, 0xd0, 0x01, 0xf0, 0x01, 0xc0,
    0x00, 0x15, 0x00, 0x4c, 0x00, 0x00, 0x01, 0x34, 0x27, 0x31, 0x31, 0x26, 0x23, 0x22, 0x07, 0x06,
    0x15, 0x15, 0x31, 0x14, 0x17, 0x16, 0x33, 0x32, 0x37, 0x36, 0x35, 0x35, 0x07, 0x36, 0x37, 0x31,
    0x31, 0x36, 0x27, 0x26, 0x27, 0x26, 0x07, 0x06, 0x07, 0x06, 0x15, 0x16, 0x17, 0x16, 0x17, 0x16,
    0x17, 0x36, 0x37, 0x36, 0x37, 0x36, 0x37, 0x34, 0x27, 0x26, 0x27, 0x26, 0x07, 0x06, 0x07, 0x06,
    0x17, 0x16, 0x17, 0x16, 0x17, 0x16, 0x15, 0x06, 0x07, 0x06, 0x07, 0x26, 0x27, 0x26, 0x27, 0x34,
    0x37, 0x36, 0x37, 0x01, 0x20, 0x09, 0x09, 0x0e, 0x0e, 0x09, 0x09, 0x09, 0x09, 0x0e, 0x0e, 0x09,
    0x09, 0x90, 0x0a, 0x01, 0x01, 0x08, 0x09, 0x0d, 0x0d, 0x0a, 0x29, 0x17, 0x17, 0x01, 0x20, 0x20,
    0x36, 0x36, 0x43, 0x43, 0x36, 0x36, 0x20, 0x20, 0x01, 0x17, 0x18, 0x28, 0x0a, 0x0d, 0x0d, 0x09,
    0x08, 0x01, 0x01, 0x0a, 0x1e, 0x11, 0x11, 0x02, 0x32, 0x31, 0x4b, 0x4b, 0x32, 0x31, 0x02, 0x11,
    0x11, 0x1d, 0x01, 0xa0, 0x0e, 0x09, 0x09, 0x09, 0x09, 0x0e, 0xe0, 0x0e, 0x09, 0x09, 0x09, 0x09,
    0x0e, 0xe0, 0x59, 0x09, 0x0d, 0x0d, 0x0a, 0x0b, 0x01, 0x01, 0x08, 0x22, 0x2f, 0x30, 0x38, 0x43,
    0x36, 0x36, 0x20, 0x20, 0x01, 0x01, 0x20, 0x20, 0x36, 0x36, 0x43, 0x38, 0x30, 0x2f, 0x22, 0x08,
    0x01, 0x01, 0x0a, 0x0b, 0x0d, 0x0d, 0x09, 0x18, 0x23, 0x23, 0x29, 0x4b, 0x31, 0x32, 0x02, 0x02,
    0x32, 0x31, 0x4b, 0x29, 0x23, 0x23, 0x18, 0x00, 0x00, 0x05, 0x00, 0x20, 0xff, 0xc0, 0x02, 0x60,
    0x01, 0xc0, 0x00, 0x16, 0x00, 0x2d, 0x00, 0x43, 0x00, 0x5a, 0x00, 0x70, 0x00, 0x00, 0x01, 0x32,
    0x17, 0x31, 0x31, 0x16, 0x15, 0x11, 0x31, 0x14, 0x07, 0x06, 0x23, 0x22, 0x27, 0x26, 0x35, 0x11,
    0x31, 0x34, 0x37, 0x36, 0x33, 0x07, 0x32, 0x17, 0x31, 0x31, 0x16, 0x15, 0x11, 0x31, 0x14, 0x07,
    0x06, 0x23, 0x22, 0x27, 0x26, 0x35, 0x11, 0x31, 0x34, 0x37, 0x36, 0x33, 0x07, 0x19, 0x02, 0x14,
    0x07, 0x06, 0x23, 0x22, 0x27, 0x26, 0x35, 0x11, 0x31, 0x34, 0x37, 0x36, 0x33, 0x32, 0x17, 0x16,
    0x15, 0x07, 0x32, 0x17, 0x31, 0x31, 0x16, 0x15, 0x15, 0x31, 0x14, 0x07, 0x06, 0x23, 0x22, 0x27,
    0x26, 0x35, 0x35, 0x31, 0x34, 0x37, 0x36, 0x33, 0x07, 0x15, 0x35, 0x15, 0x14, 0x07, 0x06, 0x23,
    0x22, 0x27, 0x26, 0x35, 0x35, 0x31, 0x34, 0x37, 0x36, 0x33, 0x32, 0x17, 0x16, 0x15, 0x02, 0x40,
    0x0e, 0x09, 0x09, 0x09, 0x09, 0x0e, 0x0e, 0x09, 0x09, 0x09, 0x09, 0x0e, 0x80, 0x0e, 0x09, 0x09,
    0x09, 0x09, 0x0e, 0x0e, 0x09, 0x09, 0x09, 0x09, 0x0e, 0x60, 0x09, 0x09, 0x0e, 0x0e, 0x09, 0x09,
    0x09, 0x09, 0x0e, 0x0e, 0x09, 0x09, 0xa0, 0x0e, 0x09, 0x09, 0x09, 0x09, 0x0e, 0x0e, 0x09, 0x09,
    0x09, 0x09, 0x0e, 0x60, 0x09, 0x09, 0x0e, 0x0e, 0x09, 0x09, 0x09, 0x09, 0x0e, 0x0e, 0x09, 0x09,
    0x01, 0xc0, 0x09, 0x09, 0x0e, 0xfe, 0x40, 0x0e, 0x09, 0x09, 0x09, 0x09, 0x0e, 0x01, 0xc0, 0x0e,
    0x09, 0x09, 0x60, 0x09, 0x09, 0x0e, 0xfe, 0xa0, 0x0e, 0x09, 0x09, 0x09, 0x09, 0x0e, 0x01, 0x60,
    0x0e, 0x09, 0x09, 0x80, 0xff, 0x00, 0x01, 0x00, 0xff, 0x00, 0x0e, 0x09, 0x09, 0x09, 0x09, 0x0e,
    0x01, 0x00, 0x0e, 0x09, 0x09, 0x09, 0x09, 0x0e, 0x40, 0x09, 0x09, 0x0e, 0xa0, 0x0e, 0x09, 0x09,
    0x09, 0x09, 0x0e, 0xa0, 0x0e, 0x09, 0x09, 0x80, 0x40, 0x40, 0x40, 0x0e, 0x09, 0x09, 0x09, 0x09,
    0x0e, 0x40, 0x0e, 0x09, 0x09, 0x09, 0x09, 0x0e, 0x00, 0x02, 0x00, 0x0c, 0xff, 0xc0, 0x01, 0xf4,
    0x01, 0xc0, 0x00, 0x60, 0x00, 0x6d, 0x00, 0x00, 0x01, 0x16, 0x07, 0x07, 0x31, 0x16, 0x15, 0x14,
    0x07, 0x17, 0x31, 0x16, 0x07, 0x06, 0x07, 0x07, 0x31, 0x06, 0x07, 0x06, 0x27, 0x27, 0x31, 0x06,
    0x07, 0x07, 0x31, 0x06, 0x07, 0x06, 0x23, 0x22, 0x27, 0x26, 0x27, 0x27, 0x31, 0x26, 0x27, 0x07,
    0x31, 0x06, 0x27, 0x26, 0x27, 0x27, 0x31, 0x26, 0x27, 0x26, 0x37, 0x37, 0x31, 0x26, 0x35, 0x34,
    0x37, 0x27, 0x31, 0x26, 0x37, 0x36, 0x37, 0x37, 0x31, 0x36, 0x37, 0x36, 0x17, 0x17, 0x31, 0x36,
    0x37, 0x37, 0x31, 0x36, 0x37, 0x36, 0x33, 0x32, 0x17, 0x16, 0x17, 0x17, 0x31, 0x16, 0x17, 0x37,
    0x31, 0x36, 0x17, 0x16, 0x17, 0x17, 0x31, 0x16, 0x17, 0x07, 0x36, 0x37, 0x36, 0x27, 0x26, 0x27,
    0x06, 0x07, 0x06, 0x17, 0x16, 0x17, 0x01, 0xf0, 0x04, 0x0a, 0x2c, 0x02, 0x02, 0x2c, 0x0a, 0x04,
    0x07, 0x09, 0x05, 0x0a, 0x0c, 0x0a, 0x0e, 0x38, 0x14, 0x18, 0x0c, 0x04, 0x0f, 0x14, 0x16, 0x16,
    0x15, 0x0e, 0x04, 0x0c, 0x18, 0x14, 0x38, 0x0e, 0x0a, 0x0d, 0x09, 0x05, 0x09, 0x07, 0x04, 0x0a,
    0x2c, 0x02, 0x02, 0x2c, 0x0a, 0x04, 0x07, 0x09, 0x05, 0x09, 0x0d, 0x0a, 0x0e, 0x38, 0x14, 0x18,
    0x0c, 0x04, 0x0f, 0x14, 0x16, 0x16, 0x15, 0x0e, 0x04, 0x0c, 0x18, 0x14, 0x38, 0x0e, 0x0a, 0x0d,
    0x0a, 0x04, 0x09, 0x07, 0xf0, 0x2d, 0x18, 0x16, 0x16, 0x18, 0x2d, 0x2d, 0x18, 0x16, 0x16, 0x18,
    0x2d, 0x01, 0x19, 0x0e, 0x0a, 0x28, 0x0c, 0x0d, 0x0d, 0x0c, 0x28, 0x0a, 0x0e, 0x12, 0x11, 0x08,
    0x10, 0x0f, 0x0b, 0x04, 0x12, 0x10, 0x09, 0x3a, 0x0e, 0x03, 0x04, 0x04, 0x03, 0x0e, 0x3a, 0x09,
    0x10, 0x12, 0x04, 0x0b, 0x0f, 0x10, 0x08, 0x11, 0x11, 0x0f, 0x0a, 0x27, 0x0d, 0x0d, 0x0d, 0x0c,
    0x28, 0x0a, 0x0e, 0x12, 0x11, 0x08, 0x10, 0x0f, 0x0b, 0x04, 0x12, 0x10, 0x0a, 0x39, 0x0e, 0x03,
    0x04, 0x04, 0x03, 0x0e, 0x39, 0x0a, 0x10, 0x12, 0x04, 0x0b, 0x0f, 0x10, 0x08, 0x11, 0x12, 0xa9,
    0x01, 0x27, 0x28, 0x28, 0x27, 0x01, 0x01, 0x27, 0x28, 0x28, 0x27, 0x01, 0x00, 0x01, 0x00, 0x00,
    0xff, 0xc0, 0x02, 0x41, 0x01, 0xc1, 0x00, 0x5a, 0x00, 0x00, 0x25, 0x06, 0x07, 0x31, 0x31, 0x06,
    0x07, 0x23, 0x31, 0x17, 0x31, 0x06, 0x15, 0x15, 0x31, 0x14, 0x07, 0x06, 0x23, 0x23, 0x31, 0x22,
    0x23, 0x22, 0x2b, 0x02, 0x22, 0x27, 0x26, 0x35, 0x35, 0x31, 0x35, 0x31, 0x34, 0x27, 0x26, 0x23,
    0x23, 0x31, 0x22, 0x07, 0x06, 0x15, 0x15, 0x31, 0x15, 0x31, 0x14, 0x07, 0x06, 0x2b, 0x02, 0x22,
    0x23, 0x22, 0x23, 0x22, 0x23, 0x23, 0x31, 0x22, 0x27, 0x26, 0x35, 0x35, 0x31, 0x34, 0x35, 0x35,
    0x31, 0x23, 0x31, 0x26, 0x27, 0x26, 0x35, 0x34, 0x37, 0x25, 0x31, 0x36, 0x17, 0x32, 0x17, 0x05,
    0x31, 0x16, 0x07, 0x02, 0x40, 0x01, 0x09, 0x09, 0x0d, 0x20, 0x01, 0x01, 0x0c, 0x0b, 0x11, 0x10,
    0x02, 0x01, 0x02, 0x02, 0x21, 0x18, 0x11, 0x0b, 0x0c, 0x09, 0x09, 0x0e, 0x40, 0x0e, 0x09, 0x09,
    0x0c, 0x0b, 0x11, 0x18, 0x20, 0x01, 0x01, 0x01, 0x01, 0x02, 0x02, 0x10, 0x11, 0x0b, 0x0c, 0x20,
    0x0e, 0x09, 0x09, 0x0a, 0x01, 0x00, 0x0b, 0x0b, 0x0c, 0x09, 0x01, 0x00, 0x0c, 0x01, 0xc0, 0x0d,
    0x09, 0x09, 0x01, 0xa0, 0x04, 0x04, 0x10, 0x11, 0x0b, 0x0c, 0x0c, 0x0b, 0x11, 0x18, 0x40, 0x0e,
    0x09, 0x09, 0x09, 0x09, 0x0e, 0x40, 0x18, 0x11, 0x0b, 0x0c, 0x0c, 0x0b, 0x11, 0x70, 0x01, 0x02,
    0x45, 0x01, 0x09, 0x09, 0x0e, 0x0d, 0x0b, 0xdf, 0x09, 0x01, 0x07, 0xe1, 0x0a, 0x0e, 0x00, 0x02,
    0x00, 0x00, 0xff, 0xc0, 0x02, 0x00, 0x01, 0xc0, 0x00, 0x1a, 0x00, 0x2e, 0x00, 0x00, 0x01, 0x16,
    0x17, 0x31, 0x31, 0x16, 0x17, 0x16, 0x15, 0x14, 0x07, 0x06, 0x07, 0x06, 0x07, 0x26, 0x27, 0x26,
    0x27, 0x26, 0x35, 0x34, 0x37, 0x36, 0x37, 0x36, 0x37, 0x07, 0x15, 0x35, 0x15, 0x14, 0x17, 0x17,
    0x31, 0x16, 0x37, 0x36, 0x27, 0x27, 0x31, 0x35, 0x31, 0x26, 0x27, 0x06, 0x07, 0x01, 0x00, 0x46,
    0x3a, 0x3a, 0x24, 0x22, 0x22, 0x24, 0x3a, 0x3a, 0x46, 0x46, 0x3a, 0x3a, 0x24, 0x22, 0x22, 0x24,
    0x3a, 0x3a, 0x46, 0x18, 0x0b, 0x60, 0x13, 0x0e, 0x0b, 0x12, 0x55, 0x02, 0x16, 0x16, 0x02, 0x01,
    0xc0, 0x01, 0x21, 0x22, 0x3c, 0x3d, 0x43, 0x43, 0x3d, 0x3c, 0x22, 0x21, 0x01, 0x01, 0x21, 0x22,
    0x3c, 0x3d, 0x43, 0x43, 0x3d, 0x3c, 0x22, 0x21, 0x01, 0x78, 0x88, 0x88, 0x88, 0x0d, 0x07, 0x40,
    0x0b, 0x12, 0x13, 0x0e, 0x39, 0x7b, 0x16, 0x02, 0x02, 0x16, 0x00, 0x03, 0x00, 0x00, 0xff, 0xc0,
    0x02, 0x00, 0x01, 0xc0, 0x00, 0x29, 0x00, 0x4d, 0x00, 0x56, 0x00, 0x00, 0x01, 0x34, 0x27, 0x31,
    0x31, 0x26, 0x23, 0x22, 0x07, 0x06, 0x15, 0x15, 0x31, 0x27, 0x31, 0x26, 0x23, 0x22, 0x07, 0x06,
    0x15, 0x14, 0x17, 0x17, 0x31, 0x16, 0x33, 0x32, 0x37, 0x37, 0x31, 0x36, 0x35, 0x34, 0x27, 0x26,
    0x23, 0x22, 0x07, 0x07, 0x31, 0x35, 0x03, 0x06, 0x07, 0x31, 0x31, 0x06, 0x07, 0x15, 0x31, 0x16,
    0x17, 0x16, 0x17, 0x21, 0x31, 0x36, 0x37, 0x36, 0x37, 0x35, 0x31, 0x26, 0x27, 0x26, 0x27, 0x23,
    0x31, 0x07, 0x31, 0x06, 0x23, 0x22, 0x27, 0x27, 0x31, 0x23, 0x05, 0x16, 0x17, 0x06, 0x07, 0x26,
    0x27, 0x36, 0x37, 0x01, 0x20, 0x09, 0x09, 0x0e, 0x0e, 0x09, 0x09, 0x49, 0x0a, 0x0d, 0x0d, 0x0a,
    0x09, 0x09, 0x80, 0x0a, 0x0d, 0x0d, 0x0a, 0x80, 0x09, 0x09, 0x0a, 0x0d, 0x0d, 0x0a, 0x49, 0xe0,
    0x1b, 0x12, 0x12, 0x01, 0x01, 0x12, 0x12, 0x1b, 0x01, 0x80, 0x1b, 0x12, 0x12, 0x01, 0x01, 0x12,
    0x12, 0x1b, 0x65, 0x2e, 0x14, 0x19, 0x1a, 0x13, 0x2d, 0x66, 0x01, 0x70, 0x16, 0x02, 0x02, 0x16,
    0x16, 0x02, 0x02, 0x16, 0x01, 0xa0, 0x0e, 0x09, 0x09, 0x09, 0x09, 0x0e, 0xf3, 0x4a, 0x09, 0x09,
    0x0a, 0x0d, 0x0d, 0x0a, 0x80, 0x09, 0x09, 0x80, 0x0a, 0x0d, 0x0d, 0x0a, 0x09, 0x09, 0x4a, 0xf3,
    0xfe, 0xc0, 0x01, 0x12, 0x12, 0x1b, 0x20, 0x1b, 0x12, 0x12, 0x01, 0x01, 0x12, 0x12, 0x1b, 0x20,
    0x1b, 0x12, 0x12, 0x01, 0x2d, 0x13, 0x13, 0x2d, 0x38, 0x02, 0x16, 0x16, 0x02, 0x02, 0x16, 0x16,
    0x02, 0x00, 0x00, 0x01, 0x00, 0x19, 0xff, 0xd9, 0x01, 0xf0, 0x01, 0xa7, 0x00, 0x46, 0x00, 0x00,
    0x01, 0x23, 0x33, 0x23, 0x22, 0x07, 0x06, 0x15, 0x14, 0x17, 0x16, 0x33, 0x33, 0x31, 0x32, 0x37,
    0x36, 0x35, 0x35, 0x31, 0x34, 0x27, 0x26, 0x23, 0x22, 0x07, 0x06, 0x15, 0x15, 0x31, 0x27, 0x31,
    0x26, 0x27, 0x26, 0x07, 0x06, 0x07, 0x06, 0x07, 0x06, 0x17, 0x16, 0x17, 0x16, 0x17, 0x16, 0x37,
    0x36, 0x37, 0x36, 0x35, 0x34, 0x27, 0x26, 0x23, 0x22, 0x07, 0x06, 0x23, 0x22, 0x27, 0x26, 0x35,
    0x34, 0x37, 0x36, 0x33, 0x32, 0x17, 0x17, 0x01, 0x82, 0x32, 0x32, 0x32, 0x0e, 0x09, 0x09, 0x09,
    0x09, 0x0e, 0x80, 0x0e, 0x09, 0x09, 0x09, 0x09, 0x0e, 0x0e, 0x09, 0x09, 0x12, 0x2c, 0x39, 0x39,
    0x39, 0x39, 0x2c, 0x2c, 0x0f, 0x0e, 0x0e, 0x0f, 0x2c, 0x2c, 0x39, 0x39, 0x39, 0x39, 0x2c, 0x0a,
    0x0a, 0x09, 0x0d, 0x0d, 0x0a, 0x31, 0x40, 0x40, 0x31, 0x2f, 0x2f, 0x31, 0x40, 0x40, 0x31, 0x11,
    0x01, 0x20, 0x09, 0x09, 0x0e, 0x0e, 0x09, 0x09, 0x09, 0x09, 0x0e, 0x80, 0x0e, 0x09, 0x09, 0x09,
    0x09, 0x0e, 0x33, 0x11, 0x2c, 0x0f, 0x0e, 0x0e, 0x0f, 0x2c, 0x2c, 0x39, 0x39, 0x39, 0x39, 0x2c,
    0x2c, 0x0f, 0x0e, 0x0e, 0x0f, 0x2c, 0x09, 0x0d, 0x0d, 0x0a, 0x09, 0x09, 0x2f, 0x2f, 0x31, 0x40,
    0x40, 0x31, 0x2f, 0x2f, 0x11, 0x00, 0x00, 0x02, 0x00, 0x00, 0xff, 0xc0, 0x01, 0xc0, 0x01, 0xc0,
    0x00, 0x0f, 0x00, 0x36, 0x00, 0x00, 0x13, 0x15, 0x35, 0x15, 0x33, 0x31, 0x35, 0x31, 0x26, 0x27,
    0x26, 0x27, 0x06, 0x07, 0x06, 0x07, 0x07, 0x35, 0x15, 0x35, 0x36, 0x37, 0x36, 0x37, 0x16, 0x17,
    0x16, 0x17, 0x15, 0x31, 0x33, 0x31, 0x16, 0x17, 0x16, 0x17, 0x15, 0x31, 0x06, 0x07, 0x06, 0x07,
    0x21, 0x31, 0x26, 0x27, 0x26, 0x27, 0x35, 0x31, 0x36, 0x37, 0x36, 0x37, 0x33, 0x90, 0xa0, 0x01,
    0x16, 0x17, 0x22, 0x22, 0x17, 0x16, 0x01, 0x40, 0x02, 0x28, 0x29, 0x3d, 0x3d, 0x29, 0x28, 0x02,
    0x10, 0x1b, 0x12, 0x12, 0x01, 0x01, 0x12, 0x12, 0x1b, 0xfe, 0xc0, 0x1b, 0x12, 0x12, 0x01, 0x01,
    0x12, 0x12, 0x1b, 0x10, 0x01, 0x30, 0x30, 0x30, 0x30, 0x30, 0x22, 0x17, 0x16, 0x01, 0x01, 0x16,
    0x17, 0x22, 0x30, 0x30, 0x30, 0x30, 0x3d, 0x29, 0x28, 0x02, 0x02, 0x28, 0x29, 0x3d, 0x30, 0x01,
    0x12, 0x12, 0x1b, 0xc0, 0x1b, 0x12, 0x12, 0x01, 0x01, 0x12, 0x12, 0x1b, 0xc0, 0x1b, 0x12, 0x12,
    0x01, 0x00, 0x00, 0x04, 0x00, 0x00, 0xff, 0xd4, 0x02, 0x80, 0x01, 0xac, 0x00, 0x1a, 0x00, 0x31,
    0x00, 0x42, 0x00, 0x5f, 0x00, 0x00, 0x01, 0x16, 0x17, 0x31, 0x31, 0x16, 0x17, 0x06, 0x07, 0x06,
    0x07, 0x06, 0x27, 0x26, 0x37, 0x36, 0x37, 0x36, 0x35, 0x34, 0x27, 0x26, 0x27, 0x26, 0x37, 0x36,
    0x17, 0x07, 0x16, 0x17, 0x31, 0x31, 0x16, 0x15, 0x14, 0x07, 0x06, 0x07, 0x06, 0x27, 0x26, 0x37,
    0x36, 0x37, 0x26, 0x27, 0x26, 0x37, 0x36, 0x17, 0x07, 0x16, 0x17, 0x06, 0x07, 0x06, 0x27, 0x26,
    0x37, 0x36, 0x37, 0x26, 0x27, 0x26, 0x37, 0x36, 0x17, 0x27, 0x16, 0x17, 0x11, 0x31, 0x06, 0x07,
    0x06, 0x27, 0x27, 0x31, 0x23, 0x31, 0x26, 0x27, 0x26, 0x27, 0x35, 0x31, 0x36, 0x37, 0x36, 0x37,
    0x33, 0x31, 0x37, 0x31, 0x36, 0x17, 0x02, 0x16, 0x31, 0x1c, 0x1c, 0x01, 0x01, 0x1c, 0x1c, 0x31,
    0x13, 0x0f, 0x0c, 0x0f, 0x29, 0x18, 0x18, 0x18, 0x18, 0x29, 0x0f, 0x0c, 0x0f, 0x13, 0x3d, 0x21,
    0x13, 0x13, 0x13, 0x13, 0x21, 0x12, 0x10, 0x0c, 0x10, 0x33, 0x02, 0x02, 0x33, 0x10, 0x0c, 0x10,
    0x12, 0x3c, 0x21, 0x02, 0x02, 0x21, 0x13, 0x0f, 0x0c, 0x0f, 0x11, 0x01, 0x01, 0x11, 0x0f, 0x0c,
    0x0f, 0x13, 0x70, 0x12, 0x01, 0x01, 0x12, 0x13, 0x0f, 0x87, 0x44, 0x1b, 0x12, 0x12, 0x01, 0x01,
    0x12, 0x12, 0x1b, 0x44, 0x87, 0x0f, 0x13, 0x01, 0x9f, 0x28, 0x39, 0x3a, 0x44, 0x44, 0x3a, 0x39,
    0x29, 0x0c, 0x10, 0x12, 0x10, 0x21, 0x30, 0x30, 0x39, 0x39, 0x30, 0x30, 0x21, 0x10, 0x12, 0x10,
    0x0c, 0x4b, 0x1b, 0x26, 0x27, 0x2d, 0x2d, 0x27, 0x26, 0x1b, 0x0c, 0x0f, 0x13, 0x0f, 0x2a, 0x46,
    0x46, 0x2a, 0x0f, 0x13, 0x0f, 0x0c, 0x4b, 0x1b, 0x2f, 0x2f, 0x1c, 0x0c, 0x10, 0x12, 0x10, 0x0e,
    0x17, 0x17, 0x0e, 0x10, 0x12, 0x10, 0x0c, 0x92, 0x09, 0x14, 0xfe, 0x80, 0x14, 0x09, 0x08, 0x0d,
    0x78, 0x01, 0x12, 0x12, 0x1b, 0x40, 0x1b, 0x12, 0x12, 0x01, 0x78, 0x0d, 0x08, 0x00, 0x00, 0x02,
    0x00, 0x00, 0xff, 0xe0, 0x02, 0x00, 0x01, 0xa0, 0x00, 0x25, 0x00, 0x40, 0x00, 0x00, 0x13, 0x07,
    0x37, 0x07, 0x23, 0x31, 0x06, 0x07, 0x06, 0x07, 0x11, 0x31, 0x16, 0x17, 0x16, 0x17, 0x21, 0x31,
    0x36, 0x37, 0x36, 0x37, 0x11, 0x31, 0x26, 0x27, 0x26, 0x27, 0x23, 0x31, 0x27, 0x31, 0x26, 0x27,
    0x23, 0x31, 0x06, 0x07, 0x17, 0x32, 0x17, 0x31, 0x31, 0x16, 0x17, 0x16, 0x15, 0x14, 0x07, 0x06,
    0x07, 0x06, 0x23, 0x22, 0x27, 0x26, 0x27, 0x26, 0x35, 0x34, 0x37, 0x36, 0x37, 0x36, 0x33, 0x95,
    0x0a, 0x0a, 0x0a, 0x4b, 0x1b, 0x12, 0x12, 0x01, 0x01, 0x12, 0x12, 0x1b, 0x01, 0x80, 0x1b, 0x12,
    0x12, 0x01, 0x01, 0x12, 0x12, 0x1b, 0x4b, 0x0a, 0x0c, 0x22, 0x7a, 0x22, 0x0c, 0x6b, 0x1a, 0x16,
    0x16, 0x0d, 0x0d, 0x0d, 0x0d, 0x16, 0x16, 0x1a, 0x1a, 0x16, 0x16, 0x0d, 0x0d, 0x0d, 0x0d, 0x16,
    0x16, 0x1a, 0x01, 0x7f, 0x1f, 0x1f, 0x1f, 0x01, 0x12, 0x12, 0x1b, 0xff, 0x00, 0x1b, 0x12, 0x12,
    0x01, 0x01, 0x12, 0x12, 0x1b, 0x01, 0x00, 0x1b, 0x12, 0x12, 0x01, 0x1f, 0x1f, 0x02, 0x02, 0x1f,
    0x7f, 0x0d, 0x0d, 0x16, 0x17, 0x19, 0x19, 0x17, 0x16, 0x0d, 0x0d, 0x0d, 0x0d, 0x16, 0x17, 0x19,
    0x19, 0x17, 0x16, 0x0d, 0x0d, 0x00, 0x00, 0x06, 0x00, 0x10, 0xff, 0xf0, 0x02, 0x00, 0x01, 0x90,
    0x00, 0x0f, 0x00, 0x25, 0x00, 0x3b, 0x00, 0x51, 0x00, 0x63, 0x00, 0x73, 0x00, 0x00, 0x13, 0x06,
    0x07, 0x15, 0x31, 0x16, 0x17, 0x33, 0x31, 0x36, 0x37, 0x35, 0x31, 0x26, 0x27, 0x23, 0x17, 0x22,
    0x07, 0x31, 0x31, 0x06, 0x15, 0x14, 0x17, 0x16, 0x33, 0x21, 0x31, 0x32, 0x37, 0x36, 0x35, 0x34,
    0x27, 0x26, 0x23, 0x21, 0x15, 0x22, 0x07, 0x31, 0x31, 0x06, 0x15, 0x14, 0x17, 0x16, 0x33, 0x21,
    0x31, 0x32, 0x37, 0x36, 0x35, 0x34, 0x27, 0x26, 0x23, 0x21, 0x15, 0x22, 0x07, 0x31, 0x31, 0x06,
    0x15, 0x14, 0x17, 0x16, 0x33, 0x21, 0x31, 0x32, 0x37, 0x36, 0x35, 0x34, 0x27, 0x26, 0x23, 0x21,
    0x27, 0x15, 0x35, 0x15, 0x16, 0x17, 0x33, 0x31, 0x36, 0x37, 0x35, 0x31, 0x26, 0x27, 0x23, 0x31,
    0x06, 0x07, 0x17, 0x06, 0x07, 0x15, 0x31, 0x16, 0x17, 0x33, 0x31, 0x36, 0x37, 0x35, 0x31, 0x26,
    0x27, 0x23, 0x28, 0x16, 0x02, 0x02, 0x16, 0x30, 0x16, 0x02, 0x02, 0x16, 0x30, 0x98, 0x0e, 0x09,
    0x09, 0x09, 0x09, 0x0e, 0x01, 0x20, 0x0e, 0x09, 0x09, 0x09, 0x09, 0x0e, 0xfe, 0xe0, 0x0e, 0x09,
    0x09, 0x09, 0x09, 0x0e, 0x01, 0x20, 0x0e, 0x09, 0x09, 0x09, 0x09, 0x0e, 0xfe, 0xe0, 0x0e, 0x09,
    0x09, 0x09, 0x09, 0x0e, 0x01, 0x20, 0x0e, 0x09, 0x09, 0x09, 0x09, 0x0e, 0xfe, 0xe0, 0xb0, 0x02,
    0x16, 0x30, 0x16, 0x02, 0x02, 0x16, 0x30, 0x16, 0x02, 0x18, 0x16, 0x02, 0x02, 0x16, 0x30, 0x16,
    0x02, 0x02, 0x16, 0x30, 0x01, 0x90, 0x02, 0x16, 0x30, 0x16, 0x02, 0x02, 0x16, 0x30, 0x16, 0x02,
    0x10, 0x09, 0x09, 0x0e, 0x0e, 0x09, 0x09, 0x09, 0x09, 0x0e, 0x0e, 0x09, 0x09, 0xa0, 0x09, 0x09,
    0x0e, 0x0e, 0x09, 0x09, 0x09, 0x09, 0x0e, 0x0e, 0x09, 0x09, 0xa0, 0x09, 0x09, 0x0e, 0x0e, 0x09,
    0x09, 0x09, 0x09, 0x0e, 0x0e, 0x09, 0x09, 0x98, 0x30, 0x30, 0x30, 0x16, 0x02, 0x02, 0x16, 0x30,
    0x16, 0x02, 0x02, 0x16, 0x88, 0x02, 0x16, 0x30, 0x16, 0x02, 0x02, 0x16, 0x30, 0x16, 0x02, 0x00,
    0x00, 0x02, 0x00, 0x00, 0x00, 0x00, 0x02, 0x40, 0x01, 0x80, 0x00, 0x19, 0x00, 0x32, 0x00, 0x00,
    0x11, 0x36, 0x37, 0x31, 0x31, 0x36, 0x37, 0x21, 0x31, 0x16, 0x17, 0x16, 0x17, 0x11, 0x31, 0x06,
    0x07, 0x06, 0x07, 0x21, 0x31, 0x26, 0x27, 0x26, 0x27, 0x11, 0x25, 0x16, 0x17, 0x11, 0x31, 0x06,
    0x07, 0x06, 0x27, 0x27, 0x31, 0x27, 0x31, 0x35, 0x31, 0x35, 0x31, 0x35, 0x31, 0x37, 0x31, 0x37,
    0x31, 0x36, 0x17, 0x01, 0x12, 0x12, 0x1b, 0x01, 0x00, 0x1b, 0x12, 0x12, 0x01, 0x01, 0x12, 0x12,
    0x1b, 0xff, 0x00, 0x1b, 0x12, 0x12, 0x01, 0x02, 0x2f, 0x10, 0x01, 0x01, 0x10, 0x11, 0x10, 0x60,
    0x0e, 0x0e, 0x60, 0x10, 0x11, 0x01, 0x40, 0x1b, 0x12, 0x12, 0x01, 0x01, 0x12, 0x12, 0x1b, 0xff,
    0x00, 0x1b, 0x12, 0x12, 0x01, 0x01, 0x12, 0x12, 0x1b, 0x01, 0x00, 0x1c, 0x09, 0x13, 0xff, 0x00,
    0x13, 0x09, 0x09, 0x0a, 0x40, 0x0a, 0x11, 0x80, 0x11, 0x0a, 0x40, 0x09, 0x08, 0x00, 0x00, 0x03,
    0x00, 0x00, 0xff, 0xe0, 0x02, 0x00, 0x01, 0xa0, 0x00, 0x19, 0x00, 0x33, 0x00, 0x40, 0x00, 0x00,
    0x11, 0x36, 0x37, 0x31, 0x31, 0x36, 0x37, 0x21, 0x31, 0x16, 0x17, 0x16, 0x17, 0x11, 0x31, 0x06,
    0x07, 0x06, 0x07, 0x21, 0x31, 0x26, 0x27, 0x26, 0x27, 0x11, 0x05, 0x26, 0x23, 0x22, 0x07, 0x07,
    0x31, 0x27, 0x31, 0x26, 0x23, 0x22, 0x07, 0x07, 0x31, 0x06, 0x17, 0x16, 0x17, 0x33, 0x33, 0x32,
    0x37, 0x36, 0x2f, 0x02, 0x36, 0x37, 0x36, 0x27, 0x26, 0x27, 0x06, 0x07, 0x06, 0x17, 0x16, 0x17,
    0x01, 0x12, 0x12, 0x1b, 0x01, 0x80, 0x1b, 0x12, 0x12, 0x01, 0x01, 0x12, 0x12, 0x1b, 0xfe, 0x80,
    0x1b, 0x12, 0x12, 0x01, 0x01, 0x44, 0x08, 0x0c, 0x0d, 0x07, 0x57, 0x1a, 0x08, 0x0b, 0x0b, 0x08,
    0x40, 0x08, 0x05, 0x07, 0x0f, 0x60, 0xf0, 0x0e, 0x07, 0x06, 0x07, 0x78, 0xd4, 0x1b, 0x0f, 0x0c,
    0x0c, 0x0f, 0x1b, 0x1b, 0x0f, 0x0c, 0x0c, 0x0f, 0x1b, 0x01, 0x60, 0x1b, 0x12, 0x12, 0x01, 0x01,
    0x12, 0x12, 0x1b, 0xfe, 0xc0, 0x1b, 0x12, 0x12, 0x01, 0x01, 0x12, 0x12, 0x1b, 0x01, 0x40, 0x6b,
    0x0b, 0x0b, 0x7f, 0x21, 0x09, 0x09, 0x50, 0x0c, 0x0d, 0x0d, 0x01, 0x0d, 0x0d, 0x0b, 0xb0, 0x0b,
    0x01, 0x17, 0x18, 0x18, 0x17, 0x01, 0x01, 0x17, 0x18, 0x18, 0x17, 0x01, 0x00, 0x02, 0x00, 0x00,
    0xff, 0xc0, 0x01, 0x80, 0x01, 0xc0, 0x00, 0x1c, 0x00, 0x2d, 0x00, 0x00, 0x17, 0x26, 0x27, 0x31,
    0x31, 0x26, 0x27, 0x36, 0x37, 0x36, 0x37, 0x36, 0x37, 0x36, 0x33, 0x33, 0x31, 0x32, 0x17, 0x16,
    0x17, 0x16, 0x17, 0x16, 0x17, 0x06, 0x07, 0x06, 0x07, 0x27, 0x26, 0x27, 0x06, 0x07, 0x16, 0x17,
    0x16, 0x17, 0x36, 0x37, 0x26, 0x27, 0x26, 0x27, 0x26, 0x27, 0xc0, 0x52, 0x36, 0x36, 0x02, 0x02,
    0x21, 0x21, 0x27, 0x27, 0x15, 0x09, 0x0f, 0x02, 0x0f, 0x09, 0x15, 0x27, 0x27, 0x21, 0x21, 0x02,
    0x02, 0x36, 0x36, 0x52, 0x60, 0x01, 0x0f, 0x0f, 0x01, 0x01, 0x20, 0x1f, 0x30, 0x0f, 0x01, 0x01,
    0x0f, 0x22, 0x17, 0x16, 0x01, 0x40, 0x02, 0x36, 0x36, 0x52, 0x2f, 0x3f, 0x3f, 0x37, 0x37, 0x19,
    0x0c, 0x0c, 0x19, 0x37, 0x37, 0x3f, 0x3f, 0x2f, 0x52, 0x36, 0x36, 0x02, 0xb0, 0x0f, 0x01, 0x01,
    0x0f, 0x30, 0x1f, 0x20, 0x01, 0x01, 0x0f, 0x0f, 0x01, 0x01, 0x16, 0x17, 0x22, 0x00, 0x00, 0x01,
    0x00, 0x00, 0xff, 0xd9, 0x01, 0x80, 0x01, 0xa7, 0x00, 0x11, 0x00, 0x00, 0x13, 0x26, 0x07, 0x06,
    0x07, 0x11, 0x31, 0x16, 0x17, 0x16, 0x37, 0x25, 0x31, 0x36, 0x37, 0x26, 0x27, 0x25, 0x49, 0x18,
    0x18, 0x18, 0x01, 0x01, 0x18, 0x18, 0x18, 0x01, 0x20, 0x16, 0x01, 0x01, 0x16, 0xfe, 0xe0, 0x01,
    0x99, 0x0e, 0x0d, 0x0e, 0x1c, 0xfe, 0xa0, 0x1c, 0x0e, 0x0d, 0x0e, 0xb0, 0x0e, 0x1b, 0x1a, 0x0f,
    0xb0, 0x00, 0x00, 0x02, 0x00, 0x00, 0x00, 0x00, 0x01, 0x40, 0x01, 0x80, 0x00, 0x19, 0x00, 0x33,
    0x00, 0x00, 0x13, 0x06, 0x07, 0x31, 0x31, 0x06, 0x07, 0x11, 0x31, 0x16, 0x17, 0x16, 0x17, 0x33,
    0x31, 0x36, 0x37, 0x36, 0x37, 0x11, 0x31, 0x26, 0x27, 0x26, 0x27, 0x23, 0x33, 0x06, 0x07, 0x31,
    0x31, 0x06, 0x07, 0x11, 0x31, 0x16, 0x17, 0x16, 0x17, 0x33, 0x31, 0x36, 0x37, 0x36, 0x37, 0x11,
    0x31, 0x26, 0x27, 0x26, 0x27, 0x23, 0x30, 0x14, 0x0e, 0x0d, 0x01, 0x01, 0x0d, 0x0e, 0x14, 0x20,
    0x14, 0x0e, 0x0d, 0x01, 0x01, 0x0d, 0x0e, 0x14, 0x20, 0xc0, 0x14, 0x0e, 0x0d, 0x01, 0x01, 0x0d,
    0x0e, 0x14, 0x20, 0x14, 0x0e, 0x0d, 0x01, 0x01, 0x0d, 0x0e, 0x14, 0x20, 0x01, 0x80, 0x01, 0x0d,
    0x0e, 0x14, 0xfe, 0xe0, 0x14, 0x0e, 0x0d, 0x01, 0x01, 0x0d, 0x0e, 0x14, 0x01, 0x20, 0x14, 0x0e,
    0x0d, 0x01, 0x01, 0x0d, 0x0e, 0x14, 0xfe, 0xe0, 0x14, 0x0e, 0x0d, 0x01, 0x01, 0x0d, 0x0e, 0x14,
    0x01, 0x20, 0x14, 0x0e, 0x0d, 0x01, 0x00, 0x01, 0x00, 0x00, 0x00, 0x00, 0x01, 0x80, 0x01, 0x80,
    0x00, 0x19, 0x00, 0x00, 0x11, 0x36, 0x37, 0x31, 0x31, 0x36, 0x37, 0x21, 0x31, 0x16, 0x17, 0x16,
    0x17, 0x11, 0x31, 0x06, 0x07, 0x06, 0x07, 0x21, 0x31, 0x26, 0x27, 0x26, 0x27, 0x11, 0x01, 0x12,
    0x12, 0x1b, 0x01, 0x00, 0x1b, 0x12, 0x12, 0x01, 0x01, 0x12, 0x12, 0x1b, 0xff, 0x00, 0x1b, 0x12,
    0x12, 0x01, 0x01, 0x40, 0x1b, 0x12, 0x12, 0x01, 0x01, 0x12, 0x12, 0x1b, 0xff, 0x00, 0x1b, 0x12,
    0x12, 0x01, 0x01, 0x12, 0x12, 0x1b, 0x01, 0x00, 0x00, 0x01, 0x00, 0x00, 0xff, 0xe0, 0x01, 0x00,
    0x01, 0xa0, 0x00, 0x1d, 0x00, 0x00, 0x37, 0x06, 0x15, 0x31, 0x31, 0x14, 0x17, 0x17, 0x31, 0x16,
    0x33, 0x32, 0x37, 0x36, 0x35, 0x34, 0x27, 0x27, 0x31, 0x37, 0x31, 0x36, 0x35, 0x34, 0x27, 0x26,
    0x23, 0x22, 0x07, 0x07, 0x09, 0x09, 0x09, 0xc0, 0x0a, 0x0d, 0x0d, 0x0a, 0x09, 0x09, 0xaa, 0xaa,
    0x09, 0x09, 0x0a, 0x0d, 0x0d, 0x0a, 0xc0, 0xd7, 0x0a, 0x0d, 0x0d, 0x0a, 0xc0, 0x09, 0x09, 0x0a,
    0x0d, 0x0d, 0x0a, 0xa9, 0xa9, 0x0a, 0x0d, 0x0d, 0x0a, 0x09, 0x09, 0xc0, 0x00, 0x01, 0x00, 0x40,
    0xff, 0xe0, 0x01, 0x40, 0x01, 0xa0, 0x00, 0x1d, 0x00, 0x00, 0x25, 0x16, 0x15, 0x31, 0x31, 0x14,
    0x07, 0x07, 0x31, 0x06, 0x23, 0x22, 0x27, 0x26, 0x35, 0x34, 0x37, 0x37, 0x31, 0x27, 0x31, 0x26,
    0x35, 0x34, 0x37, 0x36, 0x33, 0x32, 0x17, 0x17, 0x01, 0x37, 0x09, 0x09, 0xc0, 0x0a, 0x0d, 0x0d,
    0x0a, 0x09, 0x09, 0xaa, 0xaa, 0x09, 0x09, 0x0a, 0x0d, 0x0d, 0x0a, 0xc0, 0xd7, 0x0a, 0x0d, 0x0d,
    0x0a, 0xc0, 0x09, 0x09, 0x0a, 0x0d, 0x0d, 0x0a, 0xa9, 0xa9, 0x0a, 0x0d, 0x0d, 0x0a, 0x09, 0x09,
    0xc0, 0x00, 0x00, 0x02, 0x00, 0x00, 0xff, 0xc0, 0x02, 0x00, 0x01, 0xc0, 0x00, 0x1a, 0x00, 0x3b,
    0x00, 0x00, 0x05, 0x36, 0x37, 0x31, 0x31, 0x36, 0x37, 0x36, 0x35, 0x34, 0x27, 0x26, 0x27, 0x26,
    0x27, 0x06, 0x07, 0x06, 0x07, 0x06, 0x15, 0x14, 0x17, 0x16, 0x17, 0x16, 0x17, 0x03, 0x36, 0x17,
    0x17, 0x31, 0x37, 0x31, 0x36, 0x17, 0x16, 0x07, 0x07, 0x31, 0x17, 0x31, 0x16, 0x07, 0x06, 0x27,
    0x27, 0x31, 0x07, 0x31, 0x06, 0x27, 0x26, 0x37, 0x37, 0x31, 0x27, 0x31, 0x26, 0x37, 0x01, 0x00,
    0x46, 0x3a, 0x3a, 0x24, 0x22, 0x22, 0x24, 0x3a, 0x3a, 0x46, 0x46, 0x3a, 0x3a, 0x24, 0x22, 0x22,
    0x24, 0x3a, 0x3a, 0x46, 0x51, 0x11, 0x11, 0x2f, 0x2f, 0x11, 0x11, 0x0e, 0x0e, 0x2f, 0x2f, 0x0e,
    0x0e, 0x11, 0x11, 0x2f, 0x2f, 0x11, 0x11, 0x0e, 0x0e, 0x2f, 0x2f, 0x0e, 0x0e, 0x40, 0x01, 0x21,
    0x22, 0x3c, 0x3d, 0x43, 0x43, 0x3d, 0x3c, 0x22, 0x21, 0x01, 0x01, 0x21, 0x22, 0x3c, 0x3d, 0x43,
    0x43, 0x3d, 0x3c, 0x22, 0x21, 0x01, 0x01, 0x51, 0x0e, 0x0e, 0x2f, 0x2f, 0x0e, 0x0e, 0x11, 0x11,
    0x2f, 0x2f, 0x11, 0x11, 0x0e, 0x0e, 0x2f, 0x2f, 0x0e, 0x0e, 0x11, 0x11, 0x2f, 0x2f, 0x11, 0x11,
    0x00, 0x02, 0x00, 0x00, 0xff, 0xc0, 0x02, 0x00, 0x01, 0xc0, 0x00, 0x1a, 0x00, 0x2e, 0x00, 0x00,
    0x05, 0x36, 0x37, 0x31, 0x31, 0x36, 0x37, 0x36, 0x35, 0x34, 0x27, 0x26, 0x27, 0x26, 0x27, 0x06,
    0x07, 0x06, 0x07, 0x06, 0x15, 0x14, 0x17, 0x16, 0x17, 0x16, 0x17, 0x13, 0x07, 0x37, 0x07, 0x06,
    0x27, 0x27, 0x31, 0x26, 0x37, 0x36, 0x17, 0x17, 0x31, 0x37, 0x31, 0x36, 0x17, 0x16, 0x07, 0x01,
    0x00, 0x46, 0x3a, 0x3a, 0x24, 0x22, 0x22, 0x24, 0x3a, 0x3a, 0x46, 0x46, 0x3a, 0x3a, 0x24, 0x22,
    0x22, 0x24, 0x3a, 0x3a, 0x46, 0x71, 0x80, 0x80, 0x80, 0x11, 0x11, 0x40, 0x0e, 0x0e, 0x11, 0x11,
    0x2f, 0x6f, 0x11, 0x11, 0x0e, 0x0e, 0x40, 0x01, 0x21, 0x22, 0x3c, 0x3d, 0x43, 0x43, 0x3d, 0x3c,
    0x22, 0x21, 0x01, 0x01, 0x21, 0x22, 0x3c, 0x3d, 0x43, 0x43, 0x3d, 0x3c, 0x22, 0x21, 0x01, 0x01,
    0x2f, 0x80, 0x80, 0x80, 0x0e, 0x0e, 0x40, 0x11, 0x11, 0x0e, 0x0e, 0x2f, 0x6f, 0x0e, 0x0e, 0x11,
    0x11, 0x00, 0x00, 0x03, 0x00, 0x00, 0xff, 0xc0, 0x02, 0x00, 0x01, 0xc0, 0x00, 0x1a, 0x00, 0x38,
    0x00, 0x4b, 0x00, 0x00, 0x05, 0x36, 0x37, 0x31, 0x31, 0x36, 0x37, 0x36, 0x35, 0x34, 0x27, 0x26,
    0x27, 0x26, 0x27, 0x06, 0x07, 0x06, 0x07, 0x06, 0x15, 0x14, 0x17, 0x16, 0x17, 0x16, 0x17, 0x27,
    0x33, 0x23, 0x33, 0x35, 0x31, 0x23, 0x31, 0x26, 0x27, 0x36, 0x37, 0x33, 0x31, 0x16, 0x17, 0x15,
    0x31, 0x33, 0x31, 0x16, 0x17, 0x06, 0x07, 0x23, 0x31, 0x26, 0x27, 0x36, 0x37, 0x37, 0x32, 0x17,
    0x31, 0x31, 0x16, 0x15, 0x14, 0x07, 0x06, 0x23, 0x22, 0x27, 0x26, 0x35, 0x34, 0x37, 0x36, 0x33,
    0x01, 0x00, 0x46, 0x3a, 0x3a, 0x24, 0x22, 0x22, 0x24, 0x3a, 0x3a, 0x46, 0x46, 0x3a, 0x3a, 0x24,
    0x22, 0x22, 0x24, 0x3a, 0x3a, 0x46, 0x28, 0x18, 0x18, 0x18, 0x18, 0x16, 0x02, 0x02, 0x16, 0x30,
    0x16, 0x02, 0x08, 0x16, 0x02, 0x02, 0x16, 0x50, 0x16, 0x02, 0x02, 0x16, 0x28, 0x0e, 0x09, 0x09,
    0x09, 0x09, 0x0e, 0x0e, 0x09, 0x09, 0x09, 0x09, 0x0e, 0x40, 0x01, 0x21, 0x22, 0x3c, 0x3d, 0x43,
    0x43, 0x3d, 0x3c, 0x22, 0x21, 0x01, 0x01, 0x21, 0x22, 0x3c, 0x3d, 0x43, 0x43, 0x3d, 0x3c, 0x22,
    0x21, 0x01, 0xb0, 0x40, 0x02, 0x16, 0x16, 0x02, 0x02, 0x16, 0x58, 0x02, 0x16, 0x16, 0x02, 0x02,
    0x16, 0x16, 0x02, 0xd0, 0x09, 0x09, 0x0e, 0x0e, 0x09, 0x09, 0x09, 0x09, 0x0e, 0x0e, 0x09, 0x09,
    0x00, 0x01, 0x00, 0x00, 0x00, 0x00, 0x01, 0xc0, 0x01, 0x80, 0x00, 0x29, 0x00, 0x00, 0x37, 0x06,
    0x15, 0x31, 0x31, 0x14, 0x17, 0x17, 0x31, 0x16, 0x33, 0x32, 0x37, 0x36, 0x35, 0x34, 0x27, 0x27,
    0x31, 0x21, 0x31, 0x32, 0x37, 0x36, 0x35, 0x34, 0x27, 0x26, 0x23, 0x21, 0x31, 0x37, 0x31, 0x36,
    0x35, 0x34, 0x27, 0x26, 0x23, 0x22, 0x07, 0x07, 0x09, 0x09, 0x09, 0xa0, 0x0a, 0x0d, 0x0d, 0x0a,
    0x09, 0x09, 0x6a, 0x01, 0x33, 0x0e, 0x09, 0x09, 0x09, 0x09, 0x0e, 0xfe, 0xcd, 0x6a, 0x09, 0x09,
    0x0a, 0x0d, 0x0d, 0x0a, 0xa0, 0xd7, 0x0a, 0x0d, 0x0d, 0x0a, 0xa0, 0x09, 0x09, 0x0a, 0x0d, 0x0d,
    0x0a, 0x69, 0x09, 0x09, 0x0e, 0x0e, 0x09, 0x09, 0x69, 0x0a, 0x0d, 0x0d, 0x0a, 0x09, 0x09, 0xa0,
    0x00, 0x01, 0x00, 0x00, 0x00, 0x00, 0x01, 0xc0, 0x01, 0x80, 0x00, 0x29, 0x00, 0x00, 0x25, 0x36,
    0x35, 0x31, 0x31, 0x34, 0x27, 0x27, 0x31, 0x26, 0x23, 0x22, 0x07, 0x06, 0x15, 0x14, 0x17, 0x17,
    0x31, 0x21, 0x31, 0x22, 0x07, 0x06, 0x15, 0x14, 0x17, 0x16, 0x33, 0x21, 0x31, 0x07, 0x31, 0x06,
    0x15, 0x14, 0x17, 0x16, 0x33, 0x32, 0x37, 0x37, 0x01, 0xb7, 0x09, 0x09, 0xa0, 0x0a, 0x0d, 0x0d,
    0x0a, 0x09, 0x09, 0x6a, 0xfe, 0xcd, 0x0e, 0x09, 0x09, 0x09, 0x09, 0x0e, 0x01, 0x33, 0x6a, 0x09,
    0x09, 0x0a, 0x0d, 0x0d, 0x0a, 0xa0, 0xa9, 0x0a, 0x0d, 0x0d, 0x0a, 0xa0, 0x09, 0x09, 0x0a, 0x0d,
    0x0d, 0x0a, 0x69, 0x09, 0x09, 0x0e, 0x0e, 0x09, 0x09, 0x69, 0x0a, 0x0d, 0x0d, 0x0a, 0x09, 0x09,
    0xa0, 0x00, 0x00, 0x01, 0x00, 0x00, 0xff, 0xe0, 0x01, 0x80, 0x01, 0xa0, 0x00, 0x29, 0x00, 0x00,
    0x13, 0x26, 0x23, 0x31, 0x31, 0x22, 0x07, 0x07, 0x31, 0x06, 0x15, 0x14, 0x17, 0x16, 0x33, 0x32,
    0x37, 0x37, 0x31, 0x11, 0x31, 0x14, 0x17, 0x16, 0x33, 0x32, 0x37, 0x36, 0x35, 0x11, 0x31, 0x17,
    0x31, 0x16, 0x33, 0x32, 0x37, 0x36, 0x35, 0x34, 0x27, 0x27, 0xd7, 0x0a, 0x0d, 0x0d, 0x0a, 0xa0,
    0x09, 0x09, 0x0a, 0x0d, 0x0d, 0x0a, 0x69, 0x09, 0x09, 0x0e, 0x0e, 0x09, 0x09, 0x69, 0x0a, 0x0d,
    0x0d, 0x0a, 0x09, 0x09, 0xa0, 0x01, 0x97, 0x09, 0x09, 0xa0, 0x0a, 0x0d, 0x0d, 0x0a, 0x09, 0x09,
    0x6a, 0xfe, 0xcd, 0x0e, 0x09, 0x09, 0x09, 0x09, 0x0e, 0x01, 0x33, 0x6a, 0x09, 0x09, 0x0a, 0x0d,
    0x0d, 0x0a, 0xa0, 0x00, 0x00, 0x01, 0x00, 0x00, 0xff, 0xe0, 0x01, 0x80, 0x01, 0xa0, 0x00, 0x29,
    0x00, 0x00, 0x17, 0x16, 0x33, 0x31, 0x31, 0x32, 0x37, 0x37, 0x31, 0x36, 0x35, 0x34, 0x27, 0x26,
    0x23, 0x22, 0x07, 0x07, 0x31, 0x11, 0x31, 0x34, 0x27, 0x26, 0x23, 0x22, 0x07, 0x06, 0x15, 0x11,
    0x31, 0x27, 0x31, 0x26, 0x23, 0x22, 0x07, 0x06, 0x15, 0x14, 0x17, 0x17, 0xa9, 0x0a, 0x0d, 0x0d,
    0x0a, 0xa0, 0x09, 0x09, 0x0a, 0x0d, 0x0d, 0x0a, 0x69, 0x09, 0x09, 0x0e, 0x0e, 0x09, 0x09, 0x69,
    0x0a, 0x0d, 0x0d, 0x0a, 0x09, 0x09, 0xa0, 0x17, 0x09, 0x09, 0xa0, 0x0a, 0x0d, 0x0d, 0x0a, 0x09,
    0x09, 0x6a, 0x01, 0x33, 0x0e, 0x09, 0x09, 0x09, 0x09, 0x0e, 0xfe, 0xcd, 0x6a, 0x09, 0x09, 0x0a,
    0x0d, 0x0d, 0x0a, 0xa0, 0x00, 0x04, 0x00, 0x00, 0xff, 0xe0, 0x01, 0xc0, 0x01, 0xa0, 0x00, 0x1d,
    0x00, 0x3b, 0x00, 0x59, 0x00, 0x77, 0x00, 0x00, 0x13, 0x22, 0x07, 0x31, 0x31, 0x06, 0x15, 0x15,
    0x31, 0x14, 0x17, 0x16, 0x33, 0x32, 0x37, 0x36, 0x35, 0x35, 0x31, 0x33, 0x31, 0x32, 0x37, 0x36,
    0x35, 0x34, 0x27, 0x26, 0x23, 0x23, 0x13, 0x34, 0x27, 0x31, 0x31, 0x26, 0x23, 0x22, 0x07, 0x06,
    0x15, 0x15, 0x31, 0x14, 0x17, 0x16, 0x33, 0x33, 0x31, 0x32, 0x37, 0x36, 0x35, 0x34, 0x27, 0x26,
    0x23, 0x23, 0x31, 0x35, 0x01, 0x22, 0x07, 0x31, 0x31, 0x06, 0x15, 0x14, 0x17, 0x16, 0x33, 0x33,
    0x31, 0x15, 0x31, 0x14, 0x17, 0x16, 0x33, 0x32, 0x37, 0x36, 0x35, 0x35, 0x31, 0x34, 0x27, 0x26,
    0x23, 0x23, 0x13, 0x34, 0x27, 0x31, 0x31, 0x26, 0x23, 0x22, 0x07, 0x06, 0x15, 0x15, 0x31, 0x23,
    0x31, 0x22, 0x07, 0x06, 0x15, 0x14, 0x17, 0x16, 0x33, 0x33, 0x31, 0x32, 0x37, 0x36, 0x35, 0x35,
    0x20, 0x0e, 0x09, 0x09, 0x09, 0x09, 0x0e, 0x0e, 0x09, 0x09, 0x40, 0x0e, 0x09, 0x09, 0x09, 0x09,
    0x0e, 0x60, 0x20, 0x09, 0x09, 0x0e, 0x0e, 0x09, 0x09, 0x09, 0x09, 0x0e, 0x60, 0x0e, 0x09, 0x09,
    0x09, 0x09, 0x0e, 0x40, 0x01, 0x00, 0x0e, 0x09, 0x09, 0x09, 0x09, 0x0e, 0x40, 0x09, 0x09, 0x0e,
    0x0e, 0x09, 0x09, 0x09, 0x09, 0x0e, 0x60, 0x80, 0x09, 0x09, 0x0e, 0x0e, 0x09, 0x09, 0x40, 0x0e,
    0x09, 0x09, 0x09, 0x09, 0x0e, 0x60, 0x0e, 0x09, 0x09, 0x01, 0xa0, 0x09, 0x09, 0x0e, 0x60, 0x0e,
    0x09, 0x09, 0x09, 0x09, 0x0e, 0x40, 0x09, 0x09, 0x0e, 0x0e, 0x09, 0x09, 0xfe, 0xc0, 0x0e, 0x09,
    0x09, 0x09, 0x09, 0x0e, 0x60, 0x0e, 0x09, 0x09, 0x09, 0x09, 0x0e, 0x0e, 0x09, 0x09, 0x40, 0x01,
    0x40, 0x09, 0x09, 0x0e, 0x0e, 0x09, 0x09, 0x40, 0x0e, 0x09, 0x09, 0x09, 0x09, 0x0e, 0x60, 0x0e,
    0x09, 0x09, 0xfe, 0xc0, 0x0e, 0x09, 0x09, 0x09, 0x09, 0x0e, 0x40, 0x09, 0x09, 0x0e, 0x0e, 0x09,
    0x09, 0x09, 0x09, 0x0e, 0x60, 0x00, 0x00, 0x04, 0x00, 0x00, 0xff, 0xe0, 0x01, 0xc0, 0x01, 0xa0,
    0x00, 0x1d, 0x00, 0x3b, 0x00, 0x59, 0x00, 0x77, 0x00, 0x00, 0x13, 0x34, 0x27, 0x31, 0x31, 0x26,
    0x23, 0x22, 0x07, 0x06, 0x15, 0x15, 0x31, 0x23, 0x31, 0x22, 0x07, 0x06, 0x15, 0x14, 0x17, 0x16,
    0x33, 0x33, 0x31, 0x32, 0x37, 0x36, 0x35, 0x35, 0x03, 0x22, 0x07, 0x31, 0x31, 0x06, 0x15, 0x14,
    0x17, 0x16, 0x33, 0x33, 0x31, 0x15, 0x31, 0x14, 0x17, 0x16, 0x33, 0x32, 0x37, 0x36, 0x35, 0x35,
    0x31, 0x34, 0x27, 0x26, 0x23, 0x23, 0x01, 0x34, 0x27, 0x31, 0x31, 0x26, 0x23, 0x22, 0x07, 0x06,
    0x15, 0x15, 0x31, 0x14, 0x17, 0x16, 0x33, 0x33, 0x31, 0x32, 0x37, 0x36, 0x35, 0x34, 0x27, 0x26,
    0x23, 0x23, 0x31, 0x35, 0x03, 0x22, 0x07, 0x31, 0x31, 0x06, 0x15, 0x15, 0x31, 0x14, 0x17, 0x16,
    0x33, 0x32, 0x37, 0x36, 0x35, 0x35, 0x31, 0x33, 0x31, 0x32, 0x37, 0x36, 0x35, 0x34, 0x27, 0x26,
    0x23, 0x23, 0xa0, 0x09, 0x09, 0x0e, 0x0e, 0x09, 0x09, 0x40, 0x0e, 0x09, 0x09, 0x09, 0x09, 0x0e,
    0x60, 0x0e, 0x09, 0x09, 0x80, 0x0e, 0x09, 0x09, 0x09, 0x09, 0x0e, 0x40, 0x09, 0x09, 0x0e, 0x0e,
    0x09, 0x09, 0x09, 0x09, 0x0e, 0x60, 0x01, 0x40, 0x09, 0x09, 0x0e, 0x0e, 0x09, 0x09, 0x09, 0x09,
    0x0e, 0x60, 0x0e, 0x09, 0x09, 0x09, 0x09, 0x0e, 0x40, 0x20, 0x0e, 0x09, 0x09, 0x09, 0x09, 0x0e,
    0x0e, 0x09, 0x09, 0x40, 0x0e, 0x09, 0x09, 0x09, 0x09, 0x0e, 0x60, 0x01, 0x80, 0x0e, 0x09, 0x09,
    0x09, 0x09, 0x0e, 0x40, 0x09, 0x09, 0x0e, 0x0e, 0x09, 0x09, 0x09, 0x09, 0x0e, 0x60, 0xff, 0x00,
    0x09, 0x09, 0x0e, 0x0e, 0x09, 0x09, 0x40, 0x0e, 0x09, 0x09, 0x09, 0x09, 0x0e, 0x60, 0x0e, 0x09,
    0x09, 0x01, 0x00, 0x0e, 0x09, 0x09, 0x09, 0x09, 0x0e, 0x60, 0x0e, 0x09, 0x09, 0x09, 0x09, 0x0e,
    0x0e, 0x09, 0x09, 0x40, 0xff, 0x00, 0x09, 0x09, 0x0e, 0x60, 0x0e, 0x09, 0x09, 0x09, 0x09, 0x0e,
    0x40, 0x09, 0x09, 0x0e, 0x0e, 0x09, 0x09, 0x00, 0x00, 0x01, 0x00, 0x10, 0x00, 0xa0, 0x01, 0xb0,
    0x00, 0xe0, 0x00, 0x16, 0x00, 0x00, 0x25, 0x14, 0x07, 0x31, 0x31, 0x06, 0x23, 0x21, 0x31, 0x22,
    0x27, 0x26, 0x35, 0x34, 0x37, 0x36, 0x33, 0x21, 0x31, 0x32, 0x17, 0x16, 0x15, 0x01, 0xb0, 0x09,
    0x09, 0x0e, 0xfe, 0xa0, 0x0e, 0x09, 0x09, 0x09, 0x09, 0x0e, 0x01, 0x60, 0x0e, 0x09, 0x09, 0xc0,
    0x0e, 0x09, 0x09, 0x09, 0x09, 0x0e, 0x0e, 0x09, 0x09, 0x09, 0x09, 0x0e, 0x00, 0x02, 0x00, 0x00,
    0xff, 0xc0, 0x01, 0xc0, 0x01, 0xc6, 0x00, 0x20, 0x00, 0x3b, 0x00, 0x00, 0x13, 0x36, 0x17, 0x16,
    0x17, 0x36, 0x37, 0x36, 0x17, 0x16, 0x17, 0x16, 0x17, 0x16, 0x17, 0x16, 0x15, 0x06, 0x07, 0x06,
    0x07, 0x06, 0x07, 0x26, 0x27, 0x26, 0x27, 0x26, 0x27, 0x36, 0x37, 0x36, 0x37, 0x13, 0x32, 0x37,
    0x36, 0x37, 0x36, 0x27, 0x26, 0x07, 0x07, 0x31, 0x06, 0x27, 0x26, 0x27, 0x26, 0x27, 0x26, 0x07,
    0x06, 0x07, 0x06, 0x15, 0x16, 0x17, 0x16, 0x33, 0x9f, 0x0e, 0x0e, 0x29, 0x25, 0x10, 0x15, 0x0e,
    0x0e, 0x1a, 0x15, 0x16, 0x0f, 0x10, 0x09, 0x09, 0x01, 0x1d, 0x1e, 0x33, 0x32, 0x3f, 0x3f, 0x33,
    0x32, 0x1e, 0x1d, 0x01, 0x02, 0x2b, 0x2b, 0x47, 0x43, 0x25, 0x20, 0x1f, 0x08, 0x07, 0x12, 0x0a,
    0x0d, 0x19, 0x0d, 0x0c, 0x0d, 0x12, 0x12, 0x0e, 0x0c, 0x0c, 0x1a, 0x0c, 0x0d, 0x01, 0x20, 0x20,
    0x31, 0x01, 0xbb, 0x0b, 0x0c, 0x26, 0x2e, 0x17, 0x14, 0x0c, 0x0c, 0x19, 0x1f, 0x1e, 0x20, 0x1f,
    0x1d, 0x1d, 0x17, 0x40, 0x35, 0x35, 0x20, 0x20, 0x01, 0x01, 0x20, 0x20, 0x35, 0x35, 0x40, 0x3c,
    0x48, 0x49, 0x43, 0xfe, 0x65, 0x15, 0x17, 0x26, 0x25, 0x24, 0x0e, 0x0c, 0x1d, 0x0b, 0x0c, 0x10,
    0x17, 0x17, 0x11, 0x0c, 0x0b, 0x20, 0x17, 0x17, 0x16, 0x34, 0x1c, 0x1d, 0x00, 0x03, 0xff, 0xfe,
    0xff, 0xe0, 0x02, 0x43, 0x01, 0xa0, 0x00, 0x26, 0x00, 0x41, 0x00, 0x5e, 0x00, 0x00, 0x01, 0x06,
    0x07, 0x31, 0x31, 0x06, 0x07, 0x06, 0x07, 0x06, 0x07, 0x06, 0x17, 0x16, 0x17, 0x16, 0x17, 0x16,
    0x17, 0x16, 0x17, 0x36, 0x37, 0x36, 0x37, 0x36, 0x37, 0x36, 0x37, 0x36, 0x27, 0x26, 0x27, 0x26,
    0x27, 0x26, 0x27, 0x26, 0x27, 0x07, 0x34, 0x37, 0x31, 0x31, 0x36, 0x37, 0x36, 0x33, 0x32, 0x17,
    0x16, 0x17, 0x16, 0x15, 0x14, 0x07, 0x06, 0x07, 0x06, 0x23, 0x22, 0x27, 0x26, 0x27, 0x26, 0x35,
    0x37, 0x06, 0x07, 0x31, 0x31, 0x06, 0x07, 0x22, 0x27, 0x26, 0x07, 0x14, 0x17, 0x16, 0x17, 0x16,
    0x37, 0x36, 0x37, 0x36, 0x27, 0x26, 0x27, 0x26, 0x27, 0x06, 0x17, 0x16, 0x15, 0x01, 0x20, 0x3d,
    0x30, 0x30, 0x24, 0x23, 0x17, 0x17, 0x0b, 0x05, 0x05, 0x0b, 0x17, 0x17, 0x23, 0x24, 0x30, 0x30,
    0x3d, 0x3d, 0x30, 0x30, 0x24, 0x23, 0x17, 0x17, 0x0c, 0x05, 0x05, 0x0c, 0x17, 0x17, 0x23, 0x24,
    0x30, 0x30, 0x3d, 0x90, 0x13, 0x13, 0x22, 0x22, 0x26, 0x26, 0x22, 0x22, 0x13, 0x13, 0x13, 0x13,
    0x22, 0x22, 0x26, 0x26, 0x22, 0x22, 0x13, 0x13, 0x90, 0x01, 0x12, 0x12, 0x1b, 0x0b, 0x09, 0x0a,
    0x02, 0x03, 0x0c, 0x21, 0x21, 0x28, 0x27, 0x13, 0x13, 0x09, 0x09, 0x18, 0x19, 0x1f, 0x09, 0x02,
    0x03, 0x01, 0xa0, 0x01, 0x17, 0x17, 0x22, 0x21, 0x23, 0x23, 0x1c, 0x0c, 0x0c, 0x1c, 0x23, 0x23,
    0x21, 0x22, 0x17, 0x17, 0x01, 0x01, 0x17, 0x17, 0x22, 0x21, 0x23, 0x23, 0x1c, 0x0c, 0x0c, 0x1c,
    0x23, 0x23, 0x21, 0x22, 0x17, 0x17, 0x01, 0xe0, 0x27, 0x21, 0x21, 0x14, 0x13, 0x13, 0x14, 0x21,
    0x21, 0x27, 0x27, 0x21, 0x21, 0x14, 0x13, 0x13, 0x14, 0x21, 0x21, 0x27, 0x40, 0x1b, 0x12, 0x12,
    0x01, 0x03, 0x02, 0x09, 0x0a, 0x0b, 0x27, 0x13, 0x13, 0x09, 0x0c, 0x21, 0x21, 0x28, 0x1f, 0x13,
    0x13, 0x02, 0x02, 0x0a, 0x09, 0x0b, 0x00, 0x03, 0xff, 0xf9, 0xff, 0xb9, 0x02, 0x87, 0x01, 0xc7,
    0x00, 0x1f, 0x00, 0x37, 0x00, 0x51, 0x00, 0x00, 0x13, 0x26, 0x07, 0x06, 0x17, 0x01, 0x31, 0x16,
    0x37, 0x36, 0x27, 0x27, 0x31, 0x36, 0x37, 0x36, 0x37, 0x36, 0x27, 0x26, 0x27, 0x26, 0x27, 0x26,
    0x27, 0x26, 0x27, 0x06, 0x07, 0x06, 0x07, 0x27, 0x17, 0x36, 0x37, 0x16, 0x17, 0x16, 0x17, 0x14,
    0x07, 0x27, 0x31, 0x36, 0x27, 0x26, 0x27, 0x26, 0x27, 0x06, 0x17, 0x16, 0x15, 0x14, 0x07, 0x27,
    0x17, 0x06, 0x23, 0x26, 0x27, 0x26, 0x27, 0x34, 0x37, 0x27, 0x31, 0x06, 0x07, 0x06, 0x17, 0x16,
    0x17, 0x16, 0x17, 0x16, 0x17, 0x16, 0x17, 0x36, 0x37, 0x27, 0x27, 0x13, 0x0f, 0x0c, 0x10, 0x02,
    0x50, 0x13, 0x0f, 0x0c, 0x10, 0x69, 0x1d, 0x14, 0x14, 0x0b, 0x04, 0x04, 0x0c, 0x17, 0x17, 0x23,
    0x24, 0x30, 0x30, 0x3d, 0x33, 0x2b, 0x2a, 0x21, 0x70, 0xb8, 0x28, 0x39, 0x3d, 0x29, 0x28, 0x02,
    0x11, 0x27, 0x0d, 0x08, 0x09, 0x18, 0x19, 0x1f, 0x09, 0x02, 0x03, 0x07, 0x5a, 0x96, 0x19, 0x1c,
    0x3d, 0x29, 0x28, 0x02, 0x01, 0x5e, 0x22, 0x0e, 0x05, 0x05, 0x0b, 0x17, 0x17, 0x24, 0x23, 0x30,
    0x30, 0x3d, 0x48, 0x36, 0x49, 0x01, 0xbb, 0x0c, 0x10, 0x13, 0x0f, 0xfe, 0x30, 0x0c, 0x10, 0x13,
    0x0f, 0x52, 0x1f, 0x20, 0x1f, 0x19, 0x0c, 0x0c, 0x1c, 0x23, 0x23, 0x21, 0x22, 0x17, 0x17, 0x01,
    0x01, 0x10, 0x11, 0x1b, 0x58, 0x91, 0x25, 0x01, 0x02, 0x28, 0x29, 0x3d, 0x26, 0x1f, 0x1e, 0x1e,
    0x22, 0x1f, 0x13, 0x13, 0x02, 0x02, 0x0a, 0x09, 0x0b, 0x10, 0x0c, 0x46, 0xf0, 0x0a, 0x02, 0x28,
    0x29, 0x3d, 0x0a, 0x0a, 0x4a, 0x2e, 0x24, 0x0c, 0x0c, 0x1c, 0x23, 0x23, 0x21, 0x22, 0x17, 0x17,
    0x01, 0x02, 0x1e, 0x3a, 0x00, 0x03, 0xff, 0xfb, 0xff, 0xe0, 0x02, 0x05, 0x01, 0xa0, 0x00, 0x12,
    0x00, 0x1f, 0x00, 0x32, 0x00, 0x00, 0x01, 0x16, 0x17, 0x13, 0x31, 0x16, 0x07, 0x06, 0x07, 0x21,
    0x31, 0x26, 0x27, 0x26, 0x37, 0x13, 0x31, 0x36, 0x37, 0x15, 0x06, 0x07, 0x15, 0x31, 0x16, 0x17,
    0x36, 0x37, 0x35, 0x31, 0x26, 0x27, 0x17, 0x34, 0x27, 0x31, 0x31, 0x26, 0x23, 0x22, 0x07, 0x06,
    0x15, 0x14, 0x17, 0x16, 0x33, 0x32, 0x37, 0x36, 0x35, 0x01, 0x00, 0x17, 0x0c, 0xd8, 0x0a, 0x0a,
    0x0c, 0x17, 0xfe, 0x50, 0x17, 0x0c, 0x0a, 0x0a, 0xd9, 0x0c, 0x16, 0x16, 0x02, 0x02, 0x16, 0x16,
    0x02, 0x02, 0x16, 0x20, 0x09, 0x09, 0x0e, 0x0e, 0x09, 0x09, 0x09, 0x09, 0x0e, 0x0e, 0x09, 0x09,
    0x01, 0xa0, 0x01, 0x13, 0xfe, 0x90, 0x14, 0x14, 0x13, 0x01, 0x01, 0x13, 0x14, 0x14, 0x01, 0x70,
    0x13, 0x01, 0x80, 0x02, 0x16, 0x70, 0x16, 0x02, 0x02, 0x16, 0x70, 0x16, 0x02, 0xe0, 0x0e, 0x09,
    0x09, 0x09, 0x09, 0x0e, 0x0e, 0x09, 0x09, 0x09, 0x09, 0x0e, 0x00, 0x01, 0xff, 0xfe, 0xff, 0xe0,
    0x02, 0x00, 0x01, 0xa0, 0x00, 0x3e, 0x00, 0x00, 0x25, 0x06, 0x07, 0x31, 0x31, 0x06, 0x07, 0x31,
    0x31, 0x06, 0x07, 0x22, 0x27, 0x06, 0x07, 0x06, 0x07, 0x22, 0x27, 0x26, 0x37, 0x30, 0x31, 0x30,
    0x31, 0x30, 0x31, 0x30, 0x31, 0x30, 0x31, 0x30, 0x31, 0x30, 0x31, 0x30, 0x31, 0x35, 0x31, 0x30,
    0x31, 0x30, 0x37, 0x36, 0x37, 0x36, 0x37, 0x36, 0x37, 0x26, 0x27, 0x36, 0x37, 0x36, 0x37, 0x36,
    0x37, 0x16, 0x17, 0x16, 0x17, 0x16, 0x17, 0x02, 0x00, 0x01, 0x22, 0x22, 0x3a, 0x39, 0x48, 0x38,
    0x30, 0x13, 0x23, 0x26, 0x2c, 0x0a, 0x05, 0x03, 0x07, 0x01, 0x02, 0x03, 0x07, 0x08, 0x11, 0x05,
    0x2f, 0x01, 0x01, 0x22, 0x22, 0x3a, 0x39, 0x48, 0x48, 0x39, 0x3a, 0x22, 0x22, 0x01, 0xd0, 0x3a,
    0x2f, 0x2f, 0x1c, 0x1b, 0x01, 0x12, 0x0e, 0x11, 0x11, 0x02, 0x0a, 0x0a, 0x07, 0x01, 0x01, 0x02,
    0x04, 0x07, 0x0e, 0x1a, 0x25, 0x34, 0x45, 0x3a, 0x2f, 0x2f, 0x1c, 0x1b, 0x01, 0x01, 0x1b, 0x1c,
    0x2f, 0x2f, 0x3a, 0x00, 0x00, 0x01, 0x00, 0x20, 0x00, 0x60, 0x01, 0xe0, 0x01, 0x60, 0x00, 0x1d,
    0x00, 0x00, 0x13, 0x36, 0x33, 0x31, 0x31, 0x32, 0x17, 0x17, 0x31, 0x16, 0x15, 0x14, 0x07, 0x06,
    0x23, 0x22, 0x27, 0x27, 0x31, 0x07, 0x31, 0x06, 0x23, 0x22, 0x27, 0x26, 0x35, 0x34, 0x37, 0x37,
    0xe9, 0x0a, 0x0d, 0x0d, 0x0a, 0xc0, 0x09, 0x09, 0x0a, 0x0d, 0x0d, 0x0a, 0xa9, 0xa9, 0x0a, 0x0d,
    0x0d, 0x0a, 0x09, 0x09, 0xc0, 0x01, 0x57, 0x09, 0x09, 0xc0, 0x0a, 0x0d, 0x0d, 0x0a, 0x09, 0x09,
    0xaa, 0xaa, 0x09, 0x09, 0x0a, 0x0d, 0x0d, 0x0a, 0xc0, 0x00, 0x00, 0x01, 0x00, 0x20, 0x00, 0x20,
    0x01, 0xe0, 0x01, 0x20, 0x00, 0x1d, 0x00, 0x00, 0x37, 0x16, 0x33, 0x31, 0x31, 0x32, 0x37, 0x37,
    0x31, 0x36, 0x35, 0x34, 0x27, 0x26, 0x23, 0x22, 0x07, 0x07, 0x31, 0x27, 0x31, 0x26, 0x23, 0x22,
    0x07, 0x06, 0x15, 0x14, 0x17, 0x17, 0xe9, 0x0a, 0x0d, 0x0d, 0x0a, 0xc0, 0x09, 0x09, 0x0a, 0x0d,
    0x0d, 0x0a, 0xa9, 0xa9, 0x0a, 0x0d, 0x0d, 0x0a, 0x09, 0x09, 0xc0, 0x29, 0x09, 0x09, 0xc0, 0x0a,
    0x0d, 0x0d, 0x0a, 0x09, 0x09, 0xaa, 0xaa, 0x09, 0x09, 0x0a, 0x0d, 0x0d, 0x0a, 0xc0, 0x00, 0x01,
    0x00, 0x00, 0xff, 0xe0, 0x02, 0x00, 0x01, 0xa0, 0x00, 0x21, 0x00, 0x00, 0x17, 0x29, 0x02, 0x36,
    0x37, 0x36, 0x37, 0x11, 0x31, 0x26, 0x27, 0x26, 0x27, 0x23, 0x31, 0x22, 0x27, 0x27, 0x31, 0x26,
    0x27, 0x23, 0x31, 0x06, 0x07, 0x06, 0x07, 0x11, 0x31, 0x16, 0x17, 0x16, 0x17, 0x40, 0x01, 0x80,
    0xfe, 0x80, 0x01, 0x80, 0x1b, 0x12, 0x12, 0x01, 0x01, 0x12, 0x12, 0x1b, 0xa0, 0x10, 0x0a, 0x13,
    0x13, 0x20, 0x80, 0x1b, 0x12, 0x12, 0x01, 0x01, 0x12, 0x12, 0x1b, 0x20, 0x01, 0x12, 0x12, 0x1b,
    0x01, 0x00, 0x1b, 0x12, 0x12, 0x01, 0x0d, 0x19, 0x19, 0x01, 0x01, 0x12, 0x12, 0x1b, 0xfe, 0xc0,
    0x1b, 0x12, 0x12, 0x01, 0x00, 0x02, 0xff, 0xfd, 0xff, 0xc0, 0x01, 0x83, 0x01, 0xc0, 0x00, 0x2e,
    0x00, 0x3d, 0x00, 0x00, 0x13, 0x34, 0x37, 0x31, 0x31, 0x36, 0x33, 0x21, 0x31, 0x32, 0x17, 0x16,
    0x15, 0x14, 0x07, 0x06, 0x23, 0x23, 0x31, 0x17, 0x31, 0x16, 0x17, 0x17, 0x31, 0x16, 0x07, 0x06,
    0x23, 0x21, 0x31, 0x22, 0x27, 0x26, 0x37, 0x37, 0x31, 0x36, 0x37, 0x37, 0x31, 0x23, 0x31, 0x22,
    0x27, 0x26, 0x35, 0x13, 0x33, 0x23, 0x33, 0x15, 0x31, 0x14, 0x07, 0x06, 0x23, 0x22, 0x27, 0x26,
    0x35, 0x35, 0x20, 0x09, 0x09, 0x0e, 0x01, 0x00, 0x0e, 0x09, 0x09, 0x09, 0x09, 0x0e, 0x1d, 0x0b,
    0x39, 0x16, 0x01, 0x05, 0x09, 0x0a, 0x10, 0xfe, 0xc0, 0x10, 0x0a, 0x09, 0x05, 0x01, 0x16, 0x39,
    0x0c, 0x1e, 0x0e, 0x09, 0x09, 0x80, 0x40, 0x40, 0x40, 0x09, 0x09, 0x0e, 0x0e, 0x09, 0x09, 0x01,
    0xa0, 0x0e, 0x09, 0x09, 0x09, 0x09, 0x0e, 0x0e, 0x09, 0x09, 0x94, 0x1f, 0x40, 0x03, 0x0f, 0x0e,
    0x0d, 0x0d, 0x0e, 0x0f, 0x03, 0x40, 0x1f, 0x94, 0x09, 0x09, 0x0e, 0xfe, 0xa0, 0x60, 0x0e, 0x09,
    0x09, 0x09, 0x09, 0x0e, 0x60, 0x00, 0x00, 0x03, 0x00, 0x00, 0xff, 0xc0, 0x02, 0x00, 0x01, 0xc0,
    0x00, 0x28, 0x00, 0x4c, 0x00, 0x55, 0x00, 0x00, 0x01, 0x15, 0x35, 0x15, 0x14, 0x07, 0x06, 0x23,
    0x22, 0x27, 0x26, 0x35, 0x35, 0x31, 0x07, 0x31, 0x06, 0x23, 0x22, 0x27, 0x26, 0x35, 0x34, 0x37,
    0x37, 0x31, 0x36, 0x33, 0x32, 0x17, 0x17, 0x31, 0x16, 0x15, 0x14, 0x07, 0x06, 0x23, 0x22, 0x27,
    0x27, 0x07, 0x33, 0x23, 0x33, 0x16, 0x17, 0x16, 0x17, 0x36, 0x37, 0x36, 0x37, 0x33, 0x31, 0x16,
    0x17, 0x16, 0x17, 0x15, 0x31, 0x06, 0x07, 0x06, 0x07, 0x21, 0x31, 0x26, 0x27, 0x26, 0x27, 0x35,
    0x31, 0x36, 0x37, 0x36, 0x37, 0x05, 0x36, 0x37, 0x26, 0x27, 0x06, 0x07, 0x16, 0x17, 0x01, 0x20,
    0x09, 0x09, 0x0e, 0x0e, 0x09, 0x09, 0x49, 0x0a, 0x0d, 0x0d, 0x0a, 0x09, 0x09, 0x80, 0x0a, 0x0d,
    0x0d, 0x0a, 0x80, 0x09, 0x09, 0x0a, 0x0d, 0x0d, 0x0a, 0x49, 0xe0, 0x80, 0x80, 0x80, 0x01, 0x12,
    0x12, 0x1b, 0x1b, 0x12, 0x12, 0x01, 0x80, 0x1b, 0x12, 0x12, 0x01, 0x01, 0x12, 0x12, 0x1b, 0xfe,
    0x80, 0x1b, 0x12, 0x12, 0x01, 0x01, 0x12, 0x12, 0x1b, 0x01, 0x70, 0x16, 0x02, 0x02, 0x16, 0x16,
    0x02, 0x02, 0x16, 0x01, 0x53, 0xf3, 0xf3, 0xf3, 0x0e, 0x09, 0x09, 0x09, 0x09, 0x0e, 0xf3, 0x4a,
    0x09, 0x09, 0x0a, 0x0d, 0x0d, 0x0a, 0x80, 0x09, 0x09, 0x80, 0x0a, 0x0d, 0x0d, 0x0a, 0x09, 0x09,
    0x4a, 0xf3, 0x1b, 0x12, 0x12, 0x01, 0x01, 0x12, 0x12, 0x1b, 0x01, 0x12, 0x12, 0x1b, 0x20, 0x1b,
    0x12, 0x12, 0x01, 0x01, 0x12, 0x12, 0x1b, 0x20, 0x1b, 0x12, 0x12, 0x01, 0x68, 0x02, 0x16, 0x16,
    0x02, 0x02, 0x16, 0x16, 0x02, 0x00, 0x00, 0x02, 0x00, 0x12, 0xff, 0xd1, 0x02, 0x6e, 0x01, 0xaf,
    0x00, 0x3d, 0x00, 0x7b, 0x00, 0x00, 0x25, 0x36, 0x35, 0x31, 0x31, 0x34, 0x27, 0x26, 0x27, 0x26,
    0x07, 0x07, 0x31, 0x06, 0x07, 0x06, 0x17, 0x16, 0x17, 0x16, 0x37, 0x37, 0x31, 0x36, 0x17, 0x16,
    0x17, 0x16, 0x15, 0x14, 0x07, 0x07, 0x31, 0x06, 0x23, 0x22, 0x27, 0x26, 0x27, 0x26, 0x37, 0x37,
    0x31, 0x36, 0x27, 0x26, 0x27, 0x26, 0x07, 0x06, 0x07, 0x07, 0x31, 0x06, 0x17, 0x16, 0x17, 0x16,
    0x33, 0x32, 0x37, 0x37, 0x25, 0x06, 0x15, 0x31, 0x31, 0x14, 0x17, 0x16, 0x17, 0x16, 0x37, 0x37,
    0x31, 0x36, 0x37, 0x36, 0x27, 0x26, 0x27, 0x26, 0x07, 0x07, 0x31, 0x06, 0x27, 0x26, 0x27, 0x26,
    0x35, 0x34, 0x37, 0x37, 0x31, 0x36, 0x33, 0x32, 0x17, 0x16, 0x17, 0x16, 0x07, 0x07, 0x31, 0x06,
    0x17, 0x16, 0x17, 0x16, 0x37, 0x36, 0x37, 0x37, 0x31, 0x36, 0x27, 0x26, 0x27, 0x26, 0x23, 0x22,
    0x07, 0x07, 0x02, 0x44, 0x2a, 0x2a, 0x27, 0x34, 0x33, 0x2c, 0x02, 0x0b, 0x02, 0x02, 0x08, 0x08,
    0x0c, 0x0d, 0x0b, 0x02, 0x19, 0x1c, 0x1d, 0x16, 0x17, 0x17, 0x71, 0x19, 0x20, 0x20, 0x19, 0x15,
    0x02, 0x02, 0x11, 0x01, 0x07, 0x02, 0x02, 0x0b, 0x0b, 0x0c, 0x0d, 0x08, 0x01, 0x1f, 0x04, 0x04,
    0x26, 0x2d, 0x39, 0x3a, 0x2d, 0x70, 0xfd, 0xf8, 0x2a, 0x2a, 0x27, 0x34, 0x33, 0x2d, 0x01, 0x0b,
    0x02, 0x02, 0x07, 0x09, 0x0c, 0x0d, 0x0b, 0x02, 0x19, 0x1c, 0x1d, 0x16, 0x17, 0x18, 0x70, 0x19,
    0x20, 0x20, 0x19, 0x15, 0x02, 0x02, 0x11, 0x01, 0x07, 0x02, 0x02, 0x0b, 0x0b, 0x0c, 0x0d, 0x08,
    0x01, 0x1f, 0x04, 0x04, 0x26, 0x2d, 0x39, 0x3a, 0x2c, 0x71, 0xb4, 0x2d, 0x3a, 0x39, 0x2d, 0x25,
    0x05, 0x04, 0x1f, 0x01, 0x08, 0x0d, 0x0c, 0x0c, 0x0a, 0x02, 0x03, 0x08, 0x01, 0x11, 0x02, 0x02,
    0x15, 0x19, 0x20, 0x21, 0x18, 0x71, 0x17, 0x17, 0x16, 0x1d, 0x1c, 0x19, 0x02, 0x0b, 0x0c, 0x0d,
    0x08, 0x08, 0x02, 0x02, 0x0b, 0x02, 0x2c, 0x34, 0x33, 0x27, 0x2a, 0x2a, 0x70, 0x18, 0x2d, 0x3a,
    0x39, 0x2d, 0x25, 0x05, 0x04, 0x1f, 0x01, 0x08, 0x0d, 0x0c, 0x0c, 0x0a, 0x02, 0x03, 0x08, 0x01,
    0x11, 0x02, 0x02, 0x15, 0x19, 0x20, 0x21, 0x18, 0x71, 0x17, 0x17, 0x16, 0x1d, 0x1c, 0x19, 0x02,
    0x0b, 0x0d, 0x0c, 0x08, 0x08, 0x02, 0x02, 0x0b, 0x02, 0x2c, 0x34, 0x33, 0x27, 0x2a, 0x2a, 0x70,
    0x00, 0x02, 0x00, 0x00, 0xff, 0xc0, 0x01, 0xc0, 0x01, 0xc0, 0x00, 0x1b, 0x00, 0x3d, 0x00, 0x00,
    0x13, 0x33, 0x23, 0x33, 0x32, 0x17, 0x17, 0x31, 0x16, 0x15, 0x15, 0x31, 0x06, 0x07, 0x06, 0x07,
    0x23, 0x31, 0x26, 0x27, 0x26, 0x27, 0x11, 0x31, 0x36, 0x37, 0x36, 0x37, 0x07, 0x33, 0x23, 0x33,
    0x15, 0x31, 0x23, 0x31, 0x11, 0x31, 0x33, 0x31, 0x35, 0x31, 0x33, 0x31, 0x15, 0x31, 0x06, 0x07,
    0x06, 0x07, 0x23, 0x31, 0x26, 0x27, 0x26, 0x27, 0x11, 0x31, 0x36, 0x37, 0x36, 0x37, 0xd0, 0x7c,
    0x7c, 0x7c, 0x14, 0x0e, 0x44, 0x0e, 0x01, 0x0d, 0x0e, 0x14, 0xc0, 0x14, 0x0e, 0x0d, 0x01, 0x01,
    0x0d, 0x0e, 0x14, 0xa0, 0x50, 0x50, 0x50, 0x40, 0xc0, 0x40, 0x01, 0x0d, 0x0e, 0x14, 0xe0, 0x14,
    0x0e, 0x0d, 0x01, 0x01, 0x0d, 0x0e, 0x14, 0x01, 0xc0, 0x0e, 0x44, 0x0e, 0x14, 0xdc, 0x14, 0x0e,
    0x0d, 0x01, 0x01, 0x0d, 0x0e, 0x14, 0x01, 0x20, 0x14, 0x0e, 0x0d, 0x01, 0x80, 0x40, 0xff, 0x00,
    0x20, 0x30, 0x14, 0x0e, 0x0d, 0x01, 0x01, 0x0d, 0x0e, 0x14, 0x01, 0x20, 0x14, 0x0e, 0x0d, 0x01,
    0x00, 0x03, 0x00, 0x00, 0x00, 0x00, 0x01, 0xc0, 0x01, 0x80, 0x00, 0x16, 0x00, 0x2d, 0x00, 0x44,
    0x00, 0x00, 0x11, 0x34, 0x37, 0x31, 0x31, 0x36, 0x33, 0x21, 0x31, 0x32, 0x17, 0x16, 0x15, 0x14,
    0x07, 0x06, 0x23, 0x21, 0x31, 0x22, 0x27, 0x26, 0x35, 0x15, 0x34, 0x37, 0x31, 0x31, 0x36, 0x33,
    0x21, 0x31, 0x32, 0x17, 0x16, 0x15, 0x14, 0x07, 0x06, 0x23, 0x21, 0x31, 0x22, 0x27, 0x26, 0x35,
    0x05, 0x14, 0x07, 0x31, 0x31, 0x06, 0x23, 0x21, 0x31, 0x22, 0x27, 0x26, 0x35, 0x34, 0x37, 0x36,
    0x33, 0x21, 0x31, 0x32, 0x17, 0x16, 0x15, 0x09, 0x09, 0x0e, 0x01, 0x80, 0x0e, 0x09, 0x09, 0x09,
    0x09, 0x0e, 0xfe, 0x80, 0x0e, 0x09, 0x09, 0x09, 0x09, 0x0e, 0x01, 0x80, 0x0e, 0x09, 0x09, 0x09,
    0x09, 0x0e, 0xfe, 0x80, 0x0e, 0x09, 0x09, 0x01, 0xc0, 0x09, 0x09, 0x0e, 0xfe, 0x80, 0x0e, 0x09,
    0x09, 0x09, 0x09, 0x0e, 0x01, 0x80, 0x0e, 0x09, 0x09, 0x01, 0x60, 0x0e, 0x09, 0x09, 0x09, 0x09,
    0x0e, 0x0e, 0x09, 0x09, 0x09, 0x09, 0x0e, 0xa0, 0x0e, 0x09, 0x09, 0x09, 0x09, 0x0e, 0x0e, 0x09,
    0x09, 0x09, 0x09, 0x0e, 0xa0, 0x0e, 0x09, 0x09, 0x09, 0x09, 0x0e, 0x0e, 0x09, 0x09, 0x09, 0x09,
    0x0e, 0x00, 0x00, 0x01, 0x00, 0x1b, 0xff, 0xb9, 0x01, 0xa5, 0x01, 0xc7, 0x00, 0x1b, 0x00, 0x00,
    0x01, 0x36, 0x27, 0x26, 0x07, 0x05, 0x31, 0x06, 0x17, 0x16, 0x17, 0x33, 0x31, 0x07, 0x31, 0x06,
    0x17, 0x16, 0x37, 0x25, 0x31, 0x36, 0x27, 0x26, 0x27, 0x23, 0x31, 0x37, 0x01, 0x5d, 0x09, 0x13,
    0x15, 0x13, 0xff, 0x00, 0x10, 0x07, 0x09, 0x15, 0x70, 0x4d, 0x09, 0x13, 0x15, 0x13, 0x01, 0x00,
    0x10, 0x07, 0x08, 0x16, 0x6f, 0x4c, 0x01, 0x93, 0x17, 0x10, 0x0d, 0x0f, 0xe0, 0x0f, 0x14, 0x14,
    0x01, 0xb3, 0x17, 0x10, 0x0d, 0x0f, 0xe0, 0x0f, 0x14, 0x14, 0x01, 0xb3, 0x00, 0x02, 0xff, 0xfb,
    0xff, 0xc0, 0x01, 0xc5, 0x01, 0xc0, 0x00, 0x2c, 0x00, 0x37, 0x00, 0x00, 0x13, 0x22, 0x07, 0x31,
    0x31, 0x06, 0x15, 0x15, 0x31, 0x06, 0x07, 0x06, 0x07, 0x15, 0x31, 0x06, 0x07, 0x07, 0x31, 0x06,
    0x17, 0x16, 0x17, 0x21, 0x31, 0x36, 0x37, 0x36, 0x27, 0x27, 0x31, 0x26, 0x27, 0x35, 0x31, 0x26,
    0x27, 0x26, 0x27, 0x35, 0x31, 0x34, 0x27, 0x26, 0x23, 0x13, 0x36, 0x35, 0x23, 0x23, 0x14, 0x17,
    0x16, 0x33, 0x32, 0x37, 0xe0, 0x0e, 0x09, 0x09, 0x38, 0x23, 0x24, 0x01, 0x01, 0x2f, 0x08, 0x0d,
    0x08, 0x09, 0x14, 0x01, 0x80, 0x14, 0x09, 0x08, 0x0d, 0x07, 0x30, 0x01, 0x01, 0x24, 0x23, 0x38,
    0x09, 0x09, 0x0e, 0x2d, 0x13, 0x40, 0x40, 0x13, 0x13, 0x1a, 0x1a, 0x13, 0x01, 0xc0, 0x09, 0x09,
    0x0e, 0x13, 0x0c, 0x2b, 0x2b, 0x3b, 0x13, 0x48, 0x37, 0x09, 0x0f, 0x13, 0x12, 0x01, 0x01, 0x12,
    0x13, 0x0f, 0x09, 0x36, 0x49, 0x13, 0x3b, 0x2b, 0x2b, 0x0c, 0x13, 0x0e, 0x09, 0x09, 0xfe, 0x13,
    0x13, 0x1a, 0x1a, 0x13, 0x13, 0x13, 0x00, 0x07, 0xff, 0xfa, 0xff, 0xba, 0x02, 0x00, 0x01, 0xc6,
    0x00, 0x0c, 0x00, 0x19, 0x00, 0x26, 0x00, 0x33, 0x00, 0x40, 0x00, 0x4d, 0x00, 0x5a, 0x00, 0x00,
    0x01, 0x26, 0x27, 0x26, 0x07, 0x06, 0x07, 0x16, 0x17, 0x16, 0x37, 0x36, 0x37, 0x11, 0x26, 0x27,
    0x26, 0x07, 0x06, 0x07, 0x16, 0x17, 0x16, 0x37, 0x36, 0x37, 0x25, 0x36, 0x37, 0x36, 0x27, 0x26,
    0x27, 0x06, 0x07, 0x06, 0x17, 0x16, 0x17, 0x25, 0x26, 0x27, 0x26, 0x07, 0x06, 0x07, 0x16, 0x17,
    0x16, 0x37, 0x36, 0x37, 0x05, 0x36, 0x27, 0x26, 0x27, 0x26, 0x07, 0x06, 0x17, 0x16, 0x17, 0x16,
    0x37, 0x11, 0x36, 0x27, 0x26, 0x27, 0x26, 0x07, 0x06, 0x17, 0x16, 0x17, 0x16, 0x37, 0x13, 0x16,
    0x37, 0x36, 0x37, 0x36, 0x27, 0x26, 0x07, 0x06, 0x07, 0x06, 0x17, 0x01, 0x30, 0x01, 0x17, 0x18,
    0x18, 0x17, 0x01, 0x01, 0x17, 0x18, 0x18, 0x17, 0x01, 0x01, 0x17, 0x18, 0x18, 0x17, 0x01, 0x01,
    0x17, 0x18, 0x18, 0x17, 0x01, 0xff, 0x00, 0x1b, 0x0f, 0x0c, 0x0c, 0x0f, 0x1b, 0x1b, 0x0f, 0x0c,
    0x0c, 0x0f, 0x1b, 0x01, 0xd0, 0x01, 0x17, 0x18, 0x18, 0x17, 0x01, 0x01, 0x17, 0x18, 0x18, 0x17,
    0x01, 0xfe, 0x8f, 0x13, 0x07, 0x08, 0x1a, 0x1a, 0x14, 0x13, 0x07, 0x07, 0x1b, 0x1a, 0x14, 0x14,
    0x07, 0x07, 0x1b, 0x1b, 0x14, 0x13, 0x07, 0x07, 0x1b, 0x1a, 0x14, 0xe2, 0x14, 0x1a, 0x1b, 0x07,
    0x07, 0x13, 0x14, 0x1a, 0x1a, 0x08, 0x07, 0x13, 0x01, 0x90, 0x1b, 0x0f, 0x0c, 0x0c, 0x0f, 0x1b,
    0x1b, 0x0f, 0x0c, 0x0c, 0x0f, 0x1b, 0xfe, 0x60, 0x1b, 0x0f, 0x0c, 0x0c, 0x0f, 0x1b, 0x1b, 0x0f,
    0x0c, 0x0c, 0x0f, 0x1b, 0xa0, 0x01, 0x17, 0x18, 0x18, 0x17, 0x01, 0x01, 0x17, 0x18, 0x18, 0x17,
    0x01, 0x30, 0x1b, 0x0f, 0x0c, 0x0c, 0x0f, 0x1b, 0x1b, 0x0f, 0x0c, 0x0c, 0x0f, 0x1b, 0xb5, 0x14,
    0x1a, 0x1a, 0x08, 0x07, 0x13, 0x14, 0x1a, 0x1b, 0x07, 0x07, 0x13, 0x01, 0x26, 0x14, 0x1b, 0x1b,
    0x08, 0x06, 0x14, 0x14, 0x1a, 0x1a, 0x08, 0x07, 0x13, 0xfe, 0xda, 0x13, 0x07, 0x07, 0x1b, 0x1a,
    0x14, 0x13, 0x07, 0x08, 0x1a, 0x1a, 0x14, 0x00, 0x00, 0x02, 0x00, 0x00, 0xff, 0xe0, 0x02, 0x40,
    0x01, 0xa0, 0x00, 0x1d, 0x00, 0x33, 0x00, 0x00, 0x13, 0x26, 0x35, 0x31, 0x31, 0x34, 0x37, 0x36,
    0x33, 0x32, 0x17, 0x17, 0x31, 0x16, 0x15, 0x14, 0x07, 0x07, 0x31, 0x06, 0x23, 0x22, 0x27, 0x26,
    0x35, 0x34, 0x37, 0x37, 0x31, 0x27, 0x13, 0x29, 0x02, 0x32, 0x17, 0x16, 0x15, 0x14, 0x07, 0x06,
    0x23, 0x21, 0x31, 0x22, 0x27, 0x26, 0x35, 0x34, 0x37, 0x36, 0x33, 0x09, 0x09, 0x09, 0x0a, 0x0d,
    0x0d, 0x0a, 0xc0, 0x09, 0x09, 0xc0, 0x0a, 0x0d, 0x0d, 0x0a, 0x09, 0x09, 0xaa, 0xaa, 0xf7, 0x01,
    0x20, 0xfe, 0xe0, 0x01, 0x20, 0x0e, 0x09, 0x09, 0x09, 0x09, 0x0e, 0xfe, 0xe0, 0x0e, 0x09, 0x09,
    0x09, 0x09, 0x0e, 0x01, 0x69, 0x0a, 0x0d, 0x0d, 0x0a, 0x09, 0x09, 0xc0, 0x0a, 0x0d, 0x0d, 0x0a,
    0xc0, 0x09, 0x09, 0x0a, 0x0d, 0x0d, 0x0a, 0xa9, 0xa9, 0xfe, 0xb7, 0x09, 0x09, 0x0e, 0x0e, 0x09,
    0x09, 0x09, 0x09, 0x0e, 0x0e, 0x09, 0x09, 0x00, 0x00, 0x03, 0x00, 0x00, 0xff, 0xbe, 0x02, 0x80,
    0x01, 0xc2, 0x00, 0x16, 0x00, 0x35, 0x00, 0x54, 0x00, 0x00, 0x01, 0x26, 0x07, 0x31, 0x31, 0x06,
    0x07, 0x03, 0x31, 0x06, 0x17, 0x16, 0x17, 0x16, 0x37, 0x36, 0x37, 0x13, 0x31, 0x36, 0x27, 0x26,
    0x27, 0x17, 0x06, 0x15, 0x31, 0x31, 0x14, 0x17, 0x17, 0x31, 0x07, 0x31, 0x06, 0x15, 0x14, 0x17,
    0x16, 0x33, 0x32, 0x37, 0x37, 0x31, 0x36, 0x35, 0x34, 0x27, 0x27, 0x31, 0x26, 0x23, 0x22, 0x07,
    0x21, 0x26, 0x23, 0x31, 0x31, 0x22, 0x07, 0x07, 0x31, 0x06, 0x15, 0x14, 0x17, 0x17, 0x31, 0x16,
    0x33, 0x32, 0x37, 0x36, 0x35, 0x34, 0x27, 0x27, 0x31, 0x37, 0x31, 0x36, 0x35, 0x34, 0x27, 0x01,
    0x89, 0x0d, 0x0c, 0x0b, 0x04, 0x80, 0x03, 0x06, 0x06, 0x0d, 0x0d, 0x0c, 0x0b, 0x04, 0x80, 0x03,
    0x06, 0x06, 0x0d, 0x50, 0x09, 0x09, 0x5a, 0x5a, 0x09, 0x09, 0x0a, 0x0d, 0x0d, 0x0a, 0x70, 0x09,
    0x09, 0x70, 0x0a, 0x0d, 0x0d, 0x0a, 0xfe, 0xce, 0x0a, 0x0d, 0x0d, 0x0a, 0x70, 0x09, 0x09, 0x70,
    0x0a, 0x0d, 0x0d, 0x0a, 0x09, 0x09, 0x5a, 0x5a, 0x09, 0x09, 0x01, 0xbf, 0x03, 0x06, 0x06, 0x0d,
    0xfe, 0x40, 0x0d, 0x0c, 0x0b, 0x04, 0x03, 0x06, 0x06, 0x0d, 0x01, 0xc0, 0x0d, 0x0c, 0x0b, 0x04,
    0x78, 0x0a, 0x0d, 0x0d, 0x0a, 0x59, 0x59, 0x0a, 0x0d, 0x0d, 0x0a, 0x09, 0x09, 0x70, 0x0a, 0x0d,
    0x0d, 0x0a, 0x70, 0x09, 0x09, 0x09, 0x09, 0x70, 0x0a, 0x0d, 0x0d, 0x0a, 0x70, 0x09, 0x09, 0x0a,
    0x0d, 0x0d, 0x0a, 0x59, 0x59, 0x0a, 0x0d, 0x0d, 0x0a, 0x00, 0x00, 0x02, 0x00, 0x00, 0xff, 0xc0,
    0x01, 0xc0, 0x01, 0xc0, 0x00, 0x2d, 0x00, 0x3e, 0x00, 0x00, 0x13, 0x15, 0x35, 0x15, 0x23, 0x31,
    0x06, 0x07, 0x06, 0x07, 0x15, 0x31, 0x21, 0x31, 0x35, 0x31, 0x26, 0x27, 0x26, 0x27, 0x23, 0x31,
    0x35, 0x31, 0x34, 0x27, 0x26, 0x23, 0x22, 0x07, 0x06, 0x15, 0x15, 0x31, 0x23, 0x31, 0x35, 0x31,
    0x34, 0x27, 0x26, 0x23, 0x22, 0x07, 0x06, 0x15, 0x05, 0x29, 0x02, 0x11, 0x31, 0x16, 0x17, 0x16,
    0x17, 0x21, 0x31, 0x36, 0x37, 0x36, 0x37, 0x11, 0x60, 0x30, 0x14, 0x0e, 0x0d, 0x01, 0x01, 0xc0,
    0x01, 0x0d, 0x0e, 0x14, 0x30, 0x09, 0x09, 0x0e, 0x0e, 0x09, 0x09, 0x80, 0x09, 0x09, 0x0e, 0x0e,
    0x09, 0x09, 0x01, 0x60, 0xfe, 0x40, 0x01, 0xc0, 0xfe, 0x40, 0x01, 0x0d, 0x0e, 0x14, 0x01, 0x60,
    0x14, 0x0e, 0x0d, 0x01, 0x01, 0xa0, 0x20, 0x20, 0x20, 0x01, 0x0d, 0x0e, 0x14, 0x30, 0x30, 0x14,
    0x0e, 0x0d, 0x01, 0x20, 0x0e, 0x09, 0x09, 0x09, 0x09, 0x0e, 0x20, 0x20, 0x0e, 0x09, 0x09, 0x09,
    0x09, 0x0e, 0xa0, 0xfe, 0xf0, 0x14, 0x0e, 0x0d, 0x01, 0x01, 0x0d, 0x0e, 0x14, 0x01, 0x10, 0x00,
    0x00, 0x02, 0x00, 0x00, 0xff, 0xc0, 0x01, 0x80, 0x01, 0xc0, 0x00, 0x1d, 0x00, 0x24, 0x00, 0x00,
    0x11, 0x36, 0x37, 0x31, 0x31, 0x36, 0x37, 0x33, 0x31, 0x15, 0x31, 0x14, 0x17, 0x16, 0x33, 0x33,
    0x31, 0x11, 0x31, 0x06, 0x07, 0x06, 0x07, 0x21, 0x31, 0x26, 0x27, 0x26, 0x27, 0x11, 0x05, 0x23,
    0x33, 0x23, 0x35, 0x31, 0x17, 0x01, 0x12, 0x12, 0x1b, 0xa0, 0x09, 0x09, 0x0e, 0x80, 0x01, 0x12,
    0x12, 0x1b, 0xff, 0x00, 0x1b, 0x12, 0x12, 0x01, 0x01, 0x80, 0x80, 0x80, 0x80, 0x80, 0x01, 0x80,
    0x1b, 0x12, 0x12, 0x01, 0x80, 0x0e, 0x09, 0x09, 0xfe, 0xe0, 0x1b, 0x12, 0x12, 0x01, 0x01, 0x12,
    0x12, 0x1b, 0x01, 0x80, 0x40, 0x80, 0x80, 0x00, 0x00, 0x03, 0xff, 0xfe, 0xff, 0xbe, 0x02, 0x02,
    0x01, 0xc2, 0x00, 0x40, 0x00, 0x5b, 0x00, 0x76, 0x00, 0x00, 0x01, 0x16, 0x17, 0x17, 0x31, 0x17,
    0x31, 0x16, 0x17, 0x16, 0x07, 0x07, 0x31, 0x17, 0x31, 0x16, 0x07, 0x06, 0x07, 0x07, 0x31, 0x07,
    0x31, 0x06, 0x07, 0x06, 0x27, 0x27, 0x31, 0x07, 0x31, 0x06, 0x27, 0x26, 0x27, 0x27, 0x31, 0x27,
    0x31, 0x26, 0x27, 0x26, 0x37, 0x37, 0x31, 0x27, 0x31, 0x26, 0x37, 0x36, 0x37, 0x37, 0x31, 0x37,
    0x31, 0x36, 0x37, 0x36, 0x17, 0x17, 0x31, 0x37, 0x31, 0x36, 0x17, 0x07, 0x34, 0x37, 0x31, 0x31,
    0x36, 0x37, 0x36, 0x33, 0x32, 0x17, 0x16, 0x17, 0x16, 0x15, 0x14, 0x07, 0x06, 0x07, 0x06, 0x23,
    0x22, 0x27, 0x26, 0x27, 0x26, 0x35, 0x33, 0x34, 0x27, 0x31, 0x31, 0x26, 0x27, 0x26, 0x23, 0x22,
    0x07, 0x06, 0x07, 0x06, 0x15, 0x14, 0x17, 0x16, 0x17, 0x16, 0x33, 0x32, 0x37, 0x36, 0x37, 0x36,
    0x35, 0x01, 0x6a, 0x07, 0x02, 0x14, 0x6c, 0x08, 0x04, 0x03, 0x05, 0x3e, 0x3e, 0x05, 0x03, 0x04,
    0x08, 0x6c, 0x14, 0x02, 0x07, 0x08, 0x08, 0x5a, 0x5a, 0x08, 0x07, 0x08, 0x02, 0x14, 0x6c, 0x08,
    0x04, 0x03, 0x05, 0x3e, 0x3e, 0x05, 0x03, 0x04, 0x08, 0x6c, 0x14, 0x02, 0x08, 0x07, 0x08, 0x5a,
    0x5a, 0x08, 0x08, 0xca, 0x0d, 0x0d, 0x16, 0x17, 0x19, 0x19, 0x17, 0x16, 0x0d, 0x0d, 0x0d, 0x0d,
    0x16, 0x17, 0x19, 0x19, 0x17, 0x16, 0x0d, 0x0d, 0xe0, 0x11, 0x11, 0x1e, 0x1e, 0x22, 0x22, 0x1e,
    0x1e, 0x11, 0x11, 0x11, 0x11, 0x1e, 0x1e, 0x22, 0x22, 0x1e, 0x1e, 0x11, 0x11, 0x01, 0xbf, 0x04,
    0x08, 0x6c, 0x14, 0x02, 0x07, 0x08, 0x08, 0x5a, 0x5a, 0x08, 0x08, 0x07, 0x02, 0x14, 0x6c, 0x08,
    0x04, 0x03, 0x05, 0x3e, 0x3e, 0x05, 0x03, 0x04, 0x08, 0x6c, 0x14, 0x02, 0x07, 0x08, 0x08, 0x5a,
    0x5a, 0x08, 0x07, 0x08, 0x02, 0x14, 0x6c, 0x08, 0x04, 0x03, 0x05, 0x3e, 0x3e, 0x05, 0x03, 0xff,
    0x1a, 0x16, 0x16, 0x0d, 0x0d, 0x0d, 0x0d, 0x16, 0x16, 0x1a, 0x1a, 0x16, 0x16, 0x0d, 0x0d, 0x0d,
    0x0d, 0x16, 0x16, 0x1a, 0x23, 0x1d, 0x1d, 0x12, 0x11, 0x11, 0x12, 0x1d, 0x1d, 0x23, 0x23, 0x1d,
    0x1d, 0x12, 0x11, 0x11, 0x12, 0x1d, 0x1d, 0x23, 0x00, 0x01, 0x00, 0x00, 0xff, 0xe0, 0x01, 0x83,
    0x01, 0xa0, 0x00, 0x26, 0x00, 0x00, 0x13, 0x06, 0x07, 0x31, 0x31, 0x06, 0x07, 0x31, 0x31, 0x06,
    0x07, 0x16, 0x17, 0x16, 0x17, 0x16, 0x17, 0x36, 0x37, 0x36, 0x27, 0x26, 0x07, 0x06, 0x23, 0x26,
    0x27, 0x26, 0x27, 0x34, 0x37, 0x36, 0x37, 0x36, 0x27, 0x26, 0x27, 0x26, 0x23, 0xe0, 0x3f, 0x32,
    0x33, 0x1e, 0x1d, 0x01, 0x01, 0x1e, 0x1d, 0x33, 0x32, 0x3f, 0x5d, 0x3e, 0x08, 0x05, 0x05, 0x0c,
    0x0e, 0x10, 0x4a, 0x32, 0x31, 0x02, 0x18, 0x19, 0x28, 0x0a, 0x02, 0x03, 0x0c, 0x09, 0x0a, 0x01,
    0xa0, 0x01, 0x1e, 0x1d, 0x33, 0x32, 0x3f, 0x3f, 0x32, 0x33, 0x1d, 0x1e, 0x01, 0x02, 0x3d, 0x09,
    0x0a, 0x0a, 0x01, 0x03, 0x02, 0x32, 0x31, 0x4b, 0x32, 0x28, 0x28, 0x17, 0x06, 0x0c, 0x0a, 0x02,
    0x01, 0x00, 0x00, 0x03, 0x00, 0x00, 0xff, 0xbe, 0x02, 0x00, 0x01, 0xc2, 0x00, 0x1f, 0x00, 0x28,
    0x00, 0x31, 0x00, 0x00, 0x13, 0x36, 0x17, 0x17, 0x31, 0x16, 0x17, 0x16, 0x15, 0x15, 0x31, 0x14,
    0x07, 0x06, 0x07, 0x07, 0x31, 0x06, 0x27, 0x27, 0x31, 0x26, 0x27, 0x26, 0x35, 0x35, 0x31, 0x34,
    0x37, 0x36, 0x37, 0x37, 0x17, 0x07, 0x37, 0x07, 0x17, 0x31, 0x37, 0x31, 0x27, 0x13, 0x37, 0x07,
    0x37, 0x35, 0x31, 0x07, 0x31, 0x15, 0xeb, 0x15, 0x16, 0xc0, 0x13, 0x0b, 0x0c, 0x0c, 0x0b, 0x13,
    0xc0, 0x16, 0x16, 0xc0, 0x13, 0x0b, 0x0c, 0x0c, 0x0b, 0x14, 0xc0, 0x15, 0xae, 0xae, 0xae, 0xae,
    0xae, 0xae, 0x20, 0xa0, 0xa0, 0xa0, 0xa0, 0x01, 0xba, 0x08, 0x08, 0x44, 0x08, 0x10, 0x10, 0x15,
    0xf3, 0x14, 0x10, 0x11, 0x07, 0x44, 0x08, 0x08, 0x44, 0x07, 0x11, 0x10, 0x15, 0xf2, 0x15, 0x10,
    0x10, 0x08, 0x44, 0x3c, 0x3e, 0x3e, 0x3e, 0x3e, 0x3e, 0x3e, 0xfe, 0x8f, 0x39, 0x39, 0x39, 0xbc,
    0x39, 0xbc, 0x00, 0x03, 0x00, 0x00, 0xff, 0xc0, 0x01, 0xc0, 0x01, 0xc0, 0x00, 0x15, 0x00, 0x2a,
    0x00, 0x3e, 0x00, 0x00, 0x01, 0x15, 0x35, 0x15, 0x06, 0x07, 0x06, 0x07, 0x26, 0x27, 0x26, 0x27,
    0x35, 0x31, 0x36, 0x37, 0x36, 0x37, 0x16, 0x17, 0x16, 0x17, 0x07, 0x36, 0x37, 0x15, 0x31, 0x06,
    0x07, 0x06, 0x07, 0x26, 0x27, 0x26, 0x27, 0x35, 0x31, 0x16, 0x17, 0x16, 0x17, 0x36, 0x37, 0x05,
    0x16, 0x17, 0x16, 0x17, 0x36, 0x37, 0x36, 0x37, 0x15, 0x31, 0x06, 0x07, 0x06, 0x07, 0x26, 0x27,
    0x26, 0x27, 0x35, 0x01, 0xc0, 0x02, 0x40, 0x3f, 0x5f, 0x5f, 0x3f, 0x40, 0x02, 0x02, 0x40, 0x3f,
    0x5f, 0x5f, 0x3f, 0x40, 0x02, 0x37, 0x20, 0x17, 0x02, 0x40, 0x3f, 0x5f, 0x5f, 0x3f, 0x40, 0x02,
    0x17, 0x20, 0x46, 0x63, 0x63, 0x46, 0xfe, 0x77, 0x17, 0x20, 0x46, 0x63, 0x63, 0x46, 0x20, 0x17,
    0x02, 0x40, 0x3f, 0x5f, 0x5f, 0x3f, 0x40, 0x02, 0x01, 0x70, 0x30, 0x30, 0x30, 0x22, 0x17, 0x16,
    0x01, 0x01, 0x16, 0x17, 0x22, 0x30, 0x22, 0x17, 0x16, 0x01, 0x01, 0x16, 0x17, 0x22, 0x87, 0x0b,
    0x12, 0x66, 0x22, 0x17, 0x16, 0x01, 0x01, 0x16, 0x17, 0x22, 0x66, 0x12, 0x0b, 0x18, 0x01, 0x01,
    0x18, 0x83, 0x12, 0x0b, 0x18, 0x01, 0x01, 0x18, 0x0b, 0x12, 0x56, 0x22, 0x17, 0x16, 0x01, 0x01,
    0x16, 0x17, 0x22, 0x56, 0x00, 0x01, 0x00, 0x00, 0xff, 0xbb, 0x02, 0x02, 0x01, 0xc5, 0x00, 0x26,
    0x00, 0x00, 0x01, 0x16, 0x07, 0x03, 0x31, 0x06, 0x07, 0x06, 0x27, 0x27, 0x31, 0x07, 0x31, 0x06,
    0x27, 0x26, 0x27, 0x35, 0x31, 0x34, 0x37, 0x37, 0x31, 0x36, 0x27, 0x26, 0x07, 0x07, 0x31, 0x27,
    0x31, 0x26, 0x27, 0x34, 0x37, 0x01, 0x31, 0x36, 0x17, 0x01, 0xf2, 0x10, 0x02, 0x40, 0x03, 0x0d,
    0x0e, 0x0e, 0x78, 0x44, 0x10, 0x14, 0x13, 0x01, 0x04, 0xa8, 0x08, 0x09, 0x0a, 0x0c, 0xcb, 0x58,
    0x11, 0x01, 0x10, 0x01, 0xc0, 0x12, 0x10, 0x01, 0xba, 0x0b, 0x14, 0xfe, 0x60, 0x0f, 0x08, 0x07,
    0x06, 0x31, 0x4a, 0x0f, 0x07, 0x09, 0x15, 0x54, 0x06, 0x04, 0xb7, 0x0b, 0x0b, 0x09, 0x08, 0xb5,
    0x2c, 0x09, 0x13, 0x13, 0x0a, 0x01, 0x00, 0x09, 0x0b, 0x00, 0x00, 0x06, 0x00, 0x00, 0xff, 0xd0,
    0x02, 0x00, 0x01, 0xb0, 0x00, 0x2a, 0x00, 0x3d, 0x00, 0x50, 0x00, 0x7b, 0x00, 0x8e, 0x00, 0xb8,
    0x00, 0x00, 0x35, 0x14, 0x17, 0x31, 0x31, 0x16, 0x33, 0x33, 0x31, 0x16, 0x17, 0x16, 0x33, 0x32,
    0x37, 0x36, 0x37, 0x33, 0x31, 0x32, 0x37, 0x36, 0x35, 0x34, 0x27, 0x26, 0x23, 0x23, 0x31, 0x26,
    0x27, 0x26, 0x23, 0x22, 0x07, 0x06, 0x07, 0x23, 0x31, 0x22, 0x07, 0x06, 0x15, 0x33, 0x34, 0x37,
    0x31, 0x31, 0x36, 0x33, 0x32, 0x17, 0x16, 0x15, 0x14, 0x07, 0x06, 0x23, 0x22, 0x27, 0x26, 0x35,
    0x37, 0x34, 0x37, 0x31, 0x31, 0x36, 0x33, 0x32, 0x17, 0x16, 0x15, 0x14, 0x07, 0x06, 0x23, 0x22,
    0x27, 0x26, 0x35, 0x37, 0x22, 0x07, 0x31, 0x31, 0x06, 0x07, 0x23, 0x31, 0x22, 0x07, 0x06, 0x15,
    0x14, 0x17, 0x16, 0x33, 0x33, 0x31, 0x16, 0x17, 0x16, 0x33, 0x32, 0x37, 0x36, 0x37, 0x33, 0x31,
    0x32, 0x37, 0x36, 0x35, 0x34, 0x27, 0x26, 0x23, 0x23, 0x31, 0x26, 0x27, 0x26, 0x23, 0x27, 0x22,
    0x27, 0x31, 0x31, 0x26, 0x35, 0x34, 0x37, 0x36, 0x33, 0x32, 0x17, 0x16, 0x15, 0x14, 0x07, 0x06,
    0x23, 0x37, 0x26, 0x27, 0x31, 0x31, 0x26, 0x23, 0x22, 0x07, 0x06, 0x07, 0x23, 0x31, 0x22, 0x07,
    0x06, 0x15, 0x14, 0x17, 0x16, 0x33, 0x33, 0x31, 0x16, 0x17, 0x16, 0x33, 0x32, 0x37, 0x36, 0x37,
    0x33, 0x31, 0x32, 0x37, 0x36, 0x35, 0x34, 0x27, 0x26, 0x23, 0x23, 0x09, 0x09, 0x0e, 0x37, 0x09,
    0x14, 0x13, 0x19, 0x19, 0x13, 0x14, 0x09, 0xf7, 0x0e, 0x09, 0x09, 0x09, 0x09, 0x0e, 0xf7, 0x09,
    0x14, 0x13, 0x19, 0x19, 0x13, 0x14, 0x09, 0x37, 0x0e, 0x09, 0x09, 0x80, 0x09, 0x09, 0x0e, 0x0e,
    0x09, 0x09, 0x09, 0x09, 0x0e, 0x0e, 0x09, 0x09, 0xc0, 0x09, 0x09, 0x0e, 0x0e, 0x09, 0x09, 0x09,
    0x09, 0x0e, 0x0e, 0x09, 0x09, 0x20, 0x19, 0x13, 0x14, 0x09, 0xf7, 0x0e, 0x09, 0x09, 0x09, 0x09,
    0x0e, 0xf7, 0x09, 0x14, 0x13, 0x19, 0x19, 0x13, 0x14, 0x09, 0x37, 0x0e, 0x09, 0x09, 0x09, 0x09,
    0x0e, 0x37, 0x09, 0x14, 0x13, 0x19, 0xa0, 0x0e, 0x09, 0x09, 0x09, 0x09, 0x0e, 0x0e, 0x09, 0x09,
    0x09, 0x09, 0x0e, 0x49, 0x09, 0x14, 0x13, 0x19, 0x19, 0x13, 0x14, 0x09, 0x57, 0x0e, 0x09, 0x09,
    0x09, 0x09, 0x0e, 0x57, 0x09, 0x14, 0x13, 0x19, 0x19, 0x13, 0x14, 0x09, 0xd7, 0x0e, 0x09, 0x09,
    0x09, 0x09, 0x0e, 0xd7, 0x20, 0x0e, 0x09, 0x09, 0x16, 0x0d, 0x0d, 0x0d, 0x0d, 0x16, 0x09, 0x09,
    0x0e, 0x0e, 0x09, 0x09, 0x16, 0x0d, 0x0d, 0x0d, 0x0d, 0x16, 0x09, 0x09, 0x0e, 0x0e, 0x09, 0x09,
    0x09, 0x09, 0x0e, 0x0e, 0x09, 0x09, 0x09, 0x09, 0x0e, 0xa0, 0x0e, 0x09, 0x09, 0x09, 0x09, 0x0e,
    0x0e, 0x09, 0x09, 0x09, 0x09, 0x0e, 0x50, 0x0d, 0x0d, 0x16, 0x09, 0x09, 0x0e, 0x0e, 0x09, 0x09,
    0x16, 0x0d, 0x0d, 0x0d, 0x0d, 0x16, 0x09, 0x09, 0x0e, 0x0e, 0x09, 0x09, 0x16, 0x0d, 0x0d, 0x30,
    0x09, 0x09, 0x0e, 0x0e, 0x09, 0x09, 0x09, 0x09, 0x0e, 0x0e, 0x09, 0x09, 0x40, 0x16, 0x0d, 0x0d,
    0x0d, 0x0d, 0x16, 0x09, 0x09, 0x0e, 0x0e, 0x09, 0x09, 0x16, 0x0d, 0x0d, 0x0d, 0x0d, 0x16, 0x09,
    0x09, 0x0e, 0x0e, 0x09, 0x09, 0x00, 0x00, 0x01, 0x00, 0x00, 0xff, 0xe0, 0x01, 0xc0, 0x01, 0xa0,
    0x00, 0x3a, 0x00, 0x00, 0x25, 0x36, 0x37, 0x31, 0x31, 0x36, 0x37, 0x26, 0x27, 0x26, 0x27, 0x06,
    0x07, 0x06, 0x07, 0x14, 0x17, 0x07, 0x31, 0x26, 0x27, 0x06, 0x07, 0x06, 0x07, 0x16, 0x17, 0x16,
    0x17, 0x36, 0x37, 0x17, 0x31, 0x06, 0x15, 0x16, 0x17, 0x16, 0x17, 0x36, 0x37, 0x36, 0x37, 0x26,
    0x27, 0x26, 0x27, 0x06, 0x07, 0x27, 0x31, 0x36, 0x35, 0x34, 0x27, 0x37, 0x31, 0x16, 0x17, 0x01,
    0x60, 0x29, 0x1b, 0x1b, 0x01, 0x01, 0x1b, 0x1b, 0x29, 0x29, 0x1b, 0x1b, 0x01, 0x01, 0x5e, 0x1b,
    0x28, 0x29, 0x1b, 0x1b, 0x01, 0x01, 0x1b, 0x1b, 0x29, 0x28, 0x1b, 0x5e, 0x01, 0x01, 0x1b, 0x1b,
    0x29, 0x29, 0x1b, 0x1b, 0x01, 0x01, 0x1b, 0x1b, 0x29, 0x28, 0x1b, 0x5e, 0x01, 0x01, 0x5e, 0x1b,
    0x28, 0xe0, 0x01, 0x1b, 0x1b, 0x29, 0x29, 0x1b, 0x1b, 0x01, 0x01, 0x1b, 0x1b, 0x29, 0x06, 0x06,
    0x2f, 0x1a, 0x01, 0x01, 0x1b, 0x1b, 0x29, 0x29, 0x1b, 0x1b, 0x01, 0x01, 0x1a, 0x2f, 0x06, 0x06,
    0x29, 0x1b, 0x1b, 0x01, 0x01, 0x1b, 0x1b, 0x29, 0x29, 0x1b, 0x1b, 0x01, 0x01, 0x1a, 0x2f, 0x06,
    0x06, 0x06, 0x06, 0x2f, 0x1a, 0x01, 0x00, 0x03, 0x00, 0x00, 0xff, 0xd7, 0x02, 0x80, 0x01, 0xa0,
    0x00, 0x22, 0x00, 0x3f, 0x00, 0x4c, 0x00, 0x00, 0x37, 0x36, 0x37, 0x31, 0x31, 0x36, 0x33, 0x32,
    0x17, 0x16, 0x17, 0x16, 0x33, 0x32, 0x37, 0x36, 0x35, 0x34, 0x27, 0x26, 0x27, 0x26, 0x27, 0x06,
    0x07, 0x06, 0x07, 0x06, 0x15, 0x14, 0x17, 0x16, 0x33, 0x32, 0x37, 0x05, 0x16, 0x17, 0x16, 0x37,
    0x36, 0x37, 0x36, 0x27, 0x34, 0x27, 0x26, 0x27, 0x26, 0x23, 0x22, 0x07, 0x06, 0x07, 0x06, 0x07,
    0x06, 0x17, 0x16, 0x17, 0x16, 0x37, 0x36, 0x37, 0x17, 0x26, 0x27, 0x26, 0x07, 0x06, 0x07, 0x16,
    0x17, 0x16, 0x37, 0x36, 0x37, 0x36, 0x34, 0x44, 0x44, 0x4e, 0x4e, 0x44, 0x44, 0x34, 0x0a, 0x0d,
    0x0c, 0x0a, 0x09, 0x0a, 0x3d, 0x4f, 0x4f, 0x5b, 0x5b, 0x4f, 0x4f, 0x3d, 0x0a, 0x09, 0x0a, 0x0c,
    0x0d, 0x0a, 0x01, 0x0a, 0x57, 0x3d, 0x0b, 0x0c, 0x0d, 0x09, 0x09, 0x01, 0x0a, 0x27, 0x30, 0x31,
    0x37, 0x37, 0x31, 0x30, 0x26, 0x0a, 0x01, 0x01, 0x09, 0x09, 0x0d, 0x0c, 0x0b, 0x3d, 0x57, 0x40,
    0x01, 0x1f, 0x20, 0x20, 0x1f, 0x01, 0x01, 0x1f, 0x20, 0x20, 0x1f, 0x01, 0xf5, 0x32, 0x1c, 0x1d,
    0x1d, 0x1c, 0x32, 0x09, 0x0a, 0x0a, 0x0d, 0x0d, 0x09, 0x3b, 0x21, 0x20, 0x01, 0x01, 0x20, 0x21,
    0x3b, 0x09, 0x0d, 0x0d, 0x0a, 0x0a, 0x09, 0x35, 0x02, 0x36, 0x09, 0x01, 0x01, 0x0a, 0x0a, 0x0d,
    0x0d, 0x09, 0x22, 0x13, 0x13, 0x13, 0x13, 0x22, 0x09, 0x0d, 0x0d, 0x0a, 0x0a, 0x01, 0x01, 0x09,
    0x36, 0x02, 0xa0, 0x24, 0x13, 0x12, 0x12, 0x13, 0x24, 0x24, 0x13, 0x12, 0x12, 0x13, 0x24, 0x00,
    0x00, 0x02, 0x00, 0x00, 0xff, 0xc0, 0x01, 0xc0, 0x01, 0xc0, 0x00, 0x21, 0x00, 0x32, 0x00, 0x00,
    0x13, 0x07, 0x37, 0x07, 0x23, 0x31, 0x22, 0x07, 0x06, 0x15, 0x14, 0x17, 0x16, 0x33, 0x21, 0x31,
    0x32, 0x37, 0x36, 0x35, 0x34, 0x27, 0x26, 0x23, 0x23, 0x31, 0x27, 0x31, 0x26, 0x27, 0x23, 0x31,
    0x06, 0x07, 0x05, 0x29, 0x02, 0x13, 0x31, 0x16, 0x17, 0x16, 0x33, 0x33, 0x31, 0x32, 0x37, 0x36,
    0x37, 0x13, 0x87, 0x07, 0x07, 0x07, 0x60, 0x0e, 0x09, 0x09, 0x09, 0x09, 0x0e, 0x01, 0x80, 0x0e,
    0x09, 0x09, 0x09, 0x09, 0x0e, 0x60, 0x07, 0x09, 0x14, 0x78, 0x14, 0x09, 0x01, 0x19, 0xfe, 0x80,
    0x01, 0x80, 0xfe, 0x80, 0x15, 0x02, 0x0d, 0x0e, 0x13, 0xf6, 0x13, 0x0e, 0x0d, 0x02, 0x15, 0x01,
    0xae, 0x0e, 0x0e, 0x0e, 0x09, 0x09, 0x0e, 0x0e, 0x09, 0x09, 0x09, 0x09, 0x0e, 0x0e, 0x09, 0x09,
    0x0e, 0x11, 0x01, 0x01, 0x11, 0x6e, 0xfe, 0xad, 0x13, 0x0d, 0x0d, 0x0d, 0x0d, 0x13, 0x01, 0x53,
    0x00, 0x03, 0x00, 0x00, 0x00, 0x20, 0x02, 0x40, 0x01, 0x60, 0x00, 0x0f, 0x00, 0x35, 0x00, 0x3e,
    0x00, 0x00, 0x01, 0x16, 0x17, 0x15, 0x31, 0x06, 0x07, 0x21, 0x31, 0x26, 0x27, 0x35, 0x31, 0x36,
    0x37, 0x21, 0x25, 0x06, 0x07, 0x31, 0x31, 0x06, 0x07, 0x15, 0x31, 0x16, 0x17, 0x16, 0x17, 0x21,
    0x31, 0x36, 0x37, 0x36, 0x37, 0x35, 0x31, 0x32, 0x37, 0x36, 0x35, 0x35, 0x31, 0x34, 0x27, 0x26,
    0x23, 0x35, 0x31, 0x26, 0x27, 0x26, 0x27, 0x21, 0x05, 0x29, 0x02, 0x15, 0x31, 0x21, 0x31, 0x35,
    0x01, 0xd0, 0x0f, 0x01, 0x01, 0x0f, 0xfe, 0x80, 0x0f, 0x01, 0x01, 0x0f, 0x01, 0x80, 0xfe, 0x80,
    0x22, 0x17, 0x16, 0x01, 0x01, 0x16, 0x17, 0x22, 0x01, 0x80, 0x22, 0x17, 0x16, 0x01, 0x0e, 0x09,
    0x09, 0x09, 0x09, 0x0e, 0x01, 0x16, 0x17, 0x22, 0xfe, 0x80, 0x01, 0x10, 0xff, 0x00, 0x01, 0x00,
    0xff, 0x00, 0x01, 0x00, 0x01, 0x20, 0x01, 0x0f, 0xa0, 0x0f, 0x01, 0x01, 0x0f, 0xa0, 0x0f, 0x01,
    0x40, 0x01, 0x16, 0x17, 0x22, 0xa0, 0x22, 0x17, 0x16, 0x01, 0x01, 0x16, 0x17, 0x22, 0x10, 0x09,
    0x09, 0x0e, 0x40, 0x0e, 0x09, 0x09, 0x10, 0x22, 0x17, 0x16, 0x01, 0x60, 0x80, 0x80, 0x00, 0x03,
    0x00, 0x00, 0xff, 0xc0, 0x01, 0x80, 0x01, 0xc0, 0x00, 0x3d, 0x00, 0x4b, 0x00, 0x55, 0x00, 0x00,
    0x13, 0x22, 0x07, 0x31, 0x31, 0x06, 0x15, 0x14, 0x17, 0x16, 0x33, 0x15, 0x31, 0x16, 0x17, 0x17,
    0x31, 0x07, 0x31, 0x06, 0x07, 0x15, 0x31, 0x22, 0x07, 0x06, 0x15, 0x14, 0x17, 0x16, 0x33, 0x33,
    0x21, 0x32, 0x37, 0x36, 0x35, 0x34, 0x27, 0x26, 0x23, 0x35, 0x31, 0x26, 0x27, 0x27, 0x31, 0x37,
    0x31, 0x36, 0x37, 0x35, 0x31, 0x32, 0x37, 0x36, 0x35, 0x34, 0x27, 0x26, 0x23, 0x23, 0x07, 0x35,
    0x15, 0x35, 0x33, 0x31, 0x15, 0x31, 0x14, 0x07, 0x23, 0x31, 0x26, 0x35, 0x13, 0x36, 0x37, 0x37,
    0x31, 0x17, 0x31, 0x16, 0x17, 0x23, 0x20, 0x0e, 0x09, 0x09, 0x09, 0x09, 0x0e, 0x01, 0x2e, 0x44,
    0x44, 0x2e, 0x01, 0x0e, 0x09, 0x09, 0x09, 0x09, 0x0e, 0x20, 0x01, 0x20, 0x0e, 0x09, 0x09, 0x09,
    0x09, 0x0e, 0x01, 0x2e, 0x44, 0x44, 0x2e, 0x01, 0x0e, 0x09, 0x09, 0x09, 0x09, 0x0e, 0x20, 0xe0,
    0xc0, 0x10, 0xa0, 0x10, 0x10, 0x05, 0x07, 0x44, 0x44, 0x07, 0x05, 0xa0, 0x01, 0xc0, 0x09, 0x09,
    0x0e, 0x0e, 0x09, 0x09, 0x0b, 0x42, 0x2f, 0x44, 0x44, 0x2f, 0x42, 0x0b, 0x09, 0x09, 0x0e, 0x0e,
    0x09, 0x09, 0x09, 0x09, 0x0e, 0x0e, 0x09, 0x09, 0x0b, 0x42, 0x2f, 0x44, 0x44, 0x2f, 0x42, 0x0b,
    0x09, 0x09, 0x0e, 0x0e, 0x09, 0x09, 0x4b, 0x0b, 0x0b, 0x0b, 0x0b, 0x1d, 0x18, 0x18, 0x1d, 0xfe,
    0xcb, 0x08, 0x07, 0x44, 0x44, 0x07, 0x08, 0x00, 0x00, 0x02, 0x00, 0x00, 0xff, 0xe0, 0x02, 0x00,
    0x01, 0xa0, 0x00, 0x19, 0x00, 0x2f, 0x00, 0x00, 0x13, 0x06, 0x07, 0x31, 0x31, 0x06, 0x07, 0x11,
    0x31, 0x16, 0x17, 0x16, 0x17, 0x21, 0x31, 0x36, 0x37, 0x36, 0x37, 0x11, 0x31, 0x26, 0x27, 0x26,
    0x27, 0x21, 0x17, 0x29, 0x02, 0x32, 0x17, 0x16, 0x15, 0x14, 0x07, 0x06, 0x23, 0x21, 0x31, 0x22,
    0x27, 0x26, 0x35, 0x34, 0x37, 0x36, 0x33, 0x40, 0x1b, 0x12, 0x12, 0x01, 0x01, 0x12, 0x12, 0x1b,
    0x01, 0x80, 0x1b, 0x12, 0x12, 0x01, 0x01, 0x12, 0x12, 0x1b, 0xfe, 0x80, 0x20, 0x01, 0x40, 0xfe,
    0xc0, 0x01, 0x40, 0x0e, 0x09, 0x09, 0x09, 0x09, 0x0e, 0xfe, 0xc0, 0x0e, 0x09, 0x09, 0x09, 0x09,
    0x0e, 0x01, 0xa0, 0x01, 0x12, 0x12, 0x1b, 0xfe, 0xc0, 0x1b, 0x12, 0x12, 0x01, 0x01, 0x12, 0x12,
    0x1b, 0x01, 0x40, 0x1b, 0x12, 0x12, 0x01, 0x40, 0x09, 0x09, 0x0e, 0x0e, 0x09, 0x09, 0x09, 0x09,
    0x0e, 0x0e, 0x09, 0x09, 0x00, 0x03, 0x00, 0x00, 0xff, 0xc0, 0x02, 0x00, 0x01, 0xc0, 0x00, 0x7f,
    0x00, 0x99, 0x00, 0xa2, 0x00, 0x00, 0x13, 0x26, 0x27, 0x06, 0x07, 0x15, 0x31, 0x06, 0x07, 0x06,
    0x07, 0x23, 0x31, 0x06, 0x07, 0x16, 0x17, 0x33, 0x31, 0x15, 0x31, 0x23, 0x31, 0x06, 0x07, 0x16,
    0x17, 0x33, 0x31, 0x15, 0x31, 0x23, 0x31, 0x06, 0x07, 0x16, 0x17, 0x33, 0x31, 0x16, 0x17, 0x16,
    0x17, 0x15, 0x31, 0x16, 0x17, 0x36, 0x37, 0x35, 0x31, 0x33, 0x31, 0x15, 0x31, 0x16, 0x17, 0x36,
    0x37, 0x35, 0x31, 0x33, 0x31, 0x15, 0x31, 0x16, 0x17, 0x36, 0x37, 0x35, 0x31, 0x36, 0x37, 0x36,
    0x37, 0x33, 0x31, 0x36, 0x37, 0x26, 0x27, 0x23, 0x31, 0x35, 0x31, 0x33, 0x31, 0x36, 0x37, 0x26,
    0x27, 0x23, 0x31, 0x35, 0x31, 0x33, 0x31, 0x36, 0x37, 0x26, 0x27, 0x23, 0x31, 0x26, 0x27, 0x26,
    0x27, 0x35, 0x31, 0x26, 0x27, 0x06, 0x07, 0x15, 0x31, 0x23, 0x31, 0x35, 0x31, 0x26, 0x27, 0x06,
    0x07, 0x15, 0x31, 0x23, 0x31, 0x35, 0x07, 0x33, 0x23, 0x33, 0x32, 0x17, 0x16, 0x15, 0x15, 0x31,
    0x14, 0x07, 0x06, 0x23, 0x23, 0x31, 0x22, 0x27, 0x26, 0x35, 0x35, 0x31, 0x34, 0x37, 0x36, 0x33,
    0x17, 0x23, 0x33, 0x23, 0x15, 0x31, 0x33, 0x31, 0x35, 0xb0, 0x02, 0x16, 0x16, 0x02, 0x1b, 0x12,
    0x12, 0x01, 0x28, 0x16, 0x02, 0x02, 0x16, 0x28, 0x28, 0x16, 0x02, 0x02, 0x16, 0x28, 0x28, 0x16,
    0x02, 0x02, 0x16, 0x28, 0x01, 0x12, 0x12, 0x1b, 0x02, 0x16, 0x16, 0x02, 0x38, 0x02, 0x16, 0x16,
    0x02, 0x38, 0x02, 0x16, 0x16, 0x02, 0x1b, 0x12, 0x12, 0x01, 0x28, 0x16, 0x02, 0x02, 0x16, 0x28,
    0x28, 0x16, 0x02, 0x02, 0x16, 0x28, 0x28, 0x16, 0x02, 0x02, 0x16, 0x28, 0x01, 0x12, 0x12, 0x1b,
    0x02, 0x16, 0x16, 0x02, 0x38, 0x02, 0x16, 0x16, 0x02, 0x38, 0x10, 0xc0, 0xc0, 0xc0, 0x0e, 0x09,
    0x09, 0x09, 0x09, 0x0e, 0xc0, 0x0e, 0x09, 0x09, 0x09, 0x09, 0x0e, 0xc0, 0xc0, 0xc0, 0xc0, 0xc0,
    0x01, 0xa8, 0x16, 0x02, 0x02, 0x16, 0x28, 0x01, 0x12, 0x12, 0x1b, 0x02, 0x16, 0x16, 0x02, 0x38,
    0x02, 0x16, 0x16, 0x02, 0x38, 0x02, 0x16, 0x16, 0x02, 0x1b, 0x12, 0x12, 0x01, 0x28, 0x16, 0x02,
    0x02, 0x16, 0x28, 0x28, 0x16, 0x02, 0x02, 0x16, 0x28, 0x28, 0x16, 0x02, 0x02, 0x16, 0x28, 0x01,
    0x12, 0x12, 0x1b, 0x02, 0x16, 0x16, 0x02, 0x38, 0x02, 0x16, 0x16, 0x02, 0x38, 0x02, 0x16, 0x16,
    0x02, 0x1b, 0x12, 0x12, 0x01, 0x28, 0x16, 0x02, 0x02, 0x16, 0x28, 0x28, 0x16, 0x02, 0x02, 0x16,
    0x28, 0x28, 0x68, 0x09, 0x09, 0x0e, 0xc0, 0x0e, 0x09, 0x09, 0x09, 0x09, 0x0e, 0xc0, 0x0e, 0x09,
    0x09, 0x20, 0xc0, 0xc0, 0x00, 0x02, 0x00, 0x10, 0xff, 0xd9, 0x01, 0xf0, 0x01, 0xa7, 0x00, 0x2e,
    0x00, 0x5e, 0x00, 0x00, 0x13, 0x06, 0x07, 0x06, 0x07, 0x06, 0x27, 0x26, 0x27, 0x26, 0x37, 0x36,
    0x37, 0x36, 0x37, 0x36, 0x17, 0x16, 0x17, 0x37, 0x31, 0x36, 0x17, 0x16, 0x17, 0x15, 0x31, 0x06,
    0x07, 0x23, 0x31, 0x30, 0x31, 0x30, 0x31, 0x23, 0x31, 0x26, 0x27, 0x26, 0x37, 0x37, 0x31, 0x26,
    0x23, 0x22, 0x07, 0x07, 0x36, 0x37, 0x33, 0x39, 0x02, 0x33, 0x31, 0x16, 0x17, 0x16, 0x07, 0x07,
    0x31, 0x16, 0x33, 0x32, 0x37, 0x36, 0x37, 0x36, 0x37, 0x36, 0x17, 0x16, 0x17, 0x16, 0x07, 0x06,
    0x07, 0x06, 0x07, 0x06, 0x27, 0x26, 0x27, 0x07, 0x31, 0x06, 0x27, 0x26, 0x27, 0x35, 0x39, 0x02,
    0x35, 0x8f, 0x1a, 0x0c, 0x05, 0x0b, 0x0c, 0x0d, 0x0c, 0x06, 0x05, 0x04, 0x10, 0x25, 0x2c, 0x39,
    0x38, 0x39, 0x39, 0x2c, 0x2a, 0x0c, 0x0e, 0x0e, 0x01, 0x02, 0x16, 0x08, 0x78, 0x10, 0x06, 0x06,
    0x0b, 0x29, 0x31, 0x40, 0x3f, 0x31, 0x7f, 0x02, 0x16, 0x08, 0x78, 0x10, 0x06, 0x06, 0x0b, 0x29,
    0x31, 0x40, 0x3f, 0x31, 0x1a, 0x0c, 0x05, 0x0b, 0x0c, 0x0d, 0x0c, 0x06, 0x06, 0x05, 0x10, 0x25,
    0x2c, 0x39, 0x38, 0x39, 0x39, 0x2c, 0x2a, 0x0c, 0x0e, 0x0e, 0x01, 0x01, 0x31, 0x1b, 0x21, 0x0c,
    0x06, 0x05, 0x04, 0x05, 0x0b, 0x0c, 0x0d, 0x2e, 0x25, 0x2c, 0x0f, 0x0e, 0x0e, 0x0e, 0x2c, 0x2a,
    0x0b, 0x06, 0x06, 0x10, 0x80, 0x16, 0x02, 0x01, 0x0e, 0x0e, 0x0c, 0x29, 0x2e, 0x2f, 0xa9, 0x16,
    0x02, 0x01, 0x0e, 0x0e, 0x0c, 0x29, 0x2e, 0x2f, 0x1b, 0x21, 0x0c, 0x06, 0x05, 0x04, 0x05, 0x0b,
    0x0c, 0x0d, 0x2e, 0x25, 0x2c, 0x0f, 0x0e, 0x0e, 0x0e, 0x2c, 0x2a, 0x0b, 0x06, 0x06, 0x10, 0x78,
    0x08, 0x00, 0x00, 0x02, 0xff, 0xfd, 0xff, 0xbd, 0x01, 0xff, 0x01, 0xbf, 0x00, 0x11, 0x00, 0x24,
    0x00, 0x00, 0x01, 0x07, 0x37, 0x07, 0x17, 0x31, 0x37, 0x31, 0x36, 0x35, 0x34, 0x27, 0x27, 0x31,
    0x26, 0x23, 0x22, 0x0f, 0x02, 0x37, 0x07, 0x06, 0x07, 0x07, 0x31, 0x06, 0x17, 0x16, 0x37, 0x37,
    0x31, 0x36, 0x37, 0x37, 0x31, 0x27, 0x01, 0x6b, 0x31, 0x31, 0x31, 0x82, 0x31, 0x12, 0x12, 0x28,
    0x13, 0x1a, 0x19, 0x14, 0x47, 0xe9, 0xe9, 0xe9, 0x10, 0x07, 0x23, 0x04, 0x0a, 0x0a, 0x0e, 0x78,
    0x15, 0x10, 0xea, 0x82, 0x01, 0xad, 0x31, 0x31, 0x31, 0x82, 0x31, 0x13, 0x1a, 0x19, 0x14, 0x28,
    0x12, 0x12, 0x47, 0xea, 0xea, 0xea, 0x0f, 0x16, 0x78, 0x0e, 0x0a, 0x0a, 0x04, 0x23, 0x07, 0x0f,
    0xea, 0x82, 0x00, 0x02, 0x00, 0x00, 0xff, 0xc0, 0x02, 0x40, 0x01, 0xc0, 0x00, 0x35, 0x00, 0x3e,
    0x00, 0x00, 0x13, 0x06, 0x07, 0x31, 0x31, 0x06, 0x07, 0x11, 0x31, 0x16, 0x17, 0x16, 0x17, 0x33,
    0x31, 0x07, 0x31, 0x23, 0x31, 0x22, 0x07, 0x06, 0x15, 0x14, 0x17, 0x16, 0x33, 0x21, 0x31, 0x32,
    0x37, 0x36, 0x35, 0x34, 0x27, 0x26, 0x23, 0x23, 0x31, 0x27, 0x31, 0x33, 0x31, 0x36, 0x37, 0x36,
    0x37, 0x11, 0x31, 0x26, 0x27, 0x26, 0x27, 0x21, 0x05, 0x15, 0x35, 0x15, 0x21, 0x31, 0x35, 0x31,
    0x21, 0x40, 0x1b, 0x12, 0x12, 0x01, 0x01, 0x12, 0x12, 0x1b, 0xb0, 0x0b, 0x45, 0x0e, 0x09, 0x09,
    0x09, 0x09, 0x0e, 0x01, 0x00, 0x0e, 0x09, 0x09, 0x09, 0x09, 0x0e, 0x45, 0x0b, 0xb0, 0x1b, 0x12,
    0x12, 0x01, 0x01, 0x12, 0x12, 0x1b, 0xfe, 0x40, 0x01, 0xc0, 0xfe, 0x40, 0x01, 0xc0, 0x01, 0xc0,
    0x01, 0x12, 0x12, 0x1b, 0xfe, 0xe0, 0x1b, 0x12, 0x12, 0x01, 0x20, 0x09, 0x09, 0x0e, 0x0e, 0x09,
    0x09, 0x09, 0x09, 0x0e, 0x0e, 0x09, 0x09, 0x20, 0x01, 0x12, 0x12, 0x1b, 0x01, 0x20, 0x1b, 0x12,
    0x12, 0x01, 0x40, 0xe0, 0xe0, 0xe0, 0xe0, 0x00, 0x00, 0x01, 0x00, 0x00, 0xff, 0xc0, 0x02, 0x40,
    0x01, 0xc0, 0x00, 0x3b, 0x00, 0x00, 0x01, 0x36, 0x37, 0x31, 0x31, 0x36, 0x37, 0x16, 0x17, 0x16,
    0x17, 0x15, 0x31, 0x14, 0x17, 0x16, 0x33, 0x32, 0x37, 0x36, 0x35, 0x35, 0x31, 0x26, 0x27, 0x26,
    0x27, 0x06, 0x07, 0x06, 0x07, 0x15, 0x31, 0x23, 0x31, 0x06, 0x07, 0x06, 0x07, 0x15, 0x31, 0x16,
    0x17, 0x16, 0x17, 0x21, 0x31, 0x36, 0x37, 0x36, 0x37, 0x35, 0x31, 0x26, 0x27, 0x26, 0x27, 0x23,
    0x31, 0x35, 0x01, 0x60, 0x01, 0x16, 0x17, 0x22, 0x22, 0x17, 0x16, 0x01, 0x09, 0x09, 0x0e, 0x0e,
    0x09, 0x09, 0x02, 0x28, 0x29, 0x3d, 0x3d, 0x29, 0x28, 0x02, 0xe0, 0x1b, 0x12, 0x12, 0x01, 0x01,
    0x12, 0x12, 0x1b, 0x01, 0x40, 0x1b, 0x12, 0x12, 0x01, 0x01, 0x12, 0x12, 0x1b, 0x20, 0x01, 0x30,
    0x22, 0x17, 0x16, 0x01, 0x01, 0x16, 0x17, 0x22, 0x30, 0x0e, 0x09, 0x09, 0x09, 0x09, 0x0e, 0x30,
    0x3d, 0x29, 0x28, 0x02, 0x02, 0x28, 0x29, 0x3d, 0x30, 0x01, 0x12, 0x12, 0x1b, 0xc0, 0x1b, 0x12,
    0x12, 0x01, 0x01, 0x12, 0x12, 0x1b, 0xc0, 0x1b, 0x12, 0x12, 0x01, 0x30, 0x00, 0x03, 0x00, 0x10,
    0xff, 0xc0, 0x01, 0x70, 0x01, 0xc0, 0x00, 0x19, 0x00, 0x26, 0x00, 0x2f, 0x00, 0x00, 0x13, 0x36,
    0x37, 0x31, 0x31, 0x36, 0x37, 0x33, 0x31, 0x16, 0x17, 0x16, 0x17, 0x11, 0x31, 0x06, 0x07, 0x06,
    0x07, 0x23, 0x31, 0x26, 0x27, 0x26, 0x27, 0x11, 0x13, 0x16, 0x17, 0x33, 0x31, 0x36, 0x37, 0x26,
    0x27, 0x23, 0x31, 0x06, 0x07, 0x13, 0x23, 0x33, 0x23, 0x11, 0x31, 0x33, 0x31, 0x11, 0x10, 0x01,
    0x12, 0x12, 0x1b, 0xe0, 0x1b, 0x12, 0x12, 0x01, 0x01, 0x12, 0x12, 0x1b, 0xe0, 0x1b, 0x12, 0x12,
    0x01, 0x80, 0x01, 0x0f, 0x40, 0x0f, 0x01, 0x01, 0x0f, 0x40, 0x0f, 0x01, 0xa0, 0xe0, 0xe0, 0xe0,
    0xe0, 0x01, 0x80, 0x1b, 0x12, 0x12, 0x01, 0x01, 0x12, 0x12, 0x1b, 0xfe, 0x80, 0x1b, 0x12, 0x12,
    0x01, 0x01, 0x12, 0x12, 0x1b, 0x01, 0x80, 0xfe, 0x80, 0x0f, 0x01, 0x01, 0x0f, 0x0f, 0x01, 0x01,
    0x0f, 0x01, 0x80, 0xfe, 0xc0, 0x01, 0x40, 0x00, 0x00, 0x05, 0x00, 0x00, 0xff, 0xc0, 0x02, 0x40,
    0x01, 0xc3, 0x00, 0x18, 0x00, 0x31, 0x00, 0x4a, 0x00, 0x63, 0x00, 0x7c, 0x00, 0x00, 0x13, 0x06,
    0x15, 0x14, 0x17, 0x16, 0x07, 0x06, 0x07, 0x06, 0x27, 0x26, 0x27, 0x26, 0x35, 0x34, 0x37, 0x36,
    0x37, 0x36, 0x17, 0x16, 0x17, 0x16, 0x07, 0x25, 0x16, 0x15, 0x14, 0x07, 0x06, 0x07, 0x06, 0x27,
    0x26, 0x27, 0x26, 0x37, 0x36, 0x35, 0x34, 0x27, 0x26, 0x37, 0x36, 0x37, 0x36, 0x17, 0x16, 0x17,
    0x07, 0x06, 0x07, 0x11, 0x31, 0x14, 0x07, 0x06, 0x23, 0x22, 0x27, 0x26, 0x35, 0x11, 0x31, 0x26,
    0x27, 0x36, 0x37, 0x36, 0x37, 0x16, 0x17, 0x16, 0x17, 0x27, 0x06, 0x15, 0x14, 0x17, 0x16, 0x07,
    0x06, 0x07, 0x06, 0x27, 0x26, 0x27, 0x26, 0x35, 0x34, 0x37, 0x36, 0x37, 0x36, 0x17, 0x16, 0x17,
    0x16, 0x07, 0x25, 0x16, 0x15, 0x14, 0x07, 0x06, 0x07, 0x06, 0x27, 0x26, 0x27, 0x26, 0x37, 0x36,
    0x35, 0x34, 0x27, 0x26, 0x37, 0x36, 0x37, 0x36, 0x17, 0x16, 0x17, 0x50, 0x10, 0x10, 0x05, 0x05,
    0x05, 0x0c, 0x0d, 0x0c, 0x0c, 0x05, 0x15, 0x15, 0x05, 0x0c, 0x0c, 0x0d, 0x0c, 0x05, 0x05, 0x05,
    0x01, 0xdb, 0x15, 0x15, 0x05, 0x0c, 0x0c, 0x0d, 0x0c, 0x05, 0x05, 0x05, 0x10, 0x10, 0x05, 0x05,
    0x05, 0x0c, 0x0d, 0x0c, 0x0c, 0x05, 0xcb, 0x02, 0x1e, 0x09, 0x09, 0x0e, 0x0e, 0x09, 0x09, 0x1e,
    0x02, 0x01, 0x12, 0x12, 0x1b, 0x1b, 0x12, 0x12, 0x01, 0xb5, 0x0b, 0x0b, 0x05, 0x05, 0x05, 0x0c,
    0x0d, 0x0b, 0x0c, 0x06, 0x10, 0x10, 0x06, 0x0c, 0x0c, 0x0c, 0x0c, 0x05, 0x05, 0x05, 0x01, 0x25,
    0x10, 0x10, 0x06, 0x0c, 0x0c, 0x0c, 0x0c, 0x05, 0x05, 0x05, 0x0b, 0x0b, 0x05, 0x05, 0x05, 0x0c,
    0x0d, 0x0b, 0x0c, 0x06, 0x01, 0x94, 0x27, 0x2d, 0x2d, 0x27, 0x0d, 0x0b, 0x0c, 0x06, 0x05, 0x05,
    0x06, 0x0c, 0x32, 0x3a, 0x3a, 0x32, 0x0c, 0x05, 0x05, 0x04, 0x06, 0x0b, 0x0c, 0x0d, 0x18, 0x32,
    0x3a, 0x3a, 0x32, 0x0c, 0x05, 0x05, 0x04, 0x06, 0x0b, 0x0c, 0x0d, 0x27, 0x2d, 0x2d, 0x27, 0x0d,
    0x0b, 0x0c, 0x06, 0x05, 0x05, 0x06, 0x0c, 0x6c, 0x25, 0x12, 0xfe, 0xd7, 0x0e, 0x09, 0x09, 0x09,
    0x09, 0x0e, 0x01, 0x29, 0x12, 0x25, 0x1b, 0x12, 0x12, 0x01, 0x01, 0x12, 0x12, 0x1b, 0x33, 0x17,
    0x1c, 0x1c, 0x17, 0x0d, 0x0c, 0x0c, 0x05, 0x05, 0x04, 0x05, 0x0c, 0x24, 0x29, 0x29, 0x24, 0x0c,
    0x05, 0x04, 0x05, 0x05, 0x0c, 0x0c, 0x0d, 0x1a, 0x24, 0x29, 0x29, 0x24, 0x0c, 0x05, 0x04, 0x05,
    0x05, 0x0c, 0x0c, 0x0d, 0x17, 0x1c, 0x1c, 0x17, 0x0d, 0x0c, 0x0c, 0x05, 0x05, 0x04, 0x05, 0x0c,
    0x00, 0x05, 0x00, 0x00, 0x00, 0x00, 0x02, 0x40, 0x01, 0x80, 0x00, 0x25, 0x00, 0x5e, 0x00, 0x74,
    0x00, 0x8a, 0x00, 0xa0, 0x00, 0x00, 0x13, 0x06, 0x07, 0x31, 0x31, 0x06, 0x07, 0x15, 0x31, 0x16,
    0x17, 0x16, 0x17, 0x06, 0x07, 0x06, 0x07, 0x15, 0x31, 0x21, 0x31, 0x35, 0x31, 0x26, 0x27, 0x26,
    0x27, 0x36, 0x37, 0x36, 0x37, 0x35, 0x31, 0x26, 0x27, 0x26, 0x27, 0x21, 0x01, 0x29, 0x02, 0x15,
    0x31, 0x14, 0x17, 0x16, 0x33, 0x33, 0x31, 0x35, 0x31, 0x36, 0x37, 0x16, 0x17, 0x15, 0x31, 0x33,
    0x31, 0x35, 0x31, 0x36, 0x37, 0x16, 0x17, 0x15, 0x31, 0x33, 0x31, 0x35, 0x31, 0x36, 0x37, 0x16,
    0x17, 0x15, 0x31, 0x33, 0x31, 0x35, 0x31, 0x36, 0x37, 0x16, 0x17, 0x15, 0x31, 0x33, 0x31, 0x32,
    0x37, 0x36, 0x35, 0x35, 0x25, 0x15, 0x35, 0x15, 0x14, 0x07, 0x06, 0x23, 0x22, 0x27, 0x26, 0x35,
    0x35, 0x31, 0x34, 0x37, 0x36, 0x33, 0x32, 0x17, 0x16, 0x15, 0x33, 0x15, 0x35, 0x15, 0x14, 0x07,
    0x06, 0x23, 0x22, 0x27, 0x26, 0x35, 0x35, 0x31, 0x34, 0x37, 0x36, 0x33, 0x32, 0x17, 0x16, 0x15,
    0x33, 0x15, 0x35, 0x15, 0x14, 0x07, 0x06, 0x23, 0x22, 0x27, 0x26, 0x35, 0x35, 0x31, 0x34, 0x37,
    0x36, 0x33, 0x32, 0x17, 0x16, 0x15, 0x40, 0x1b, 0x12, 0x12, 0x01, 0x01, 0x09, 0x15, 0x01, 0x01,
    0x15, 0x09, 0x01, 0x02, 0x40, 0x01, 0x09, 0x15, 0x01, 0x01, 0x15, 0x09, 0x01, 0x01, 0x12, 0x12,
    0x1b, 0xfe, 0x40, 0x02, 0x00, 0xfd, 0xc0, 0x02, 0x40, 0xfd, 0xc0, 0x09, 0x09, 0x0e, 0x30, 0x01,
    0x0f, 0x0f, 0x01, 0x60, 0x01, 0x0f, 0x0f, 0x01, 0x60, 0x01, 0x0f, 0x0f, 0x01, 0x60, 0x01, 0x0f,
    0x0f, 0x01, 0x30, 0x0e, 0x09, 0x09, 0xfe, 0x80, 0x09, 0x09, 0x0e, 0x0e, 0x09, 0x09, 0x09, 0x09,
    0x0e, 0x0e, 0x09, 0x09, 0x80, 0x09, 0x09, 0x0e, 0x0e, 0x09, 0x09, 0x09, 0x09, 0x0e, 0x0e, 0x09,
    0x09, 0x80, 0x09, 0x09, 0x0e, 0x0e, 0x09, 0x09, 0x09, 0x09, 0x0e, 0x0e, 0x09, 0x09, 0x01, 0x80,
    0x01, 0x12, 0x12, 0x1b, 0x07, 0x0b, 0x06, 0x0e, 0x1a, 0x1a, 0x0e, 0x06, 0x0b, 0x47, 0x47, 0x0b,
    0x06, 0x0e, 0x1a, 0x1a, 0x0e, 0x06, 0x0b, 0x07, 0x1b, 0x12, 0x12, 0x01, 0xfe, 0xe0, 0x40, 0x0e,
    0x09, 0x09, 0x20, 0x0f, 0x01, 0x01, 0x0f, 0x20, 0x20, 0x0f, 0x01, 0x01, 0x0f, 0x20, 0x20, 0x0f,
    0x01, 0x01, 0x0f, 0x20, 0x20, 0x0f, 0x01, 0x01, 0x0f, 0x20, 0x09, 0x09, 0x0e, 0x40, 0xc0, 0x40,
    0x40, 0x40, 0x0e, 0x09, 0x09, 0x09, 0x09, 0x0e, 0x40, 0x0e, 0x09, 0x09, 0x09, 0x09, 0x0e, 0x40,
    0x40, 0x40, 0x0e, 0x09, 0x09, 0x09, 0x09, 0x0e, 0x40, 0x0e, 0x09, 0x09, 0x09, 0x09, 0x0e, 0x40,
    0x40, 0x40, 0x0e, 0x09, 0x09, 0x09, 0x09, 0x0e, 0x40, 0x0e, 0x09, 0x09, 0x09, 0x09, 0x0e, 0x00,
    0x00, 0x05, 0x00, 0x00, 0xff, 0xc0, 0x02, 0x00, 0x01, 0xc0, 0x00, 0x30, 0x00, 0x43, 0x00, 0x56,
    0x00, 0x69, 0x00, 0x7c, 0x00, 0x00, 0x25, 0x14, 0x39, 0x02, 0x14, 0x15, 0x06, 0x07, 0x06, 0x23,
    0x23, 0x31, 0x06, 0x07, 0x06, 0x07, 0x14, 0x17, 0x16, 0x17, 0x14, 0x17, 0x16, 0x17, 0x14, 0x07,
    0x06, 0x07, 0x22, 0x23, 0x26, 0x27, 0x26, 0x27, 0x26, 0x27, 0x36, 0x37, 0x36, 0x37, 0x36, 0x37,
    0x16, 0x17, 0x16, 0x17, 0x16, 0x17, 0x05, 0x34, 0x27, 0x31, 0x31, 0x26, 0x23, 0x22, 0x07, 0x06,
    0x15, 0x14, 0x17, 0x16, 0x33, 0x32, 0x37, 0x36, 0x35, 0x35, 0x32, 0x37, 0x31, 0x31, 0x36, 0x35,
    0x34, 0x27, 0x26, 0x23, 0x22, 0x07, 0x06, 0x15, 0x14, 0x17, 0x16, 0x33, 0x37, 0x34, 0x27, 0x31,
    0x31, 0x26, 0x23, 0x22, 0x07, 0x06, 0x15, 0x14, 0x17, 0x16, 0x33, 0x32, 0x37, 0x36, 0x35, 0x17,
    0x32, 0x37, 0x31, 0x31, 0x36, 0x35, 0x34, 0x27, 0x26, 0x23, 0x22, 0x07, 0x06, 0x15, 0x14, 0x17,
    0x16, 0x33, 0x02, 0x00, 0x01, 0x15, 0x14, 0x1c, 0x62, 0x14, 0x0e, 0x0d, 0x01, 0x01, 0x03, 0x07,
    0x01, 0x0a, 0x02, 0x0f, 0x0e, 0x18, 0x06, 0x05, 0x48, 0x39, 0x3a, 0x22, 0x22, 0x01, 0x01, 0x22,
    0x22, 0x3a, 0x39, 0x48, 0x48, 0x39, 0x3a, 0x22, 0x22, 0x01, 0xfe, 0x80, 0x09, 0x09, 0x0e, 0x0e,
    0x09, 0x09, 0x09, 0x09, 0x0e, 0x0e, 0x09, 0x09, 0x0e, 0x09, 0x09, 0x09, 0x09, 0x0e, 0x0e, 0x09,
    0x09, 0x09, 0x09, 0x0e, 0xa0, 0x09, 0x09, 0x0e, 0x0e, 0x09, 0x09, 0x09, 0x09, 0x0e, 0x0e, 0x09,
    0x09, 0x60, 0x0e, 0x09, 0x09, 0x09, 0x09, 0x0e, 0x0e, 0x09, 0x09, 0x09, 0x09, 0x0e, 0xc0, 0x01,
    0x01, 0x01, 0x1b, 0x11, 0x11, 0x01, 0x0d, 0x0e, 0x14, 0x05, 0x05, 0x0e, 0x0e, 0x01, 0x01, 0x14,
    0x16, 0x18, 0x12, 0x12, 0x02, 0x01, 0x22, 0x22, 0x3a, 0x39, 0x48, 0x48, 0x39, 0x3a, 0x22, 0x22,
    0x01, 0x01, 0x22, 0x22, 0x3a, 0x39, 0x48, 0x20, 0x0e, 0x09, 0x09, 0x09, 0x09, 0x0e, 0x0e, 0x09,
    0x09, 0x09, 0x09, 0x0e, 0x60, 0x09, 0x09, 0x0e, 0x0e, 0x09, 0x09, 0x09, 0x09, 0x0e, 0x0e, 0x09,
    0x09, 0x60, 0x0e, 0x09, 0x09, 0x09, 0x09, 0x0e, 0x0e, 0x09, 0x09, 0x09, 0x09, 0x0e, 0x60, 0x09,
    0x09, 0x0e, 0x0e, 0x09, 0x09, 0x09, 0x09, 0x0e, 0x0e, 0x09, 0x09, 0x00, 0x00, 0x08, 0x00, 0x00,
    0xff, 0xc0, 0x02, 0x80, 0x01, 0xc0, 0x00, 0x28, 0x00, 0x34, 0x00, 0x40, 0x00, 0x4c, 0x00, 0x59,
    0x00, 0x66, 0x00, 0x78, 0x00, 0x8a, 0x00, 0x00, 0x01, 0x32, 0x17, 0x31, 0x31, 0x16, 0x15, 0x15,
    0x31, 0x33, 0x31, 0x16, 0x17, 0x16, 0x17, 0x11, 0x31, 0x06, 0x07, 0x06, 0x07, 0x21, 0x31, 0x26,
    0x27, 0x26, 0x27, 0x11, 0x31, 0x36, 0x37, 0x36, 0x37, 0x33, 0x31, 0x35, 0x31, 0x34, 0x37, 0x36,
    0x33, 0x03, 0x06, 0x07, 0x16, 0x17, 0x33, 0x31, 0x36, 0x37, 0x26, 0x27, 0x23, 0x33, 0x06, 0x07,
    0x16, 0x17, 0x33, 0x31, 0x36, 0x37, 0x26, 0x27, 0x23, 0x33, 0x06, 0x07, 0x16, 0x17, 0x33, 0x31,
    0x36, 0x37, 0x26, 0x27, 0x23, 0x27, 0x26, 0x27, 0x26, 0x07, 0x06, 0x07, 0x16, 0x17, 0x16, 0x37,
    0x36, 0x37, 0x17, 0x36, 0x37, 0x36, 0x27, 0x26, 0x27, 0x06, 0x07, 0x06, 0x17, 0x16, 0x17, 0x25,
    0x33, 0x23, 0x33, 0x15, 0x31, 0x23, 0x31, 0x26, 0x27, 0x26, 0x27, 0x35, 0x31, 0x36, 0x37, 0x36,
    0x37, 0x21, 0x16, 0x17, 0x31, 0x31, 0x16, 0x17, 0x15, 0x31, 0x06, 0x07, 0x06, 0x07, 0x23, 0x31,
    0x35, 0x31, 0x33, 0x01, 0x40, 0x0e, 0x09, 0x09, 0x78, 0x1f, 0x14, 0x14, 0x01, 0x01, 0x14, 0x14,
    0x1f, 0xfe, 0xd0, 0x1f, 0x14, 0x14, 0x01, 0x01, 0x14, 0x14, 0x1f, 0x78, 0x09, 0x09, 0x0e, 0x70,
    0x0f, 0x01, 0x01, 0x0f, 0x20, 0x0f, 0x01, 0x01, 0x0f, 0x20, 0x60, 0x0f, 0x01, 0x01, 0x0f, 0x20,
    0x0f, 0x01, 0x01, 0x0f, 0x20, 0x60, 0x0f, 0x01, 0x01, 0x0f, 0x20, 0x0f, 0x01, 0x01, 0x0f, 0x20,
    0x88, 0x01, 0x13, 0x14, 0x14, 0x13, 0x01, 0x01, 0x13, 0x14, 0x14, 0x13, 0x01, 0x98, 0x17, 0x0c,
    0x0a, 0x0a, 0x0c, 0x17, 0x17, 0x0c, 0x0a, 0x0a, 0x0c, 0x17, 0xfe, 0x90, 0x10, 0x10, 0x10, 0x10,
    0x14, 0x0e, 0x0d, 0x01, 0x01, 0x0d, 0x0e, 0x14, 0x02, 0x20, 0x14, 0x0e, 0x0d, 0x01, 0x01, 0x0d,
    0x0e, 0x14, 0x10, 0x10, 0x01, 0xc0, 0x09, 0x09, 0x0e, 0x40, 0x01, 0x14, 0x14, 0x1f, 0xfe, 0xf0,
    0x1f, 0x14, 0x14, 0x01, 0x01, 0x14, 0x14, 0x1f, 0x01, 0x10, 0x1f, 0x14, 0x14, 0x01, 0x40, 0x0e,
    0x09, 0x09, 0xfe, 0x80, 0x01, 0x0f, 0x0f, 0x01, 0x01, 0x0f, 0x0f, 0x01, 0x01, 0x0f, 0x0f, 0x01,
    0x01, 0x0f, 0x0f, 0x01, 0x01, 0x0f, 0x0f, 0x01, 0x01, 0x0f, 0x0f, 0x01, 0x80, 0x17, 0x0c, 0x0a,
    0x0a, 0x0c, 0x17, 0x17, 0x0c, 0x0a, 0x0a, 0x0c, 0x17, 0x28, 0x01, 0x13, 0x14, 0x14, 0x13, 0x01,
    0x01, 0x13, 0x14, 0x14, 0x13, 0x01, 0x48, 0xc0, 0x01, 0x0d, 0x0e, 0x14, 0x60, 0x14, 0x0e, 0x0d,
    0x01, 0x01, 0x0d, 0x0e, 0x14, 0x60, 0x14, 0x0e, 0x0d, 0x01, 0xc0, 0x00, 0x00, 0x03, 0x00, 0x20,
    0xff, 0xbb, 0x02, 0x20, 0x01, 0xc5, 0x00, 0x13, 0x00, 0x2c, 0x00, 0x46, 0x00, 0x00, 0x01, 0x36,
    0x17, 0x17, 0x31, 0x16, 0x17, 0x06, 0x07, 0x07, 0x31, 0x06, 0x27, 0x27, 0x31, 0x26, 0x27, 0x36,
    0x37, 0x37, 0x17, 0x17, 0x27, 0x17, 0x16, 0x17, 0x06, 0x07, 0x07, 0x31, 0x06, 0x27, 0x27, 0x31,
    0x26, 0x27, 0x36, 0x37, 0x37, 0x31, 0x17, 0x31, 0x16, 0x37, 0x37, 0x07, 0x37, 0x07, 0x37, 0x17,
    0x31, 0x16, 0x17, 0x06, 0x07, 0x07, 0x31, 0x06, 0x27, 0x27, 0x31, 0x26, 0x27, 0x36, 0x37, 0x37,
    0x31, 0x17, 0x31, 0x16, 0x37, 0x01, 0x09, 0x17, 0x18, 0xda, 0x0d, 0x01, 0x01, 0x0d, 0xdb, 0x17,
    0x18, 0xda, 0x0d, 0x01, 0x01, 0x0d, 0xdb, 0xd4, 0x35, 0x35, 0x35, 0x0d, 0x01, 0x01, 0x0d, 0xdb,
    0x17, 0x18, 0xda, 0x0d, 0x01, 0x01, 0x0d, 0x35, 0x98, 0x25, 0x25, 0x98, 0x98, 0x98, 0x98, 0x98,
    0x35, 0x0d, 0x01, 0x01, 0x0d, 0xdb, 0x17, 0x18, 0xda, 0x0d, 0x01, 0x01, 0x0d, 0x35, 0x98, 0x25,
    0x25, 0x01, 0xbb, 0x0a, 0x0a, 0x65, 0x07, 0x0f, 0x0f, 0x07, 0x65, 0x0a, 0x0a, 0x65, 0x07, 0x0f,
    0x0f, 0x07, 0x65, 0xcd, 0x18, 0x18, 0x18, 0x07, 0x0f, 0x0f, 0x07, 0x65, 0x0a, 0x0a, 0x65, 0x07,
    0x0f, 0x0f, 0x07, 0x18, 0x46, 0x10, 0x10, 0x46, 0xc6, 0x46, 0x46, 0x46, 0x18, 0x07, 0x0f, 0x0f,
    0x07, 0x65, 0x0a, 0x0a, 0x65, 0x07, 0x0f, 0x0f, 0x07, 0x18, 0x46, 0x10, 0x10, 0x00, 0x00, 0x06,
    0x00, 0x00, 0xff, 0xc0, 0x02, 0x00, 0x01, 0xc0, 0x00, 0x1a, 0x00, 0x2d, 0x00, 0x4a, 0x00, 0x5d,
    0x00, 0x70, 0x00, 0x83, 0x00, 0x00, 0x35, 0x36, 0x37, 0x31, 0x31, 0x36, 0x37, 0x36, 0x33, 0x32,
    0x17, 0x16, 0x17, 0x16, 0x17, 0x06, 0x07, 0x06, 0x07, 0x06, 0x23, 0x22, 0x27, 0x26, 0x27, 0x26,
    0x27, 0x25, 0x34, 0x27, 0x31, 0x31, 0x26, 0x23, 0x22, 0x07, 0x06, 0x15, 0x14, 0x17, 0x16, 0x33,
    0x32, 0x37, 0x36, 0x35, 0x03, 0x36, 0x37, 0x31, 0x31, 0x36, 0x37, 0x26, 0x27, 0x37, 0x31, 0x36,
    0x27, 0x26, 0x07, 0x07, 0x31, 0x22, 0x31, 0x22, 0x31, 0x06, 0x07, 0x06, 0x07, 0x16, 0x17, 0x16,
    0x17, 0x03, 0x34, 0x27, 0x31, 0x31, 0x26, 0x23, 0x22, 0x07, 0x06, 0x15, 0x14, 0x17, 0x16, 0x33,
    0x32, 0x37, 0x36, 0x35, 0x07, 0x32, 0x37, 0x31, 0x31, 0x36, 0x35, 0x34, 0x27, 0x26, 0x23, 0x22,
    0x07, 0x06, 0x15, 0x14, 0x17, 0x16, 0x33, 0x25, 0x34, 0x27, 0x31, 0x31, 0x26, 0x23, 0x22, 0x07,
    0x06, 0x15, 0x14, 0x17, 0x16, 0x33, 0x32, 0x37, 0x36, 0x35, 0x01, 0x21, 0x22, 0x3c, 0x3d, 0x43,
    0x43, 0x3d, 0x3c, 0x22, 0x21, 0x01, 0x01, 0x21, 0x22, 0x3c, 0x3d, 0x43, 0x43, 0x3d, 0x3c, 0x22,
    0x21, 0x01, 0x01, 0x20, 0x09, 0x09, 0x0e, 0x0e, 0x09, 0x09, 0x09, 0x09, 0x0e, 0x0e, 0x09, 0x09,
    0x20, 0x1b, 0x12, 0x12, 0x01, 0x01, 0x11, 0x40, 0x07, 0x13, 0x15, 0x0b, 0x40, 0x01, 0x01, 0x1b,
    0x12, 0x12, 0x01, 0x01, 0x12, 0x12, 0x1b, 0x50, 0x09, 0x09, 0x0e, 0x0e, 0x09, 0x09, 0x09, 0x09,
    0x0e, 0x0e, 0x09, 0x09, 0x50, 0x0e, 0x09, 0x09, 0x09, 0x09, 0x0e, 0x0e, 0x09, 0x09, 0x09, 0x09,
    0x0e, 0x01, 0x60, 0x09, 0x09, 0x0e, 0x0e, 0x09, 0x09, 0x09, 0x09, 0x0e, 0x0e, 0x09, 0x09, 0xc0,
    0x46, 0x3a, 0x3a, 0x24, 0x22, 0x22, 0x24, 0x3a, 0x3a, 0x46, 0x46, 0x3a, 0x3a, 0x24, 0x22, 0x22,
    0x24, 0x3a, 0x3a, 0x46, 0xa0, 0x0e, 0x09, 0x09, 0x09, 0x09, 0x0e, 0x0e, 0x09, 0x09, 0x09, 0x09,
    0x0e, 0xfe, 0xc0, 0x01, 0x12, 0x12, 0x1b, 0x1b, 0x12, 0x91, 0x15, 0x0b, 0x07, 0x13, 0x92, 0x01,
    0x12, 0x12, 0x1b, 0x1b, 0x12, 0x12, 0x01, 0x01, 0x10, 0x0e, 0x09, 0x09, 0x09, 0x09, 0x0e, 0x0e,
    0x09, 0x09, 0x09, 0x09, 0x0e, 0x90, 0x09, 0x09, 0x0e, 0x0e, 0x09, 0x09, 0x09, 0x09, 0x0e, 0x0e,
    0x09, 0x09, 0x20, 0x0e, 0x09, 0x09, 0x09, 0x09, 0x0e, 0x0e, 0x09, 0x09, 0x09, 0x09, 0x0e, 0x00,
    0x00, 0x02, 0x00, 0x00, 0xff, 0xdb, 0x02, 0x47, 0x01, 0xa5, 0x00, 0x1c, 0x00, 0x3e, 0x00, 0x00,
    0x01, 0x16, 0x17, 0x11, 0x31, 0x06, 0x07, 0x06, 0x27, 0x27, 0x31, 0x23, 0x31, 0x26, 0x27, 0x26,
    0x27, 0x35, 0x31, 0x36, 0x37, 0x36, 0x37, 0x33, 0x31, 0x37, 0x31, 0x36, 0x1f, 0x02, 0x27, 0x17,
    0x37, 0x31, 0x36, 0x17, 0x16, 0x07, 0x07, 0x31, 0x17, 0x31, 0x16, 0x07, 0x06, 0x27, 0x27, 0x31,
    0x07, 0x31, 0x06, 0x27, 0x26, 0x37, 0x37, 0x31, 0x27, 0x31, 0x26, 0x37, 0x36, 0x17, 0x01, 0x2d,
    0x12, 0x01, 0x01, 0x12, 0x13, 0x0f, 0x87, 0x44, 0x1b, 0x12, 0x12, 0x01, 0x01, 0x12, 0x12, 0x1b,
    0x44, 0x87, 0x0f, 0x13, 0x7c, 0x37, 0x37, 0x37, 0x37, 0x11, 0x11, 0x0e, 0x0e, 0x37, 0x37, 0x0e,
    0x0e, 0x11, 0x11, 0x37, 0x37, 0x11, 0x11, 0x0e, 0x0e, 0x37, 0x37, 0x0e, 0x0e, 0x11, 0x11, 0x01,
    0x9d, 0x09, 0x14, 0xfe, 0x80, 0x14, 0x09, 0x08, 0x0d, 0x78, 0x01, 0x12, 0x12, 0x1b, 0x40, 0x1b,
    0x12, 0x12, 0x01, 0x78, 0x0d, 0x08, 0x84, 0x37, 0x37, 0x37, 0x37, 0x0e, 0x0e, 0x11, 0x11, 0x37,
    0x37, 0x11, 0x11, 0x0e, 0x0e, 0x37, 0x37, 0x0e, 0x0e, 0x11, 0x11, 0x37, 0x37, 0x11, 0x11, 0x0e,
    0x0e, 0x00, 0x00, 0x00, 0x00, 0x00, 0x00, 0x0b, 0x00, 0x8a, 0x00, 0x03, 0x00, 0x01, 0x04, 0x09,
    0x00, 0x00, 0x00, 0x34, 0x00, 0x00, 0x00, 0x03, 0x00, 0x01, 0x04, 0x09, 0x00, 0x01, 0x00, 0x32,
    0x00, 0x34, 0x00, 0x03, 0x00, 0x01, 0x04, 0x09, 0x00, 0x02, 0x00, 0x0a, 0x00, 0x66, 0x00, 0x03,
    0x00, 0x01, 0x04, 0x09, 0x00, 0x03, 0x00, 0x3e, 0x00, 0x70, 0x00, 0x03, 0x00, 0x01, 0x04, 0x09,
    0x00, 0x04, 0x00, 0x32, 0x00, 0x34, 0x00, 0x03, 0x00, 0x01, 0x04, 0x09, 0x00, 0x05, 0x00, 0x64,
    0x00, 0xae, 0x00, 0x03, 0x00, 0x01, 0x04, 0x09, 0x00, 0x06, 0x00, 0x2c, 0x01, 0x12, 0x00, 0x03,
    0x00, 0x01, 0x04, 0x09, 0x00, 0x0a, 0x00, 0x58, 0x01, 0x3e, 0x00, 0x03, 0x00, 0x01, 0x04, 0x09,
    0x00, 0x0b, 0x00, 0x2e, 0x01, 0x96, 0x00, 0x03, 0x00, 0x01, 0x04, 0x09, 0x00, 0x10, 0x00, 0x26,
    0x01, 0xc4, 0x00, 0x03, 0x00, 0x01, 0x04, 0x09, 0x00, 0x11, 0x00, 0x0a, 0x00, 0x66, 0x00, 0x43,
    0x00, 0x6f, 0x00, 0x70, 0x00, 0x79, 0x00, 0x72, 0x00, 0x69, 0x00, 0x67, 0x00, 0x68, 0x00, 0x74,
    0x00, 0x20, 0x00, 0x28, 0x00, 0x63, 0x00, 0x29, 0x00, 0x20, 0x00, 0x46, 0x00, 0x6f, 0x00, 0x6e,
    0x00, 0x74, 0x00, 0x20, 0x00, 0x41, 0x00, 0x77, 0x00, 0x65, 0x00, 0x73, 0x00, 0x6f, 0x00, 0x6d,
    0x00, 0x65, 0x00, 0x46, 0x00, 0x6f, 0x00, 0x6e, 0x00, 0x74, 0x00, 0x20, 0x00, 0x41, 0x00, 0x77,
    0x00, 0x65, 0x00, 0x73, 0x00, 0x6f, 0x00, 0x6d, 0x00, 0x65, 0x00, 0x20, 0x00, 0x36, 0x00, 0x20,
    0x00, 0x46, 0x00, 0x72, 0x00, 0x65, 0x00, 0x65, 0x00, 0x20, 0x00, 0x53, 0x00, 0x6f, 0x00, 0x6c,
    0x00, 0x69, 0x00, 0x64, 0x00, 0x53, 0x00, 0x6f, 0x00, 0x6c, 0x00, 0x69, 0x00, 0x64, 0x00, 0x46,
    0x00, 0x6f, 0x00, 0x6e, 0x00, 0x74, 0x00, 0x20, 0x00, 0x41, 0x00, 0x77, 0x00, 0x65, 0x00, 0x73,
    0x00, 0x6f, 0x00, 0x6d, 0x00, 0x65, 0x00, 0x20, 0x00, 0x36, 0x00, 0x20, 0x00, 0x46, 0x00, 0x72,
    0x00, 0x65, 0x00, 0x65, 0x00, 0x20, 0x00, 0x53, 0x00, 0x6f, 0x00, 0x6c, 0x00, 0x69, 0x00, 0x64,
    0x00, 0x2d, 0x00, 0x36, 0x00, 0x2e, 0x00, 0x37, 0x00, 0x2e, 0x00, 0x32, 0x00, 0x56, 0x00, 0x65,
    0x00, 0x72, 0x00, 0x73, 0x00, 0x69, 0x00, 0x6f, 0x00, 0x6e, 0x00, 0x20, 0x00, 0x37, 0x00, 0x37,
    0x00, 0x35, 0x00, 0x2e, 0x00, 0x30, 0x00, 0x31, 0x00, 0x39, 0x00, 0x35, 0x00, 0x33, 0x00, 0x31,
    0x00, 0x32, 0x00, 0x35, 0x00, 0x20, 0x00, 0x28, 0x00, 0x46, 0x00, 0x6f, 0x00, 0x6e, 0x00, 0x74,
    0x00, 0x20, 0x00, 0x41, 0x00, 0x77, 0x00, 0x65, 0x00, 0x73, 0x00, 0x6f, 0x00, 0x6d, 0x00, 0x65,
    0x00, 0x20, 0x00, 0x76, 0x00, 0x65, 0x00, 0x72, 0x00, 0x73, 0x00, 0x69, 0x00, 0x6f, 0x00, 0x6e,
    0x00, 0x3a, 0x00, 0x20, 0x00, 0x36, 0x00, 0x2e, 0x00, 0x37, 0x00, 0x2e, 0x00, 0x32, 0x00, 0x29,
    0x00, 0x46, 0x00, 0x6f, 0x00, 0x6e, 0x00, 0x74, 0x00, 0x41, 0x00, 0x77, 0x00, 0x65, 0x00, 0x73,
    0x00, 0x6f, 0x00, 0x6d, 0x00, 0x65, 0x00, 0x36, 0x00, 0x46, 0x00, 0x72, 0x00, 0x65, 0x00, 0x65,
    0x00, 0x2d, 0x00, 0x53, 0x00, 0x6f, 0x00, 0x6c, 0x00, 0x69, 0x00, 0x64, 0x00, 0x54, 0x00, 0x68,
    0x00, 0x65, 0x00, 0x20, 0x00, 0x77, 0x00, 0x65, 0x00, 0x62, 0x00, 0x27, 0x00, 0x73, 0x00, 0x20,
    0x00, 0x6d, 0x00, 0x6f, 0x00, 0x73, 0x00, 0x74, 0x00, 0x20, 0x00, 0x70, 0x00, 0x6f, 0x00, 0x70,
    0x00, 0x75, 0x00, 0x6c, 0x00, 0x61, 0x00, 0x72, 0x00, 0x20, 0x00, 0x69, 0x00, 0x63, 0x00, 0x6f,
    0x00, 0x6e, 0x00, 0x20, 0x00, 0x73, 0x00, 0x65, 0x00, 0x74, 0x00, 0x20, 0x00, 0x61, 0x00, 0x6e,
    0x00, 0x64, 0x00, 0x20, 0x00, 0x74, 0x00, 0x6f, 0x00, 0x6f, 0x00, 0x6c, 0x00, 0x6b, 0x00, 0x69,
    0x00, 0x74, 0x00, 0x2e, 0x00, 0x68, 0x00, 0x74, 0x00, 0x74, 0x00, 0x70, 0x00, 0x73, 0x00, 0x3a,
    0x00, 0x2f, 0x00, 0x2f, 0x00, 0x66, 0x00, 0x6f, 0x00, 0x6e, 0x00, 0x74, 0x00, 0x61, 0x00, 0x77,
    0x00, 0x65, 0x00, 0x73, 0x00, 0x6f, 0x00, 0x6d, 0x00, 0x65, 0x00, 0x2e, 0x00, 0x63, 0x00, 0x6f,
    0x00, 0x6d, 0x00, 0x46, 0x00, 0x6f, 0x00, 0x6e, 0x00, 0x74, 0x00, 0x20, 0x00, 0x41, 0x00, 0x77,
    0x00, 0x65, 0x00, 0x73, 0x00, 0x6f, 0x00, 0x6d, 0x00, 0x65, 0x00, 0x20, 0x00, 0x36, 0x00, 0x20,
    0x00, 0x46, 0x00, 0x72, 0x00, 0x65, 0x00, 0x65, 0x00, 0x03, 0x00, 0x00, 0x00, 0x00, 0x00, 0x00,
    0xff, 0xdb, 0x00, 0x19, 0x00, 0x00, 0x00, 0x00, 0x00, 0x00, 0x00, 0x00, 0x00, 0x00, 0x00, 0x00,
    0x00, 0x00, 0x00, 0x00, 0x00, 0x00, 0x00, 0x00,
};

// Inclusive range spanning every embedded icon, for ImGui's glyph ranges.
constexpr unsigned short kIconFirst = 0xE2CA;
constexpr unsigned short kIconLast  = 0xF6A9;

} // namespace aimgui::font_data
